Binder Name,Binder Type,Name,Set code,Set name,Collector number,Foil,Rarity,Quantity,ManaBox ID,Scryfall ID,Purchase price,Misprint,Altered,Condition,Language,Purchase price currency
Le commencement,binder,Adarkar Wastes,6ED,Classic Sixth Edition,319,normal,rare,1,35058,764eff32-466f-4443-a3db-1007f446980b,6.07,false,false,near_mint,fr,EUR
Le commencement,binder,Underground River,7ED,Seventh Edition,350,normal,rare,1,32456,1b496660-5a5d-4dec-93ca-60e6b1286221,6.29,false,false,near_mint,fr,EUR
Le commencement,binder,Sulfurous Springs,9ED,Ninth Edition,325,normal,rare,1,28038,d5da34c3-53c7-401a-8f7e-f3cc8a42c888,2.76,false,false,near_mint,fr,EUR
Le commencement,binder,Battlefield Forge,10E,Tenth Edition,348,normal,rare,1,25681,e0df1e5f-8cef-4e13-babf-4254a85ac46b,1.37,false,false,near_mint,fr,EUR
Le commencement,binder,"Urborg, Tomb of Yawgmoth",PLC,Planar Chaos,165,normal,rare,1,26369,19e1224f-82cb-4f41-8739-f880cba61bbb,29.24,false,false,near_mint,fr,EUR
Le commencement,binder,Pendelhaven,TSB,Time Spiral Timeshifted,120,normal,special,1,26901,32fd7a5c-2881-4d37-9eea-5f7e44dea812,2.36,false,false,near_mint,fr,EUR
Le commencement,binder,Mosswort Bridge,LRW,Lorwyn,270,normal,rare,1,25172,38234590-812c-4d29-80c1-32b9e1282580,0.67,false,false,near_mint,fr,EUR
Le commencement,binder,Dreadship Reef,TSR,Time Spiral Remastered,276,normal,uncommon,1,57535,18642a9e-ac45-402b-bb56-08cb6336c485,0.11,false,false,near_mint,fr,EUR
Le commencement,binder,Urza's Power Plant,9ED,Ninth Edition,328,normal,uncommon,2,28035,3115c04a-ac26-4361-aecd-c6fb5f03a96f,0.68,false,false,near_mint,fr,EUR
Le commencement,binder,Quicksand,10E,Tenth Edition,356,normal,uncommon,1,25671,8a8042ec-5306-4851-9854-f05ed7e1acf6,0.12,false,false,near_mint,fr,EUR
Le commencement,binder,Llanowar Reborn,FUT,Future Sight,171,normal,uncommon,1,26166,04d07c6b-1afa-4321-b4f9-f22e81a0b818,0.41,false,false,near_mint,fr,EUR
Le commencement,binder,Temple of the False God,SCG,Scourge,143,normal,uncommon,1,30545,d7036f51-10a6-4036-8650-9bc12d2a55cb,0.2,false,false,near_mint,fr,EUR
Le commencement,binder,Boros Garrison,RAV,Ravnica: City of Guilds,275,foil,common,1,27735,7dfe3f03-078f-44fb-89cd-efa3ebfaf637,3.88,false,false,near_mint,fr,EUR
Le commencement,binder,Azorius Chancery,DIS,Dissension,170,foil,common,1,27255,e58365d2-e4db-444b-b1a9-795668ad3038,1.83,false,false,near_mint,fr,EUR
Le commencement,binder,Desert,TSB,Time Spiral Timeshifted,118,normal,special,1,26903,fb89de70-d0e6-49ec-8aa9-1d31d3df1646,1.59,false,false,near_mint,fr,EUR
Le commencement,binder,Simic Growth Chamber,DIS,Dissension,180,normal,common,1,27245,407d0a0c-a6be-4bd5-8355-1715698c6bde,0.35,false,false,near_mint,fr,EUR
Le commencement,binder,Gruul Turf,GPT,Guildpact,158,normal,common,1,27437,550b70e0-ebd5-49de-b62c-5224b8bf8e98,0.27,false,false,near_mint,fr,EUR
Le commencement,binder,Dimir Aqueduct,RAV,Ravnica: City of Guilds,276,normal,common,1,27734,df3c3d56-8291-407e-87a1-94b7d12811fd,0.22,false,false,near_mint,fr,EUR
Le commencement,binder,"Nivix, Aerie of the Firemind",GPT,Guildpact,160,normal,uncommon,1,27435,3849ddda-400b-4543-8c31-941e65aa5ad1,0.19,false,false,near_mint,fr,EUR
Le commencement,binder,"Orzhova, the Church of Deals",GPT,Guildpact,162,normal,uncommon,1,27433,9015cc09-56c9-4d8f-b241-a0cfaec7e1f1,0.08,false,false,near_mint,fr,EUR
Le commencement,binder,"Prahv, Spires of Order",DIS,Dissension,177,normal,uncommon,1,27248,2a315f63-96ad-4a5f-8eb4-d81361797348,0.24,false,false,near_mint,fr,EUR
Le commencement,binder,"Rix Maadi, Dungeon Palace",DIS,Dissension,179,normal,uncommon,1,27246,c0f56ce7-1974-417e-a4cb-c9d9a9509039,0.2,false,false,near_mint,fr,EUR
Le commencement,binder,Tree of Tales,MRD,Mirrodin,285,normal,common,1,29760,94db07aa-43d3-41b5-924e-60f1756b9c69,0.56,false,false,near_mint,fr,EUR
Le commencement,binder,Lonely Sandbar,ONS,Onslaught,320,normal,common,1,30983,d8ddab06-aff7-4c40-bcaa-10cbfe899dd9,0.14,false,false,near_mint,fr,EUR
Le commencement,binder,Tranquil Thicket,ONS,Onslaught,326,normal,common,1,30977,afcb7cef-8aeb-4c84-88e9-6df17768e292,0.25,false,false,near_mint,fr,EUR
Le commencement,binder,Forgotten Cave,ONS,Onslaught,317,normal,common,1,30986,c5202668-a32c-4473-b272-e86264992576,0.23,false,false,near_mint,fr,EUR
Le commencement,binder,Secluded Steppe,ONS,Onslaught,324,normal,common,1,30979,ea454280-f7f4-4315-bb46-b56050c02c97,0.19,false,false,near_mint,fr,EUR
Le commencement,binder,Barren Moor,ONS,Onslaught,312,normal,common,1,30991,45be3811-a223-4c45-9b24-0317f2d53c60,0.18,false,false,near_mint,fr,EUR
Le commencement,binder,Cloudpost,MRD,Mirrodin,280,normal,common,1,29765,2f28ecdc-a4f0-4327-a78c-340be41555ee,0.26,false,false,near_mint,fr,EUR
Le commencement,binder,Terramorphic Expanse,TSP,Time Spiral,279,normal,common,1,26621,fd097ea2-0a1c-44a0-824b-d5373df513fb,0.42,false,false,near_mint,fr,EUR
Le commencement,binder,Abandoned Outpost,ODY,Odyssey,312,normal,common,1,31865,4945031e-1158-474c-9e50-1ec817acc767,0.05,false,false,near_mint,fr,EUR
Le commencement,binder,Ravaged Highlands,ODY,Odyssey,324,normal,common,1,31853,bb60ffc9-4919-40f2-bdd6-07eee6abf37c,0.12,false,false,near_mint,fr,EUR
Le commencement,binder,Highland Weald,CSP,Coldsnap,147,normal,uncommon,1,27094,38bcd111-0830-4fc0-a113-37eb306fb1a0,0.42,false,false,near_mint,fr,EUR
Le commencement,binder,Pillar of the Paruns,2X2,Double Masters 2022,328,normal,rare,1,70207,4c66bacf-ad9a-40c3-a2b7-464be8d4dd24,0.85,false,false,near_mint,fr,EUR
Le commencement,binder,Desert,AFC,Forgotten Realms Commander,233,normal,uncommon,2,60854,c74e13eb-6f82-4db1-9d0d-8310f48d9f6d,2.35,false,false,near_mint,fr,EUR
Le commencement,binder,Ketria Triome,IKO,Ikoria: Lair of Behemoths,250,normal,rare,1,49827,a249b1f4-2b22-4b67-a207-e0c4ae95d2e1,12.23,false,false,near_mint,fr,EUR
Le commencement,binder,Mountain,MRD,Mirrodin,302,foil,common,1,29743,22965406-d8d7-46ad-992e-7fc0e994698d,0.45,false,false,near_mint,fr,EUR
Le commencement,binder,Mountain,TSP,Time Spiral,296,foil,common,1,26604,d3e3961c-d092-4a15-b5db-d7b5c70e4fc1,0.5,false,false,near_mint,fr,EUR
Le commencement,binder,Mountain,9ED,Ninth Edition,346★,foil,common,1,79442,9aec9409-1812-4f85-b396-39bd9783b65e,1.26,false,false,near_mint,fr,EUR
Le commencement,binder,Mountain,TSP,Time Spiral,295,foil,common,1,26605,5c71906a-f885-49ba-a889-8baf4e74cce8,0.32,false,false,near_mint,fr,EUR
Le commencement,binder,Pillar of the Paruns,DIS,Dissension,176,normal,rare,1,27249,236dcb39-b81e-4ae2-b153-01be0577ed93,0.71,false,false,near_mint,fr,EUR
Le commencement,binder,Plains,TSP,Time Spiral,283,foil,common,1,26617,97e0aaf3-eba0-445e-b560-f889b800e6b7,0.59,false,false,near_mint,fr,EUR
Le commencement,binder,Forest,MRD,Mirrodin,303,foil,common,1,29742,77aec0b2-30f2-4f35-a9a3-24d87795d177,0.93,false,false,near_mint,fr,EUR
Le commencement,binder,Forest,RAV,Ravnica: City of Guilds,303,foil,common,1,27707,706be1bd-720d-4e74-b71f-568081afcab1,0.75,false,false,near_mint,fr,EUR
Le commencement,binder,Swamp,MRD,Mirrodin,295,foil,common,1,29750,6bae27d4-9de5-4f95-8c56-79afc6cbeb0c,0.67,false,false,near_mint,fr,EUR
Le commencement,binder,Swamp,TSP,Time Spiral,293,foil,common,1,26607,dd634a88-c114-469a-8133-59cfc9bf3215,0.37,false,false,near_mint,fr,EUR
Le commencement,binder,Island,TSP,Time Spiral,286,foil,common,1,26614,e5fdeb2c-afb8-4850-bcdc-86283ffa3486,0.51,false,false,near_mint,fr,EUR
Le commencement,binder,Island,TSP,Time Spiral,287,foil,common,1,26613,e08915c9-78ff-450b-a47f-0c9678d16bbd,0.55,false,false,near_mint,fr,EUR
Le commencement,binder,Mountain,ODY,Odyssey,346,foil,common,1,31831,9b396f90-92b1-4cc0-9be8-2f724b39fbc6,5.07,false,false,near_mint,fr,EUR
Le commencement,binder,"Jenara, Asura of War",ARB,Alara Reborn,128,normal,mythic,1,23380,d643c335-e3a7-461d-a024-095795ab6770,0.67,false,false,near_mint,fr,EUR
Le commencement,binder,"Sarulf, Realm Eater",KHM,Kaldheim,228,normal,rare,1,57065,bcecf9ba-36da-490a-9460-99ff87d99fbd,0.28,false,false,near_mint,fr,EUR
Le commencement,binder,Spined Sliver,TSB,Time Spiral Timeshifted,101,normal,special,1,26920,ffe9f6f4-a94e-41bb-8025-25e1a1347b88,0.28,false,false,near_mint,fr,EUR
Le commencement,binder,"Kalamax, the Stormsire",C20,Commander 2020,9,normal,mythic,1,50409,f990cd78-2165-446f-a116-ae55d7a0f00d,0.57,false,false,near_mint,fr,EUR
Le commencement,binder,"Intet, the Dreamer",PLC,Planar Chaos,158,normal,rare,1,26376,394e4fe9-2bb0-4a5c-bf10-b72b519d5226,0.44,false,false,near_mint,fr,EUR
Le commencement,binder,Sovereigns of Lost Alara,ARB,Alara Reborn,12,normal,rare,1,23496,2d2a9e7e-649f-457b-aba7-9c74c2704adf,0.81,false,false,near_mint,fr,EUR
Le commencement,binder,Experiment Kraj,DIS,Dissension,110,normal,rare,1,27315,cb7f42a1-0996-4799-ad3a-9525c8e31343,0.64,false,false,near_mint,fr,EUR
Le commencement,binder,Tibor and Lumia,GPT,Guildpact,135,normal,rare,1,27460,149ce3cc-5df6-4158-b732-5bd2c1b3007f,0.15,false,false,near_mint,fr,EUR
Le commencement,binder,Glittering Wish,FUT,Future Sight,156,normal,rare,1,26181,ec73e1ba-b543-4c64-aa89-164eef1d15d6,0.5,false,false,near_mint,fr,EUR
Le commencement,binder,Simic Sky Swallower,DIS,Dissension,130,normal,rare,1,27295,f625b270-f560-402b-b253-51951822ce42,0.35,false,false,near_mint,fr,EUR
Le commencement,binder,Fight to the Death,ARB,Alara Reborn,97,normal,rare,1,23411,5552ca9b-0245-4f91-9646-a5b5443863a2,0.85,false,false,near_mint,fr,EUR
Le commencement,binder,Razia's Purification,RAV,Ravnica: City of Guilds,224,normal,rare,1,27786,73bfefd3-bddd-47bb-92f3-9356a7bca637,0.23,false,false,near_mint,fr,EUR
Le commencement,binder,"Uril, the Miststalker",ARB,Alara Reborn,124,normal,mythic,1,23384,11e22185-47d0-465b-8181-afe194af5cac,1.17,false,false,near_mint,fr,EUR
Le commencement,binder,Nicol Bolas,TSB,Time Spiral Timeshifted,98,normal,special,1,26923,78407de3-b97e-4e30-beea-ef268dda3042,0.83,false,false,near_mint,fr,EUR
Le commencement,binder,Grand Melee,ONS,Onslaught,211,normal,rare,1,31092,9a0d3142-4224-4b51-885d-33c8938418c1,0.57,false,false,near_mint,fr,EUR
Le commencement,binder,Molten Psyche,SOM,Scars of Mirrodin,98,normal,rare,1,20934,57e2382d-1f27-40d1-b809-c188c19ebc72,2.19,false,false,near_mint,fr,EUR
Le commencement,binder,Knotvine Paladin,ARB,Alara Reborn,71,normal,rare,1,23437,a715673f-77f1-46d6-91ae-01fb3af54760,0.36,false,false,near_mint,fr,EUR
Le commencement,binder,Goblin Hero,S99,Starter 1999,103,normal,common,1,34599,c3ed9cd3-5e6a-4e86-b120-ff27b744311d,0.26,false,false,near_mint,fr,EUR
Le commencement,binder,"Jaxis, the Troublemaker",SNC,Streets of New Capenna,461,foil,rare,1,67937,ab120b59-8c50-47af-af21-5dd60377bc81,0.44,false,false,near_mint,fr,EUR
Le commencement,binder,Viashino Heretic,ULG,Urza's Legacy,95,normal,uncommon,1,35425,143e435e-e3a1-45b0-81c3-bd47916df8ac,0.41,false,false,near_mint,fr,EUR
Le commencement,binder,Arcane Melee,C13,Commander 2013,29,normal,rare,1,15357,9ea8fd24-311a-4745-804e-46b2abbe217a,0.41,false,false,near_mint,fr,EUR
Le commencement,binder,Teferi's Veil,WTH,Weatherlight,53,normal,uncommon,1,37244,cbf39b80-d972-4f79-902f-cc613c32e446,0.94,false,false,near_mint,fr,EUR
Le commencement,binder,Karplusan Yeti,9ED,Ninth Edition,198,normal,rare,1,28165,6ad95118-104c-41d4-a393-941e7b97fd8e,0.19,false,false,near_mint,fr,EUR
Le commencement,binder,Ancestral Vision,TSP,Time Spiral,48,normal,rare,1,26852,bccedc4d-38c7-4bf3-9ca7-4febd6c49d3d,2.27,false,false,near_mint,fr,EUR
Le commencement,binder,Magus of the Future,FUT,Future Sight,40,normal,rare,1,26297,7025e614-7d08-4915-a985-3b876f1bdd1c,0.28,false,false,near_mint,fr,EUR
Le commencement,binder,"Tomorrow, Azami's Familiar",BOK,Betrayers of Kamigawa,58,normal,rare,1,28651,095813f9-d559-40bd-a50f-7c1f6e494e60,0.16,false,false,near_mint,fr,EUR
Le commencement,binder,Mistform Skyreaver,ONS,Onslaught,97,normal,rare,1,31206,e394e096-ea70-4813-9039-e4bd065d0a17,0.37,false,false,near_mint,fr,EUR
Le commencement,binder,Daring Apprentice,9ED,Ninth Edition,72,normal,rare,1,28291,6c5becbf-77ac-4bd2-912d-7f7c944c2a0b,0.38,false,false,near_mint,fr,EUR
Le commencement,binder,Mahamoti Djinn,9ED,Ninth Edition,85,normal,rare,1,28278,7f1ef140-9198-4aed-a0cb-2946a87c93c5,0.08,false,false,near_mint,fr,EUR
Le commencement,binder,Parallel Thoughts,SCG,Scourge,44,normal,rare,1,30644,d913c541-a8fb-4383-bbab-988be3e0f5d5,0.38,false,false,near_mint,fr,EUR
Le commencement,binder,Spawnbroker,RAV,Ravnica: City of Guilds,65,normal,rare,1,27945,ce1e4aa6-b06d-4b87-9912-a4c403e8d7c6,0.22,false,false,near_mint,fr,EUR
Le commencement,binder,Cephalid Shrine,ODY,Odyssey,75,normal,rare,1,32102,137e0ac1-3bf2-4583-b44f-c9fe8d7e8882,0.17,false,false,near_mint,fr,EUR
Le commencement,binder,Cowardice,9ED,Ninth Edition,70,normal,rare,1,28293,67c3cf8f-c2f6-4ad0-83f9-960e5d74fc3e,0.38,false,false,near_mint,fr,EUR
Le commencement,binder,Reshape,DST,Darksteel,31,normal,rare,1,29630,05a8d65d-0c6f-433d-a818-002c242a17e8,0.82,false,false,near_mint,fr,EUR
Le commencement,binder,Archivist,9ED,Ninth Edition,60,normal,rare,1,28303,2f025c11-feeb-429b-9518-f24d70596601,0.17,false,false,near_mint,fr,EUR
Le commencement,binder,Blinking Spirit,9ED,Ninth Edition,8,normal,rare,1,28358,692ac387-be1f-48e0-945e-cbb1254d395c,0.28,false,false,near_mint,fr,EUR
Le commencement,binder,Angel of Retribution,TOR,Torment,1,normal,rare,1,31740,7f3215ba-e492-4cfd-aa16-0da4818eed1b,0.22,false,false,near_mint,fr,EUR
Le commencement,binder,Defender of the Order,LGN,Legions,11,normal,rare,1,30823,236b1c88-20a0-479e-91fb-16bb77f699fe,0.23,false,false,near_mint,fr,EUR
Le commencement,binder,Gibbering Descent,FUT,Future Sight,66,normal,rare,1,26271,d4839a0b-47db-4464-9e9a-0e976d468106,1.96,false,false,near_mint,fr,EUR
Le commencement,binder,Sanguine Praetor,GPT,Guildpact,60,normal,rare,1,27535,8291b1a9-2d04-4dd7-b8c5-3b1018aa0d2f,0.09,false,false,near_mint,fr,EUR
Le commencement,binder,Decree of Justice,SCG,Scourge,8,normal,rare,1,30680,5e8a7e5c-f252-4de8-94d7-e7327210bf26,10.46,false,false,near_mint,fr,EUR
Le commencement,binder,Lord of the Pit,10E,Tenth Edition,154,normal,rare,1,25937,56ea363c-ec09-4d79-aaf9-f8ff2e2a34c0,0.24,false,false,near_mint,fr,EUR
Le commencement,binder,Wit's End,DIS,Dissension,58,normal,rare,1,27367,68f8e20c-6d8e-45a1-aabd-176d8df843db,0.14,false,false,near_mint,fr,EUR
Le commencement,binder,Upwelling,10E,Tenth Edition,306,normal,rare,1,25735,d5c47cac-679f-4b48-977f-2fa149a6c3c3,0.45,false,false,near_mint,fr,EUR
Le commencement,binder,Molder Slug,MRD,Mirrodin,125,normal,rare,1,29920,ee355d1b-5d64-4328-94d6-7a58889b99bc,0.25,false,false,near_mint,fr,EUR
Le commencement,binder,Life from the Loam,RAV,Ravnica: City of Guilds,172,normal,rare,1,27838,7ac16d09-8bc7-407c-a757-666f4707bc90,6.84,false,false,near_mint,fr,EUR
Le commencement,binder,All Suns' Dawn,5DN,Fifth Dawn,81,normal,rare,1,29414,cefabea5-b6f0-46f4-a1a5-037c2482b979,0.32,false,false,near_mint,fr,EUR
Le commencement,binder,"Baru, Fist of Krosa",FUT,Future Sight,142,normal,rare,1,26195,1a74fcde-7685-402c-9b2a-245aa75d75c1,0.53,false,false,near_mint,fr,EUR
Le commencement,binder,Spectral Force,TSP,Time Spiral,217,normal,rare,1,26683,d7dff1c4-6297-46f6-9c70-544c67319dd0,0.17,false,false,near_mint,fr,EUR
Le commencement,binder,Loaming Shaman,DIS,Dissension,87,normal,rare,1,27338,e34b3f97-1c00-4ad2-a28d-6f064f499761,0.37,false,false,near_mint,fr,EUR
Le commencement,binder,Leyline of Lifeforce,GPT,Guildpact,90,normal,rare,1,27505,f7caffa7-29bd-455c-9770-94a0ad7ef5e3,1.11,false,false,near_mint,fr,EUR
Le commencement,binder,Elvish Vanguard,PSAL,Salvat 2005,B13,normal,rare,1,53283,50d75b38-62d5-4d80-af64-f1ec732e825c,0.47,false,false,near_mint,fr,EUR
Le commencement,binder,Rites of Flourishing,FUT,Future Sight,137,normal,rare,1,26200,811458c7-dcdc-43ef-8c3e-a90e21ce315e,0.73,false,false,near_mint,fr,EUR
Le commencement,binder,Tribal Forcemage,LGN,Legions,142,normal,rare,1,30692,104735d7-6cea-4d4a-8cc8-e1934883da97,0.49,false,false,near_mint,fr,EUR
Le commencement,binder,Elder Druid,7ED,Seventh Edition,238,normal,rare,1,32568,aa88ff5b-44df-40eb-b0bb-37936ae0d854,0.35,false,false,near_mint,fr,EUR
Le commencement,binder,Crush of Wurms,JUD,Judgment,110,normal,rare,1,31488,32a924b3-3bd6-43ad-acbd-1303dd670db4,0.57,false,false,near_mint,fr,EUR
Le commencement,binder,Doom Cannon,ONS,Onslaught,307,normal,rare,1,30996,4abde0d7-266b-41bd-ade1-c4d93507eb16,0.28,false,false,near_mint,fr,EUR
Le commencement,binder,Salvaging Station,5DN,Fifth Dawn,148,normal,rare,1,29347,f0336e07-8eaf-4b90-af54-4764e5ba50f2,0.45,false,false,near_mint,fr,EUR
Le commencement,binder,Charmed Pendant,ODY,Odyssey,298,normal,rare,1,31879,701942dd-7777-436f-8076-194584be8285,0.32,false,false,near_mint,en,EUR
Le commencement,binder,Scroll of Origins,SOK,Saviors of Kamigawa,159,normal,rare,1,28379,36b39d20-47b5-468b-aaf8-f6b7c7048b33,0.23,false,false,near_mint,fr,EUR
Le commencement,binder,Coalition Relic,FUT,Future Sight,161,normal,rare,1,26176,7a7c98b0-d64d-4d0a-b284-1187a8e7095e,0.91,false,false,near_mint,fr,EUR
Le commencement,binder,Shield of Kaldra,DST,Darksteel,139,normal,rare,1,29522,d3e09c8a-6c55-491b-96e9-6cf05f673ac3,2.79,false,false,near_mint,fr,EUR
Le commencement,binder,Kraken's Eye,9ED,Ninth Edition,302,normal,uncommon,2,28061,e80930e8-d2b4-4778-a958-9bf080cba1c9,0.1,false,false,near_mint,fr,EUR
Le commencement,binder,Demon's Horn,9ED,Ninth Edition,294,normal,uncommon,3,28069,98135714-7422-4b1f-94c4-f4ee980c94a8,0.09,false,false,near_mint,fr,EUR
Le commencement,binder,Wurm's Tooth,10E,Tenth Edition,346,normal,uncommon,1,25683,04dfc32a-479b-4517-b7d5-808774516bb6,0.16,false,false,near_mint,fr,EUR
Le commencement,binder,Dragon's Claw,9ED,Ninth Edition,296,normal,uncommon,1,28067,cd62ce2f-bf20-427a-9dbc-40732ff639ab,0.15,false,false,near_mint,fr,EUR
Le commencement,binder,Sacred Ground,9ED,Ninth Edition,37,normal,rare,1,28326,d72dc68a-d6f9-4a18-8282-0f104999591f,0.35,false,false,near_mint,fr,EUR
Le commencement,binder,Weathered Wayfarer,9ED,Ninth Edition,54,normal,rare,1,28309,fe4be040-27b1-4501-b3d4-f12976e568c9,1.62,false,false,near_mint,fr,EUR
Le commencement,binder,Assassinate,10E,Tenth Edition,128,normal,common,1,25969,d79599f4-7038-4b8f-9a44-e58b650f21a7,0.05,false,false,near_mint,fr,EUR
Le commencement,binder,Avatar of Woe,PCY,Prophecy,56,normal,rare,1,33624,0f695405-7238-48fb-9ea2-1b1613a0afda,2.74,false,false,near_mint,fr,EUR
Le commencement,binder,Carrion Wall,8ED,Eighth Edition,121,normal,uncommon,1,30415,77ea9d0e-9188-4447-a9c9-8ed209121b43,0.09,false,false,near_mint,fr,EUR
Le commencement,binder,Chittering Rats,PHUK,Hachette UK,5,normal,common,1,27666,b3c1898d-76b6-438e-a7c3-3bb89ade1d30,0.07,false,false,near_mint,fr,EUR
Le commencement,binder,Chittering Rats,DST,Darksteel,39,normal,common,1,29622,980135d5-dfaa-4beb-b4b3-1e256bb46e61,0.19,false,false,near_mint,fr,EUR
Le commencement,binder,Chittering Rats,PSAL,Salvat 2005,A19,normal,common,1,53569,d094e202-7ad3-4577-8797-f7097303e57b,0.07,false,false,near_mint,fr,EUR
Le commencement,binder,Consume Spirit,9ED,Ninth Edition,119,normal,uncommon,1,28244,ebe04e55-14b1-4d45-b265-68efdefb1c19,0.08,false,false,near_mint,fr,EUR
Le commencement,binder,Contaminated Bond,9ED,Ninth Edition,120,normal,common,1,28243,481e8dac-8292-4e8f-89a1-b396ce98d3ab,0.11,false,false,near_mint,fr,EUR
Le commencement,binder,Crippling Fatigue,PHUK,Hachette UK,30,normal,common,1,27641,cb4dfa82-9f4e-4aec-8232-2ca19d7ae5f8,0.04,false,false,near_mint,fr,EUR
Le commencement,binder,Crippling Fatigue,PHUK,Hachette UK,6,normal,common,1,27665,6ec1bbdb-66a6-40f0-b70e-279d763e8746,0.03,false,false,near_mint,fr,EUR
Le commencement,binder,Cruel Sadist,M15,Magic 2015,93,normal,rare,1,13759,a31c94f3-c45b-4ced-b523-15e80ae1a82d,0.21,false,false,near_mint,fr,EUR
Le commencement,binder,Crypt Rats,PHUK,Hachette UK,28,normal,uncommon,1,27643,6c925e34-4a60-4081-9517-b5ea262fe8ae,0.3,false,false,near_mint,fr,EUR
Le commencement,binder,Dark Banishing,9ED,Ninth Edition,122,normal,common,1,28241,21b6d545-2bef-4230-99ac-ee9bc3e9a53d,0.07,false,false,near_mint,fr,EUR
Le commencement,binder,Death Rattle,FUT,Future Sight,82,normal,common,1,26255,8cddafc8-57d6-456e-af58-4b7f45e195d5,0.1,false,false,near_mint,fr,EUR
Le commencement,binder,Dirty Wererat,PHUK,Hachette UK,7,normal,common,2,27664,d5b7723a-8230-4052-9ae1-4bfa46a1bd61,0.02,false,false,near_mint,fr,EUR
Le commencement,binder,Disembowel,RAV,Ravnica: City of Guilds,85,normal,common,2,27925,c1edb79d-0031-4dc6-8881-f6d1fe4acba2,0.12,false,false,near_mint,fr,EUR
Le commencement,binder,Drudge Skeletons,9ED,Ninth Edition,126,normal,uncommon,1,28237,327ddcfc-1e3e-4bf4-a464-1763bec4df35,0.11,false,false,near_mint,fr,EUR
Le commencement,binder,Fallen Angel,PSAL,Salvat 2005,F37,normal,rare,1,53662,f190fde1-9968-4607-a3b2-72ff6e658a38,0.16,false,false,near_mint,fr,EUR
Le commencement,binder,Final Punishment,SCG,Scourge,67,normal,rare,1,30621,097dbfae-1a18-4c10-8d1f-b2c20971c75e,0.22,false,false,near_mint,fr,EUR
Le commencement,binder,Grave Peril,FUT,Future Sight,67,normal,common,1,26270,e1d301f6-1ae2-4e26-a736-e59c7a8f2198,0.02,false,false,near_mint,fr,EUR
Le commencement,binder,Gravestorm,PHUK,Hachette UK,37,normal,rare,1,27634,56a6a409-b898-4951-8930-ce4506a86741,0.14,false,false,near_mint,fr,EUR
Le commencement,binder,Ichor Slick,FUT,Future Sight,68,normal,common,1,26269,34603c3e-1078-48ca-9350-7d90c290b721,0.04,false,false,near_mint,fr,EUR
Le commencement,binder,Infernal Contract,PHUK,Hachette UK,13,normal,rare,1,27658,e716076d-22b3-4614-b8f0-80ba0501913d,0.15,false,false,near_mint,fr,EUR
Le commencement,binder,Marrow-Gnawer,PHUK,Hachette UK,1,normal,rare,1,27670,974a571e-aea1-4e80-8e83-e6d9c6ef201b,0.32,false,false,near_mint,fr,EUR
Le commencement,binder,Necrogen Spellbomb,MRD,Mirrodin,216,normal,common,1,29829,0950bfe7-2600-4e01-8f54-f03a5c023520,0.12,false,false,near_mint,fr,EUR
Le commencement,binder,Nezumi Cutthroat,PHUK,Hachette UK,29,normal,common,1,27642,0095c374-5edf-41c2-b597-f6e18b348170,0.06,false,false,near_mint,fr,EUR
Le commencement,binder,Nezumi Graverobber // Nighteyes the Desecrator,PHUK,Hachette UK,38,normal,uncommon,2,27633,2a253b6f-d5b8-4667-855d-c7213c595d5f,0.03,false,false,near_mint,fr,EUR
Le commencement,binder,Nightmare,9ED,Ninth Edition,150,normal,rare,1,28213,c6659c13-1858-4a66-a11f-e37416855951,0.16,false,false,near_mint,fr,EUR
Le commencement,binder,Nocturnal Raid,PHUK,Hachette UK,3,normal,uncommon,1,27668,3ce3de8a-de37-4ae4-89a0-8cad68885609,0.04,false,false,near_mint,fr,EUR
Le commencement,binder,Pulse of the Dross,DST,Darksteel,50,normal,rare,1,29611,bb8b1d0a-2c78-4173-b7ed-d7f3a0502fe7,0.16,false,false,near_mint,fr,EUR
Le commencement,binder,Raise Dead,9ED,Ninth Edition,156,normal,common,1,28207,e768e82c-82d8-4869-9284-7a9ec9d90967,0.07,false,false,near_mint,fr,EUR
Le commencement,binder,Rathi Trapper,PLC,Planar Chaos,90,normal,common,1,26444,b2968e01-2d04-4591-98de-24688bb087df,0.08,false,false,near_mint,fr,EUR
Le commencement,binder,Rats' Feast,PHUK,Hachette UK,44,normal,common,1,27627,3cbfdc8f-397f-4fba-9333-a6999c5eb687,0.03,false,false,near_mint,fr,EUR
Le commencement,binder,Ravenous Rats,9ED,Ninth Edition,157,normal,common,1,28206,a7b09e94-9504-444c-b002-7418962bf0f9,0.1,false,false,near_mint,fr,EUR
Le commencement,binder,Skirsdag High Priest,2XM,Double Masters,106,normal,rare,1,51805,01dd19e9-23ff-4854-bbce-ce0a00a7b5b4,0.29,false,false,near_mint,fr,EUR
Le commencement,binder,Smother,ONS,Onslaught,170,normal,uncommon,1,31133,9a8321af-d667-44e7-8c03-3957286604b9,0.56,false,false,near_mint,fr,EUR
Le commencement,binder,Stronghold Rats,FUT,Future Sight,79,normal,uncommon,1,26258,6006922b-20f8-4f38-9522-9851541a6de5,0.53,false,false,near_mint,fr,EUR
Le commencement,binder,Swamp,ALA,Shards of Alara,240,normal,common,1,23859,bc6ec4ca-ab4c-4d5f-98df-aa166b60bb1d,0.19,false,false,near_mint,fr,EUR
Le commencement,binder,Swamp,10E,Tenth Edition,372,normal,common,1,25653,f6497c73-4bbb-4923-8151-8234c98ca6d4,0.24,false,false,near_mint,fr,EUR
Le commencement,binder,Swamp,PHUK,Hachette UK,35,normal,common,1,27636,812ea477-952a-4ccd-a577-6ee4e46ae9bc,0.34,false,false,near_mint,fr,EUR
Le commencement,binder,Swamp,PHUK,Hachette UK,34,normal,common,1,27637,a8942578-ce12-4446-94bc-ab1a14c94675,0.32,false,false,near_mint,fr,EUR
Le commencement,binder,Swamp,PHUK,Hachette UK,33,normal,common,1,27638,d4e6a5af-62b3-491c-8816-20ed34465275,0.2,false,false,near_mint,fr,EUR
Le commencement,binder,Swamp,PHUK,Hachette UK,32,normal,common,1,27639,ccac7da6-f5a4-4aa7-8395-b5de626181b6,0.11,false,false,near_mint,fr,EUR
Le commencement,binder,Swamp,PHUK,Hachette UK,24,normal,common,1,27647,7cb6c2ca-879b-4b9b-8dd8-b29613143d7d,0.12,false,false,near_mint,fr,EUR
Le commencement,binder,Swamp,PHUK,Hachette UK,23,normal,common,1,27648,91bc47eb-2807-4b5c-acde-a73115f49001,0.06,false,false,near_mint,fr,EUR
Le commencement,binder,Swamp,PHUK,Hachette UK,20,normal,common,1,27651,5af5abdb-32b6-4952-a4f4-0b2f12ea909a,0.4,false,false,near_mint,fr,EUR
Le commencement,binder,Swamp,PHUK,Hachette UK,12,normal,common,1,27659,83c8d00d-6745-47a4-8447-330c81c3c8c1,0.14,false,false,near_mint,fr,EUR
Le commencement,binder,Swamp,PHUK,Hachette UK,10,normal,common,1,27661,ca9e8297-e9c4-4210-a34e-ec90dcab20dc,0.1,false,false,near_mint,fr,EUR
Le commencement,binder,Swamp,PHUK,Hachette UK,8,normal,common,1,27663,f5de8d80-8695-4393-ae59-9b7a3ad738f3,0.09,false,false,near_mint,fr,EUR
Le commencement,binder,Swamp,9ED,Ninth Edition,342,normal,common,1,28021,d6190620-f88c-4eaf-853f-bfa0ea8f96d3,0.18,false,false,near_mint,fr,EUR
Le commencement,binder,Swamp,9ED,Ninth Edition,341,normal,common,2,28022,438a54b0-49e6-4f79-8379-ccb30d06fb60,0.15,false,false,near_mint,fr,EUR
Le commencement,binder,Swamp,9ED,Ninth Edition,340,normal,common,2,28023,4e964e2e-8bc5-423c-ac85-4f0c860afb8a,0.11,false,false,near_mint,fr,EUR
Le commencement,binder,Swamp,9ED,Ninth Edition,339,normal,common,1,28024,4fc9d935-2a33-4928-b4b2-25c48544bf24,0.29,false,false,near_mint,fr,EUR
Le commencement,binder,Swamp,MRD,Mirrodin,296,normal,common,1,29749,45927890-52ef-448c-b302-4192afa27a04,0.18,false,false,near_mint,fr,EUR
Le commencement,binder,Swamp,ODY,Odyssey,342,normal,common,1,31835,82f74cd0-cd73-4b08-8544-5f56b6d96f78,0.36,false,false,near_mint,fr,EUR
Le commencement,binder,Swamp,6ED,Classic Sixth Edition,339,normal,common,1,35038,0e2a9fa6-3c7c-409a-8565-e3d533107971,0.24,false,false,near_mint,fr,EUR
Le commencement,binder,Swamp,M20,Core Set 2020,271,normal,common,1,45189,a9023215-035f-4f12-9f75-04b995b5d24a,0.04,false,false,near_mint,fr,EUR
Le commencement,binder,Swarm of Rats,PHUK,Hachette UK,27,normal,uncommon,1,27644,b26d02a0-f2fa-4ef8-8d1d-be5aca7a8db8,0.23,false,false,near_mint,fr,EUR
Le commencement,binder,Swarm of Rats,PHUK,Hachette UK,2,normal,uncommon,1,27669,06a11bfc-9acb-4ed8-9a3c-923307eee0c5,0.06,false,false,near_mint,fr,EUR
Le commencement,binder,Underworld Connections,C17,Commander 2017,128,normal,rare,1,4327,d388ed15-42fc-49fa-853b-61a6510a4b25,0.45,false,false,near_mint,fr,EUR
Le commencement,binder,Whispersilk Cloak,10E,Tenth Edition,345★,foil,uncommon,1,25684,e3a8c29d-a950-4c17-9e67-394cfe431c09,8.45,false,false,near_mint,fr,EUR
Le commencement,binder,Ageless Sentinels,SCG,Scourge,1,normal,rare,1,30687,ccaa4a19-8eba-4c43-8a9a-636e234df751,0.21,false,false,near_mint,fr,EUR
Le commencement,binder,Angel's Feather,10E,Tenth Edition,311,normal,uncommon,1,25728,762d12cd-a517-4604-97ac-b93d1a94a757,0.12,false,false,near_mint,fr,EUR
Le commencement,binder,Auriok Glaivemaster,DST,Darksteel,1,normal,common,2,29660,97cce4d4-bff2-4dbb-bc12-1a726ad82dd4,0.08,false,false,near_mint,fr,EUR
Le commencement,binder,Auriok Windwalker,5DN,Fifth Dawn,5,normal,rare,1,29490,4315d060-9858-405c-a442-c7a278134f00,0.23,false,false,near_mint,fr,EUR
Le commencement,binder,Blade of the Sixth Pride,FUT,Future Sight,19,normal,common,1,26318,f6ccfe28-ec08-4751-b65c-c40b2bafa955,0.1,false,false,near_mint,fr,EUR
Le commencement,binder,Carom,DIS,Dissension,6,normal,common,1,27419,184e0964-1e04-49f9-bb76-0a6e682c52f5,0.09,false,false,near_mint,fr,EUR
Le commencement,binder,Circle of Solace,ONS,Onslaught,13,normal,rare,1,31290,07f567dc-8a60-40e1-b947-199872d8df08,0.28,false,false,near_mint,fr,EUR
Le commencement,binder,Cloudsteel Kirin,NEO,Kamigawa: Neon Dynasty,8,normal,rare,1,66587,a13ddda7-da6e-415e-8886-295514f862d4,0.23,false,false,near_mint,fr,EUR
Le commencement,binder,Crude Rampart,ONS,Onslaught,17,normal,uncommon,2,31286,af5d1be2-d6ae-4820-aa01-62f261b0f110,0.07,false,false,near_mint,fr,EUR
Le commencement,binder,Gustcloak Harrier,ONS,Onslaught,34,normal,common,1,31269,b5ff5c7d-7823-4d1e-8abb-77e2d8126996,0.05,false,false,near_mint,fr,EUR
Le commencement,binder,Gustcloak Sentinel,ONS,Onslaught,37,normal,uncommon,1,31266,b90da5c3-fd8f-445d-809f-e129870d7449,0.12,false,false,near_mint,fr,EUR
Le commencement,binder,Honor of the Pure,M12,Magic 2012,23,normal,rare,1,19244,650a6831-c352-4ca7-9f8f-43ea99a1cf33,0.57,false,false,near_mint,fr,EUR
Le commencement,binder,Intervention Pact,FUT,Future Sight,8,normal,rare,1,26329,bca127ef-349e-4380-875d-49c14fa03b18,1.82,false,false,near_mint,fr,EUR
Le commencement,binder,Kirtar's Desire,ODY,Odyssey,27,normal,common,1,32150,7f1e36fe-ecbe-46aa-9ee8-2ba4daba7d31,0.2,false,false,near_mint,fr,EUR
Le commencement,binder,Knight of the White Orchid,C21,Commander 2021,95,normal,rare,1,58484,00aef0cf-8b96-4120-9ef4-16203b7c6b9b,1.34,false,false,near_mint,fr,EUR
Le commencement,binder,Leonin Elder,MRD,Mirrodin,10,normal,common,2,30035,e9b766e7-fe4a-47fb-949b-e046b5a38d91,0.08,false,false,near_mint,fr,EUR
Le commencement,binder,Mesa Enchantress,PLC,Planar Chaos,26,normal,rare,1,26508,4037d6de-f30b-483c-83a8-9a4e2978f7fc,0.7,false,false,near_mint,fr,EUR
Le commencement,binder,Moonsilver Spear,GN3,Game Night: Free-for-All,118,normal,rare,1,74384,22422b00-d3c1-4668-8196-02678890ff75,0.23,false,false,near_mint,fr,EUR
Le commencement,binder,Munda's Vanguard,OGW,Oath of the Gatewatch,29,normal,rare,1,9353,0dfb21b1-95a5-446d-afc6-aede81ee5a0d,0.14,false,false,near_mint,fr,EUR
Le commencement,binder,Pacifism,7ED,Seventh Edition,29,normal,common,1,32777,ee6758f0-86da-4812-bbe0-ebbb8c67937a,0.08,false,false,near_mint,fr,EUR
Le commencement,binder,Plains,ALA,Shards of Alara,232,normal,common,1,23867,bcdd1595-d94d-46b1-b87f-b910ae35fa3a,0.1,false,false,near_mint,fr,EUR
Le commencement,binder,Plains,10E,Tenth Edition,365,normal,common,1,25660,c95e9696-6e9d-462a-a40e-117df77e3909,0.15,false,false,near_mint,fr,EUR
Le commencement,binder,Plains,RAV,Ravnica: City of Guilds,287,foil,common,1,27723,3d8d3cd4-0f5f-4424-82ee-d8ba81da47fd,0.58,false,false,near_mint,fr,EUR
Le commencement,binder,Plains,9ED,Ninth Edition,332,normal,common,1,28031,81c96115-3728-4f3c-9438-d53550974363,0.12,false,false,near_mint,fr,EUR
Le commencement,binder,Plains,MRD,Mirrodin,290,normal,common,2,29755,546507c7-8fa8-44e3-aeb7-56fabf419d82,0.1,false,false,near_mint,fr,EUR
Le commencement,binder,Plains,MRD,Mirrodin,289,normal,common,3,29756,eac11282-82d6-40db-8c28-5ed02268d2c6,0.06,false,false,near_mint,fr,EUR
Le commencement,binder,Plains,MRD,Mirrodin,288,normal,common,1,29757,c160b1e7-8fad-4592-899c-995d09bc8b52,0.07,false,false,near_mint,fr,EUR
Le commencement,binder,Plains,MRD,Mirrodin,288,foil,common,1,29757,c160b1e7-8fad-4592-899c-995d09bc8b52,0.64,false,false,near_mint,fr,EUR
Le commencement,binder,Plains,MRD,Mirrodin,287,normal,common,2,29758,5bac2d0d-43db-41f7-99dd-9ff55a4f2b3b,0.14,false,false,near_mint,fr,EUR
Le commencement,binder,Plains,ODY,Odyssey,334,normal,common,1,31843,7ee52bef-0586-46b8-a405-f4e0741f0059,0.34,false,false,near_mint,fr,EUR
Le commencement,binder,Plains,ODY,Odyssey,333,normal,common,1,31844,51b0dd0f-8ad8-4292-9df6-7b28ab4605e3,0.97,false,false,near_mint,fr,EUR
Le commencement,binder,Plains,ODY,Odyssey,332,normal,common,3,31845,014efd6a-5b0c-41d1-b7de-78eab5b62917,0.28,false,false,near_mint,fr,EUR
Le commencement,binder,Plains,ODY,Odyssey,331,normal,common,2,31846,eecfb420-ace3-4627-a2e0-62a701d025c9,0.35,false,false,near_mint,fr,EUR
Le commencement,binder,Plains,M20,Core Set 2020,263,normal,common,1,45197,8fd675c7-7dac-4ad1-9243-6d1eda0fa30c,0.02,false,false,near_mint,fr,EUR
Le commencement,binder,Plains,M20,Core Set 2020,262,normal,common,1,45198,e9495172-6fde-4aae-b47e-fc887440120e,0.06,false,false,near_mint,fr,EUR
Le commencement,binder,Recuperate,SCG,Scourge,21,normal,common,1,30667,a5945397-0906-48dd-80d1-c65bfa2b31a6,0.02,false,false,near_mint,fr,EUR
Le commencement,binder,Restrain,INV,Invasion,30,normal,common,1,33303,f6b5c765-619c-4db9-b509-91892fb65e8f,0.09,false,false,near_mint,fr,EUR
Le commencement,binder,Reverse Damage,7ED,Seventh Edition,34,normal,rare,1,32772,af458eaa-ee16-4b2b-9a55-259458357224,0.45,false,false,near_mint,fr,EUR
Le commencement,binder,Reviving Dose,10E,Tenth Edition,34,normal,common,1,26102,15b3dd79-ac4c-4ffc-9442-1efa0082f60f,0.09,false,false,near_mint,fr,EUR
Le commencement,binder,Spiritualize,ODY,Odyssey,53,normal,uncommon,1,32124,f6780ded-86df-419d-b63b-6b67d2960b28,0.5,false,false,near_mint,fr,EUR
Le commencement,binder,Steelshaper's Gift,5DN,Fifth Dawn,19,normal,uncommon,1,29476,db75b77f-a230-4bad-b697-a40687671842,1.82,false,false,near_mint,fr,EUR
Le commencement,binder,Sunweb,7ED,Seventh Edition,51,normal,rare,1,32755,8466271c-0d9b-4680-a856-efabc7dbc1ef,0.41,false,false,near_mint,fr,EUR
Le commencement,binder,Tanglebloom,9ED,Ninth Edition,311,normal,uncommon,1,28052,eb8ff237-dac6-4c79-9d8c-b047d60083e8,0.08,false,false,near_mint,fr,EUR
Le commencement,binder,Tempest of Light,9ED,Ninth Edition,50,normal,uncommon,1,28313,43c3e220-00c8-4afc-a8a3-e95e7c8c1629,0.14,false,false,near_mint,fr,EUR
Le commencement,binder,Windborn Muse,C21,Commander 2021,111,normal,rare,1,58541,357a838a-80af-42ec-8e33-27beec5ce140,0.27,false,false,near_mint,fr,EUR
Le commencement,binder,Aether Web,TSP,Time Spiral,189,normal,common,1,26711,ce9a6af9-1b39-41e1-bd71-210700b7608b,0.06,false,false,near_mint,fr,EUR
Le commencement,binder,Bloodscent,PSAL,Salvat 2005,D4,normal,uncommon,1,53436,977a0ff9-469a-4f80-bdd2-029ffdc20086,0.09,false,false,near_mint,fr,EUR
Le commencement,binder,Elvish Bard,9ED,Ninth Edition,236,normal,uncommon,1,28127,e2fda362-63ee-4f0b-8faf-a9073e0d5fa0,0.18,false,false,near_mint,fr,EUR
Le commencement,binder,Elvish Berserker,9ED,Ninth Edition,237,normal,common,2,28126,0ee84f5c-130b-4f44-a045-3e5728ce0950,0.13,false,false,near_mint,fr,EUR
Le commencement,binder,Enchantress's Presence,ONS,Onslaught,261,normal,rare,2,31042,75def198-99d6-4b0a-8878-5151f44bc0a4,2.61,false,false,near_mint,fr,EUR
Le commencement,binder,Essence Warden,PLC,Planar Chaos,145,normal,common,1,26389,da2a65d6-0887-4fe8-a6e6-909208fddd90,1.36,false,false,near_mint,fr,EUR
Le commencement,binder,Force of Nature,9ED,Ninth Edition,242,normal,rare,1,28121,78f3103a-24e9-4462-bf52-8fa5e6214d6d,0.26,false,false,near_mint,fr,EUR
Le commencement,binder,Forest,RAV,Ravnica: City of Guilds,305,normal,common,1,27705,fe2e6db4-94a4-4fa9-be52-1ec235d2b137,0.16,false,false,near_mint,fr,EUR
Le commencement,binder,Forest,9ED,Ninth Edition,350,normal,common,3,28013,e797e006-7379-45c2-a4b7-d0ef133379df,0.13,false,false,near_mint,fr,EUR
Le commencement,binder,Forest,9ED,Ninth Edition,349,normal,common,3,28014,158aaaad-a217-490a-8a90-31ce592ad742,0.16,false,false,near_mint,fr,EUR
Le commencement,binder,Forest,9ED,Ninth Edition,348,normal,common,3,28015,2bbc9c84-348b-40f5-ab3d-bbe8c27529a4,0.1,false,false,near_mint,fr,EUR
Le commencement,binder,Forest,9ED,Ninth Edition,347,normal,common,3,28016,5029a818-e076-4ae3-a246-693ec7615e15,0.09,false,false,near_mint,fr,EUR
Le commencement,binder,Forest,ONS,Onslaught,350,normal,common,1,30953,835a4eed-a308-428d-ac85-e385b5d47d8e,0.4,false,false,near_mint,fr,EUR
Le commencement,binder,Forest,ONS,Onslaught,347,normal,common,2,30956,b361b42d-401f-440a-bae9-35338b5dde0e,0.37,false,false,near_mint,fr,EUR
Le commencement,binder,Forest,ODY,Odyssey,350,normal,common,1,31827,65e8080f-9e4a-4fad-9ea3-09d5e0e1c816,0.6,false,false,near_mint,fr,EUR
Le commencement,binder,Forest,ODY,Odyssey,349,normal,common,1,31828,318b15ea-80b9-48df-b010-aa1aabcf51ea,0.67,false,false,near_mint,fr,EUR
Le commencement,binder,Forest,ODY,Odyssey,348,normal,common,3,31829,9397010b-6116-4612-993a-11ec2a5d3115,0.45,false,false,near_mint,fr,EUR
Le commencement,binder,Forest,M20,Core Set 2020,280,normal,common,1,45180,43e7e6ec-9bfe-4062-a538-2a748d2eed1f,0.02,false,false,near_mint,fr,EUR
Le commencement,binder,Forest,M20,Core Set 2020,279,normal,common,2,45181,56caba21-b773-4245-b3f8-3ae62725c14f,0.05,false,false,near_mint,fr,EUR
Le commencement,binder,Giant Growth,10E,Tenth Edition,266,normal,common,1,25791,d4db271b-b7f2-4a12-b606-2215bab4ac17,0.16,false,false,near_mint,fr,EUR
Le commencement,binder,Giant Growth,9ED,Ninth Edition,243,normal,common,1,28120,92b1a8a1-6777-4a00-ad3a-defc82bbac27,0.09,false,false,near_mint,fr,EUR
Le commencement,binder,Hurricane,10E,Tenth Edition,270,normal,rare,1,25786,371d83e8-f514-433c-bc6a-e0eeef3fab2a,0.37,false,false,near_mint,fr,EUR
Le commencement,binder,Llanowar Elves,9ED,Ninth Edition,253,normal,common,2,28110,913907e2-28dd-4080-b725-52a43868e060,0.17,false,false,near_mint,fr,EUR
Le commencement,binder,"Molimo, Maro-Sorcerer",10E,Tenth Edition,280,normal,rare,1,25773,7b879e83-07f7-4d9f-a144-04d81d9f700e,0.25,false,false,near_mint,fr,EUR
Le commencement,binder,Predator's Strike,MRD,Mirrodin,128,normal,common,1,29917,75e5bcc2-9203-4526-a9a9-fac6fd02a854,0.08,false,false,near_mint,fr,EUR
Le commencement,binder,Protean Hulk,DIS,Dissension,90,normal,rare,1,27335,3d978332-95bf-4f86-9e67-06f10983c267,3.6,false,false,near_mint,fr,EUR
Le commencement,binder,Quiet Disrepair,FUT,Future Sight,134,normal,common,2,26203,541ce95e-5102-44fb-b74d-7469331ca9cc,0.06,false,false,near_mint,fr,EUR
Le commencement,binder,Stream of Life,9ED,Ninth Edition,272,normal,uncommon,1,28091,341aa1b2-e600-4580-b0cd-e1582b75dc81,0.13,false,false,near_mint,fr,EUR
Le commencement,binder,Verdant Force,9ED,Ninth Edition,278,normal,rare,1,28085,d5a5533f-d24d-4cca-a47e-0676c6061a35,0.4,false,false,near_mint,fr,EUR
Le commencement,binder,Viridian Shaman,MRD,Mirrodin,139,normal,uncommon,1,29906,932bf583-efd3-42e9-8a7b-7b3fe07fbcf0,0.1,false,false,near_mint,fr,EUR
Le commencement,binder,Web,9ED,Ninth Edition,281,normal,uncommon,2,28082,91173ce1-62a9-4d0e-8b2a-9bc33858c4fc,0.18,false,false,near_mint,fr,EUR
Le commencement,binder,Yavimaya Enchantress,9ED,Ninth Edition,284,normal,uncommon,2,28079,18637e89-4794-46a8-bb80-b35211648d4f,0.19,false,false,near_mint,fr,EUR
Le commencement,binder,Basalt Gargoyle,TSP,Time Spiral,145,normal,uncommon,1,26755,f34945e1-b982-48a0-8c03-9b97c13cc73d,0.05,false,false,near_mint,fr,EUR
Le commencement,binder,Beacon of Destruction,10E,Tenth Edition,189,normal,rare,1,25891,6830b73b-1def-4d34-902d-966ecdbc7717,0.16,false,false,near_mint,fr,EUR
Le commencement,binder,Blaze,10E,Tenth Edition,190,normal,uncommon,1,25890,213035f9-40f5-4b4e-88b3-e262ad684294,0.06,false,false,near_mint,fr,EUR
Le commencement,binder,Bloodfire Colossus,10E,Tenth Edition,191,normal,rare,1,25889,4050c0a3-a318-4283-ae72-8fffcf8d45e9,0.37,false,false,near_mint,fr,EUR
Le commencement,binder,Bogardan Firefiend,10E,Tenth Edition,193,normal,common,2,25887,c6d9be02-935e-4428-863b-95e84c88834a,0.03,false,false,near_mint,fr,EUR
Le commencement,binder,Boom // Bust,TSR,Time Spiral Remastered,156,normal,rare,1,57748,8ffdee1b-bb5d-44e6-a90d-6f9e9266d4fd,0.85,false,false,near_mint,fr,EUR
Le commencement,binder,Emberwilde Augur,FUT,Future Sight,97,normal,common,1,26240,cc78dbef-315c-4f9b-8a1a-76a62a941182,0.1,false,false,near_mint,fr,EUR
Le commencement,binder,Fortune Thief,TSP,Time Spiral,156,normal,rare,2,26744,c893bbb7-0589-4544-a488-f84f9aa1d058,0.31,false,false,near_mint,fr,EUR
Le commencement,binder,Goblin Chariot,7ED,Seventh Edition,185,normal,common,1,32621,f7571801-c1df-4387-ae61-1fefd449ebf9,0.09,false,false,near_mint,fr,EUR
Le commencement,binder,Goblin Grappler,LGN,Legions,100,normal,common,1,30734,5c948872-295c-41b9-8094-db7db7578b0d,0.08,false,false,near_mint,fr,EUR
Le commencement,binder,Grinning Ignus,FUT,Future Sight,116,normal,common,1,26221,31716a43-2522-46ff-a9a4-b6952cd41f11,0.08,false,false,near_mint,fr,EUR
Le commencement,binder,Incinerate,10E,Tenth Edition,213,normal,common,2,25862,723fb62e-735a-4ca6-9d38-f1c3944fe69a,0.13,false,false,near_mint,fr,EUR
Le commencement,binder,Inferno,6ED,Classic Sixth Edition,191,normal,rare,1,35186,2cfa44a4-5351-4334-a9d5-c5c19fcccca5,0.34,false,false,near_mint,fr,EUR
Le commencement,binder,Iron Myr,MRD,Mirrodin,187,normal,common,2,29858,08e17883-0767-40b5-ac44-a52a1ea54993,0.48,false,false,near_mint,fr,EUR
Le commencement,binder,"Kamahl, Pit Fighter",10E,Tenth Edition,214,normal,rare,1,25861,ec7b9336-5aa3-4992-b04b-4786150c6074,0.26,false,false,near_mint,fr,EUR
Le commencement,binder,Lava Axe,10E,Tenth Edition,215,normal,common,1,25859,1a28a286-3ea0-4760-bcc4-c7e8299c298e,0.03,false,false,near_mint,fr,EUR
Le commencement,binder,Lava Axe,9ED,Ninth Edition,200,normal,common,1,28163,fbcc027a-55c9-4baf-a801-8db805129d5b,0.07,false,false,near_mint,fr,EUR
Le commencement,binder,Lava Axe,7ED,Seventh Edition,199,normal,common,1,32607,807e5102-1fab-4ff4-aad8-94defbbb8a6b,0.05,false,false,near_mint,fr,EUR
Le commencement,binder,Mind Stone,PW21,Wizards Play Network 2021,5,foil,rare,1,61147,174e631f-f024-41fd-8660-7cc8708ee3a2,0.25,false,false,near_mint,fr,EUR
Le commencement,binder,Molten Rain,MRD,Mirrodin,101,normal,common,1,29944,f888b4d4-31f9-4322-8225-4d7e7a9f4dd5,0.47,false,false,near_mint,fr,EUR
Le commencement,binder,Mountain,10E,Tenth Edition,379,normal,common,2,25646,91df0ada-4828-41ca-9000-5132fcb29e6b,0.12,false,false,near_mint,fr,EUR
Le commencement,binder,Mountain,10E,Tenth Edition,378,normal,common,3,25647,38c1e97b-4d7a-4a76-8999-5c76b4bae9cb,0.18,false,false,near_mint,fr,EUR
Le commencement,binder,Mountain,10E,Tenth Edition,377,normal,common,2,25648,253c7d53-e34b-493b-8d46-da946245bebb,0.17,false,false,near_mint,fr,EUR
Le commencement,binder,Mountain,TSP,Time Spiral,297,normal,common,1,26603,dae3e69d-ec38-43e2-b4a2-3a9064835a97,0.13,false,false,near_mint,fr,EUR
Le commencement,binder,Mountain,TSP,Time Spiral,296,normal,common,1,26604,d3e3961c-d092-4a15-b5db-d7b5c70e4fc1,0.07,false,false,near_mint,fr,EUR
Le commencement,binder,Mountain,TSP,Time Spiral,295,normal,common,1,26605,5c71906a-f885-49ba-a889-8baf4e74cce8,0.06,false,false,near_mint,fr,EUR
Le commencement,binder,Mountain,RAV,Ravnica: City of Guilds,302,normal,common,1,27708,e135c9f9-5099-4029-bc19-dd9a0760d86f,0.11,false,false,near_mint,fr,EUR
Le commencement,binder,Mountain,RAV,Ravnica: City of Guilds,300,normal,common,1,27710,6477ebad-e1e5-4508-aa20-39b47e39a5c6,0.11,false,false,near_mint,fr,EUR
Le commencement,binder,Mountain,ODY,Odyssey,346,normal,common,1,31831,9b396f90-92b1-4cc0-9be8-2f724b39fbc6,0.74,false,false,near_mint,fr,EUR
Le commencement,binder,Mountain,ODY,Odyssey,345,normal,common,1,31832,025e57e4-d088-4ad9-b872-cba327f63e9c,0.5,false,false,near_mint,fr,EUR
Le commencement,binder,Mountain,ODY,Odyssey,344,normal,common,1,31833,e1e88b41-7ae5-40fc-8947-5f5aa03388be,0.39,false,false,near_mint,fr,EUR
Le commencement,binder,Mountain,ODY,Odyssey,343,normal,common,7,31834,3c22765e-a131-4be6-ba48-64b84564ea51,0.39,false,false,near_mint,fr,EUR
Le commencement,binder,Mountain,S99,Starter 1999,166,normal,common,1,34536,8553fa38-6e36-428f-b5bf-14a4b982f7b1,0.44,false,false,near_mint,fr,EUR
Le commencement,binder,Mountain,LTR,The Lord of the Rings: Tales of Middle-earth,268,normal,common,1,83589,e3731001-4e6a-4a91-9e7d-fc2ea039a60b,0.09,false,false,near_mint,fr,EUR
Le commencement,binder,Pyroclasm,10E,Tenth Edition,222,normal,uncommon,1,25851,0c0e7131-db26-448d-afda-f48337a026f0,0.28,false,false,near_mint,fr,EUR
Le commencement,binder,Raging Goblin,10E,Tenth Edition,224,normal,common,2,25848,181ed588-5b9e-4160-967c-ed927b7e0048,0.04,false,false,near_mint,fr,EUR
Le commencement,binder,Reroute,RAV,Ravnica: City of Guilds,139,normal,uncommon,1,27871,42794e10-ddcd-4d2d-ab0c-a6b99b6d4662,0.1,false,false,near_mint,fr,EUR
Le commencement,binder,Scourge of Kher Ridges,FUT,Future Sight,107,normal,rare,1,26230,bede410a-8b5c-48c0-8f5d-d8bd17e0b86b,1.15,false,false,near_mint,fr,EUR
Le commencement,binder,Shivan Meteor,PLC,Planar Chaos,106,normal,uncommon,1,26428,108599c3-f641-48f1-af68-8e9a66c6afbc,0.14,false,false,near_mint,fr,EUR
Le commencement,binder,Shock,8ED,Eighth Edition,222,normal,common,1,30314,daef5f10-ccb5-4304-b04f-b52a7d2f4158,0.09,false,false,near_mint,fr,EUR
Le commencement,binder,Shock,ONS,Onslaught,227,normal,common,1,31076,83c92b5d-103c-4719-a850-690a7010291a,0.19,false,false,near_mint,fr,EUR
Le commencement,binder,Skirk Prospector,ONS,Onslaught,230,normal,common,1,31073,eb545dcd-3a7a-46a7-9c35-d28faebc6d17,0.44,false,false,near_mint,fr,EUR
Le commencement,binder,Spitting Earth,10E,Tenth Edition,238,normal,common,1,25829,475294e2-792c-400b-b5ff-d4bf9e70718e,0.12,false,false,near_mint,fr,EUR
Le commencement,binder,Spitting Earth,7ED,Seventh Edition,220,normal,common,1,32586,0db01746-2734-4686-b443-52de8e379bbe,0.05,false,false,near_mint,fr,EUR
Le commencement,binder,Tephraderm,ONS,Onslaught,239,normal,rare,1,31064,41b65eba-140b-4c1d-b796-8134b7c1ede8,0.18,false,false,near_mint,fr,EUR
Le commencement,binder,Threaten,10E,Tenth Edition,242,normal,uncommon,1,25825,57d467d4-f7d2-403c-9b70-1b054b2c82bc,0.12,false,false,near_mint,fr,EUR
Le commencement,binder,Threaten,9ED,Ninth Edition,223,normal,uncommon,1,28140,31694de6-567f-449e-a5e5-54d2f62be205,0.17,false,false,near_mint,fr,EUR
Le commencement,binder,Ur-Golem's Eye,DST,Darksteel,155,normal,common,1,29506,00cd61eb-a526-46db-8675-334663e0d63a,0.15,false,false,near_mint,fr,EUR
Le commencement,binder,Wildfire,7ED,Seventh Edition,228,normal,rare,1,32578,826fd527-9356-4eec-8542-781116f23eb7,0.42,false,false,near_mint,fr,EUR
Le commencement,binder,Word of Seizing,TSP,Time Spiral,188,normal,rare,1,26712,d6db3c98-ec84-4686-bc21-c8572a736e62,0.16,false,false,near_mint,fr,EUR
Le commencement,binder,Aeon Chronicler,PLC,Planar Chaos,32,normal,rare,1,26502,2fbc2dd2-976b-4239-bef9-ea0f06be79ba,0.18,false,false,near_mint,fr,EUR
Le commencement,binder,Aether Spellbomb,MRD,Mirrodin,141,normal,common,1,29904,f3792e8b-4ad7-4e2d-994c-c4eaac0fa55f,0.29,false,false,near_mint,fr,EUR
Le commencement,binder,Aven Envoy,LGN,Legions,30,normal,common,2,30804,40ead30e-9f96-4fca-b619-fdc8d1b5e2e0,0.07,false,false,near_mint,fr,EUR
Le commencement,binder,Azure Drake,9ED,Ninth Edition,63,normal,uncommon,1,28300,12dab6a1-0f20-4e87-9cb1-8f97eb860999,0.11,false,false,near_mint,fr,EUR
Le commencement,binder,Boomerang,9ED,Ninth Edition,66,normal,common,2,28297,eac61a76-80a5-4bde-9ff3-c8971a218d60,0.16,false,false,near_mint,fr,EUR
Le commencement,binder,Counterspell,7ED,Seventh Edition,67,normal,common,1,32739,29bb1b85-9444-4bfa-b622-092a6873631c,1.28,false,false,near_mint,fr,EUR
Le commencement,binder,Dream's Grip,MRD,Mirrodin,34,normal,common,1,30011,7ffaa6a2-7c86-45b4-8892-b837e05f11a6,0.24,false,false,near_mint,fr,EUR
Le commencement,binder,Dreamborn Muse,10E,Tenth Edition,82,normal,rare,1,26032,53ebb96f-185b-4aa5-ad4b-9c02ce44d387,1.49,false,false,near_mint,fr,EUR
Le commencement,binder,Early Frost,5DN,Fifth Dawn,29,normal,common,1,29466,5989d4c4-bfa4-4b07-ab64-65a3aee6144e,0.14,false,false,near_mint,fr,EUR
Le commencement,binder,Echoing Truth,DST,Darksteel,21,normal,common,2,29640,4aefedd7-1bf5-4148-9084-d7d8f1138140,0.28,false,false,near_mint,fr,EUR
Le commencement,binder,Exhaustion,9ED,Ninth Edition,76,normal,uncommon,1,28287,ae593a2e-42d9-47e3-b6cb-f2e2133944d5,0.12,false,false,near_mint,fr,EUR
Le commencement,binder,Fool's Demise,TSP,Time Spiral,64,normal,uncommon,1,26836,3cbc7ac4-c28e-4155-b3c8-60946653b9b4,0.1,false,false,near_mint,fr,EUR
Le commencement,binder,Frozen Solid,SCG,Scourge,36,normal,common,2,30652,9b89b98d-0245-4b64-b835-d101ce2bd3fa,0.05,false,false,near_mint,fr,EUR
Le commencement,binder,Island,TSP,Time Spiral,289,normal,common,1,26611,ac1a989a-38d4-4225-a41f-37d54f2f42ae,0.13,false,false,near_mint,fr,EUR
Le commencement,binder,Island,RAV,Ravnica: City of Guilds,294,normal,common,1,27716,f9cba2b8-d865-46e8-81f1-752598a0d729,0.09,false,false,near_mint,fr,EUR
Le commencement,binder,Island,RAV,Ravnica: City of Guilds,293,normal,common,1,27717,42a272ca-98a7-4887-b6b7-903a1adc33e0,0.21,false,false,near_mint,fr,EUR
Le commencement,binder,Island,9ED,Ninth Edition,338,normal,common,4,28025,c1cf7cd5-3c25-4760-b783-36e7827154e2,0.11,false,false,near_mint,fr,EUR
Le commencement,binder,Island,9ED,Ninth Edition,337,normal,common,4,28026,d7d7f6bf-051c-45a4-b19e-2a50bbd6398e,0.15,false,false,near_mint,fr,EUR
Le commencement,binder,Island,9ED,Ninth Edition,336,normal,common,4,28027,9d5ab443-b415-45e5-a9f7-539a5299bf27,0.15,false,false,near_mint,fr,EUR
Le commencement,binder,Island,9ED,Ninth Edition,335,normal,common,4,28028,e0eac72f-915b-41a2-a9cf-1707b65d9ac9,0.13,false,false,near_mint,fr,EUR
Le commencement,binder,Island,MRD,Mirrodin,293,normal,common,3,29752,9db3309e-2893-4a39-876f-fd68ea057e22,0.13,false,false,near_mint,fr,EUR
Le commencement,binder,Island,MRD,Mirrodin,291,normal,common,1,29754,9a5235cd-5d25-498d-8e36-7a7c0791f212,0.19,false,false,near_mint,fr,EUR
Le commencement,binder,Island,M20,Core Set 2020,265,normal,common,1,45195,fe7f4393-38f9-43b5-873b-58246183b874,0.12,false,false,near_mint,fr,EUR
Le commencement,binder,Leonin Scimitar,10E,Tenth Edition,331,normal,uncommon,1,25705,a8cceb7b-7166-491f-b471-8e0bc42f611e,0.07,false,false,near_mint,fr,EUR
Le commencement,binder,Loxodon Warhammer,J22,Jumpstart 2022,784,normal,rare,1,76830,ebca896a-6f1e-4235-a725-aa5d57c06181,0.38,false,false,near_mint,fr,EUR
Le commencement,binder,Magus of the Jar,TSP,Time Spiral,67,normal,rare,1,26833,31961041-a9e6-4d96-bd4a-5c5f88a79e74,1.03,false,false,near_mint,fr,EUR
Le commencement,binder,Seat of the Synod,MRD,Mirrodin,283,normal,common,1,29762,5da5587d-6b6c-4645-8cc9-2866d1e6911b,1.06,false,false,near_mint,fr,EUR
Le commencement,binder,Serendib Sorcerer,PLC,Planar Chaos,61,normal,rare,1,26473,0bbfd6aa-2fc9-4628-aa17-3ff0c30dc804,0.16,false,false,near_mint,fr,EUR
Le commencement,binder,Snapping Drake,10E,Tenth Edition,110,normal,common,1,25993,03b2ad93-8287-4b87-88ed-c627bd54fd49,0.09,false,false,near_mint,fr,EUR
Le commencement,binder,Snapping Drake,POR,Portal,67,normal,common,2,37489,7b49dd4c-ead6-4d94-9acb-0518d1f6426e,0.06,false,false,near_mint,fr,EUR
Le commencement,binder,Spiketail Drakeling,TSP,Time Spiral,80,normal,common,2,26820,c752a0b9-cc87-4c3e-a1e8-0162715e011a,0.05,false,false,near_mint,fr,EUR
Le commencement,binder,Surveilling Sprite,RAV,Ravnica: City of Guilds,67,normal,common,1,27943,aec114de-bee9-4a4a-826c-82a836b4bda1,0.07,false,false,near_mint,fr,EUR
Le commencement,binder,Sword of Vengeance,M11,Magic 2011,216,normal,rare,1,21173,96fc0138-46fc-493c-8a28-8630c4759193,0.38,false,false,near_mint,fr,EUR
Le commencement,binder,Telling Time,RAV,Ravnica: City of Guilds,69,normal,uncommon,2,27941,563e6cf4-e86f-4538-85a1-3abbc83b303d,0.16,false,false,near_mint,fr,EUR
Le commencement,binder,Unsummon,10E,Tenth Edition,122,normal,common,1,25977,ebe16e3c-9cf5-4b5a-8ec9-8a2d60f3fcc9,0.18,false,false,near_mint,fr,EUR
Le commencement,binder,Wind Drake,9ED,Ninth Edition,112,normal,common,3,28251,6fed594b-9aa5-4bab-8066-58c3f795d940,0.14,false,false,near_mint,fr,EUR
Le commencement,binder,Wind Drake,6ED,Classic Sixth Edition,106,normal,common,1,35271,91ca5eed-53a3-4da5-b7fc-f08e6cc93946,0.06,false,false,near_mint,fr,EUR
Le commencement,binder,Worldslayer,MRD,Mirrodin,276,normal,rare,1,29769,3cb1b869-3e2d-4447-a12d-e790883feeee,0.68,false,false,near_mint,fr,EUR
Le commencement,binder,Acidic Slime,CMR,Commander Legends,421,normal,uncommon,1,55949,ea04b4f0-b8c4-43aa-8a2b-b72c22fb4517,0.17,false,false,near_mint,fr,EUR
Le commencement,binder,"Aesi, Tyrant of Gyre Strait",CMR,Commander Legends,365,foil,mythic,1,56216,d607b003-6b48-429c-a7fd-45b8dd1bb4f9,9.29,false,false,near_mint,fr,EUR
Le commencement,binder,Arcane Denial,CMR,Commander Legends,393,normal,common,1,55819,a531642c-58dd-4f72-ae2b-38e005ae3a6b,2.03,false,false,near_mint,fr,EUR
Le commencement,binder,Avenger of Zendikar,CMR,Commander Legends,422,normal,mythic,1,55990,03dea775-bbb3-4e9c-8514-0605b5ad2e8b,2.03,false,false,near_mint,fr,EUR
Le commencement,binder,Beast Within,CMR,Commander Legends,423,normal,uncommon,1,56228,e228bede-5972-4381-969b-9de26e570117,1.07,false,false,near_mint,fr,EUR
Le commencement,binder,Blighted Woodland,CMR,Commander Legends,476,normal,uncommon,1,55999,0a949030-a46c-4bac-bedc-c07d5c8464af,0.27,false,false,near_mint,fr,EUR
Le commencement,binder,Coiling Oracle,CMR,Commander Legends,443,normal,common,1,55938,e42b8b16-dd09-466b-ba1e-979e963ea384,0.15,false,false,near_mint,fr,EUR
Le commencement,binder,Command Tower,CMR,Commander Legends,479,normal,common,1,55706,64e72ac3-2b4f-43d8-9708-afe1b67c5d00,0.17,false,false,near_mint,fr,EUR
Le commencement,binder,Compulsive Research,CMR,Commander Legends,394,normal,common,1,56191,c8fcefbc-211f-4ad2-8866-9514f09cd3b3,0.14,false,false,near_mint,fr,EUR
Le commencement,binder,Coral Atoll,CMR,Commander Legends,480,normal,uncommon,1,56108,77e3ea71-ea9f-4bbf-93cb-0f6339f8a3ab,0.19,false,false,near_mint,fr,EUR
Le commencement,binder,Counterspell,CMR,Commander Legends,395,normal,common,1,55897,ce30f926-bc06-46ee-9f35-0cdf09a67043,1.09,false,false,near_mint,fr,EUR
Le commencement,binder,Cultivate,CMR,Commander Legends,424,normal,common,1,56075,5a108064-8143-4b20-a5a2-eeb3b80af82f,0.52,false,false,near_mint,fr,EUR
Le commencement,binder,Elder Deep-Fiend,CMR,Commander Legends,368,normal,rare,1,56063,4cffed4c-4e2b-414a-9b20-90ce21b47d16,0.24,false,false,near_mint,fr,EUR
Le commencement,binder,Eternal Witness,CMR,Commander Legends,425,normal,uncommon,1,56217,d74e7ded-d063-4d90-a9ff-91c44a8098d7,1.17,false,false,near_mint,fr,EUR
Le commencement,binder,Evolving Wilds,CMR,Commander Legends,482,normal,common,1,56198,cb9a25c6-a1b7-4d6c-8a22-b407043a2280,0.07,false,false,near_mint,fr,EUR
Le commencement,binder,Explore,CMR,Commander Legends,426,normal,common,1,56241,f3405ac8-a8e3-4c65-807e-6bfcfa162852,0.2,false,false,near_mint,fr,EUR
Le commencement,binder,Fact or Fiction,CMR,Commander Legends,396,normal,uncommon,1,55628,39b41cb3-ca3d-4389-8f66-e1f77f5fb683,0.16,false,false,near_mint,fr,EUR
Le commencement,binder,Fathom Mage,CMR,Commander Legends,445,normal,rare,1,56199,cbb9c5be-4bca-4c59-bbfc-50378e0404df,0.34,false,false,near_mint,fr,EUR
Le commencement,binder,Forest,CMR,Commander Legends,510,normal,common,8,56124,845057a1-4da1-4a32-9bb2-bbf8502acd37,0.09,false,false,near_mint,fr,EUR
Le commencement,binder,Forest,CMR,Commander Legends,511,normal,common,7,56158,ae3eea1d-4d57-4aee-9ebe-a8eb594d319b,0.08,false,false,near_mint,fr,EUR
Le commencement,binder,Growth Spiral,CMR,Commander Legends,446,normal,common,1,56077,5c0f0add-4ed5-4146-972f-ece8a19e567d,0.43,false,false,near_mint,fr,EUR
Le commencement,binder,Harmonize,CMR,Commander Legends,427,normal,uncommon,1,56008,159e0372-de5e-4830-b690-f5154ed1036c,0.24,false,false,near_mint,fr,EUR
Le commencement,binder,Into the Roil,CMR,Commander Legends,397,normal,common,1,56242,f3463be0-df9e-4cb9-a90f-5d9d2ee729e0,0.33,false,false,near_mint,fr,EUR
Le commencement,binder,Ior Ruin Expedition,CMR,Commander Legends,398,normal,common,1,56251,fd466b20-d11d-419e-8765-9befb9590299,0.15,false,false,near_mint,fr,EUR
Le commencement,binder,Island,CMR,Commander Legends,506,normal,common,8,56170,bb15b40c-9795-42ae-9f88-8b8023b6c010,0.15,false,false,near_mint,fr,EUR
Le commencement,binder,Island,CMR,Commander Legends,507,normal,common,7,56232,e905b6c5-1874-4d3b-8181-bc4bfab73bd7,0.08,false,false,near_mint,fr,EUR
Le commencement,binder,Jungle Basin,CMR,Commander Legends,484,normal,uncommon,1,56214,d4929e39-fccc-450b-bb18-f5ad56a397bd,0.43,false,false,near_mint,fr,EUR
Le commencement,binder,Khalni Heart Expedition,CMR,Commander Legends,428,normal,common,1,56055,45cbbcfb-1b1b-4991-988d-17a22a08d5b0,0.12,false,false,near_mint,fr,EUR
Le commencement,binder,Kodama's Reach,CMR,Commander Legends,429,normal,common,1,55880,c36cb953-0553-462c-bd7e-4193987d36c9,1.22,false,false,near_mint,fr,EUR
Le commencement,binder,Meloku the Clouded Mirror,CMR,Commander Legends,399,normal,rare,1,56085,60b9db96-a6ab-454b-99a7-910ef77560d7,0.48,false,false,near_mint,fr,EUR
Le commencement,binder,Memorial to Genius,CMR,Commander Legends,485,normal,uncommon,1,56195,ca4d1438-95d3-4c2c-8011-7970cbf6fe88,0.06,false,false,near_mint,fr,EUR
Le commencement,binder,Meteor Golem,CMR,Commander Legends,467,normal,uncommon,1,56060,4894b26b-f1ee-4e08-8bab-082a8327c96f,0.11,false,false,near_mint,fr,EUR
Le commencement,binder,"Molimo, Maro-Sorcerer",CMR,Commander Legends,430,normal,rare,1,56039,321f68b5-42ad-4f71-8df4-78075bf68ce5,0.18,false,false,near_mint,fr,EUR
Le commencement,binder,Mulldrifter,CMR,Commander Legends,400,normal,uncommon,1,55781,8e06fc13-6a58-40f8-a3e6-5558a7a0d18f,0.35,false,false,near_mint,fr,EUR
Le commencement,binder,Murkfiend Liege,CMR,Commander Legends,448,normal,rare,1,56173,bcd7296c-ace8-43ea-8164-c69f8843d022,1.52,false,false,near_mint,fr,EUR
Le commencement,binder,"Nezahal, Primal Tide",CMR,Commander Legends,401,normal,rare,1,56151,a959b40d-dd8c-49d8-8003-744d0c877b04,11.54,false,false,near_mint,fr,EUR
Le commencement,binder,Peel from Reality,CMR,Commander Legends,402,normal,common,1,56069,55aec3bd-b52f-4b23-a86a-429fa78a5a6a,0.14,false,false,near_mint,fr,EUR
Le commencement,binder,Rampaging Baloths,CMR,Commander Legends,431,normal,rare,1,56105,766c7781-d94e-482d-98f0-9b135ec5b8ae,0.54,false,false,near_mint,fr,EUR
Le commencement,binder,Rampant Growth,CMR,Commander Legends,432,normal,common,1,56078,5cbceb9b-4212-40b4-913f-e4a19db00fae,0.4,false,false,near_mint,fr,EUR
Le commencement,binder,Ramunap Excavator,CMR,Commander Legends,433,normal,rare,1,56126,8870ef0b-cb1f-463b-8509-fece4743d3d4,1.99,false,false,near_mint,fr,EUR
Le commencement,binder,Reclamation Sage,CMR,Commander Legends,434,normal,uncommon,1,56193,c9574f30-5e9e-4d66-ab07-fc48299e42ee,0.28,false,false,near_mint,fr,EUR
Le commencement,binder,Reliquary Tower,CMR,Commander Legends,488,normal,uncommon,1,55861,bbdf72b4-d188-4d16-a1a9-943cbe3157d6,1.2,false,false,near_mint,fr,EUR
Le commencement,binder,Retreat to Kazandu,CMR,Commander Legends,435,normal,uncommon,1,56068,553ac818-f476-43fd-841c-c91d78c2506e,0.15,false,false,near_mint,fr,EUR
Le commencement,binder,Scourge of Fleets,CMR,Commander Legends,403,normal,rare,1,56149,a79471f9-5cc0-48f5-9fa4-1f1374993825,0.42,false,false,near_mint,fr,EUR
Le commencement,binder,Search for Tomorrow,CMR,Commander Legends,436,normal,common,1,55986,029b6d93-0f7a-4df4-8c01-96cbd5e03315,0.18,false,false,near_mint,fr,EUR
Le commencement,binder,Seer's Sundial,CMR,Commander Legends,470,normal,rare,1,56061,491b8613-d5cd-4749-9c1b-d27a388c616a,0.13,false,false,near_mint,fr,EUR
Le commencement,binder,Sharktocrab,CMR,Commander Legends,450,normal,uncommon,1,56222,db490f74-977f-476d-b8ee-da7b0a98b4c4,0.16,false,false,near_mint,fr,EUR
Le commencement,binder,Shipbreaker Kraken,CMR,Commander Legends,404,normal,rare,1,56033,2e558f0a-f921-4ecf-b1c9-2c93aa2d3fd9,0.23,false,false,near_mint,fr,EUR
Le commencement,binder,Simic Charm,CMR,Commander Legends,451,normal,uncommon,1,56040,3384ee4e-738f-4442-bccd-4f96022b7219,1.51,false,false,near_mint,fr,EUR
Le commencement,binder,Simic Growth Chamber,CMR,Commander Legends,492,normal,uncommon,1,56162,b0b84ef6-ba13-4c65-987e-cc6aa750086c,0.34,false,false,near_mint,fr,EUR
Le commencement,binder,Simic Guildgate,CMR,Commander Legends,493,normal,common,1,56218,d93f0124-eb83-4261-8ad2-5590155274a4,0.16,false,false,near_mint,fr,EUR
Le commencement,binder,Simic Signet,CMR,Commander Legends,471,normal,common,1,56094,6a8ce2ab-d3e6-486c-a577-2d4f2c750cde,0.32,false,false,near_mint,fr,EUR
Le commencement,binder,Simic Sky Swallower,CMR,Commander Legends,452,normal,rare,1,56247,f791b7fa-3d12-409d-b017-cb9fd8b71af7,0.26,false,false,near_mint,fr,EUR
Le commencement,binder,"Slinn Voda, the Rising Deep",CMR,Commander Legends,405,normal,uncommon,1,56208,cebf2c16-bd9d-4a8f-a1b6-6e0c393178bc,0.34,false,false,near_mint,fr,EUR
Le commencement,binder,Sol Ring,CMR,Commander Legends,472,normal,uncommon,1,56072,58b26011-e103-45c4-a253-900f4e6b2eeb,0.94,false,false,near_mint,fr,EUR
Le commencement,binder,Sphinx of Uthuun,CMR,Commander Legends,406,normal,rare,1,56076,5bd5cd33-20e2-4063-b422-2bde13021888,0.14,false,false,near_mint,fr,EUR
Le commencement,binder,Spitting Image,CMR,Commander Legends,453,normal,rare,1,56244,f51d5d93-e4f7-4c83-a89f-f600668d2c29,0.15,false,false,near_mint,fr,EUR
Le commencement,binder,Sporemound,CMR,Commander Legends,437,normal,common,1,55996,092bfc5f-8002-43da-8e70-c19fccfe54ac,0.13,false,false,near_mint,fr,EUR
Le commencement,binder,Stormtide Leviathan,CMR,Commander Legends,407,normal,rare,1,56138,996bb4c0-dc72-4233-9f44-2e25aef71ad7,0.52,false,false,near_mint,fr,EUR
Le commencement,binder,Stumpsquall Hydra,CMR,Commander Legends,367,normal,rare,1,56131,8fe8096b-332a-4832-b957-7a35bb350e4e,0.27,false,false,near_mint,fr,EUR
Le commencement,binder,Swiftfoot Boots,CMR,Commander Legends,474,normal,uncommon,1,55843,b5c45f3d-cf12-4db7-b161-9539ed969ca7,1.31,false,false,near_mint,fr,EUR
Le commencement,binder,Terastodon,CMR,Commander Legends,438,normal,rare,1,56038,32141ae3-0c1c-480c-8f61-90a46d5ce54c,0.31,false,false,near_mint,fr,EUR
Le commencement,binder,Terramorphic Expanse,CMR,Commander Legends,712,normal,common,1,56096,6b92b751-6162-4293-953b-ec7190309a6a,0.97,false,false,near_mint,fr,EUR
Le commencement,binder,Thornwood Falls,CMR,Commander Legends,498,normal,common,1,56233,e918f01a-3c24-440c-9e5b-c8cf47d81a82,0.04,false,false,near_mint,fr,EUR
Le commencement,binder,Trench Behemoth,CMR,Commander Legends,366,normal,rare,1,56132,909dc123-8234-4e81-bb7b-77404d94a87c,0.64,false,false,near_mint,fr,EUR
Le commencement,binder,Tromokratis,CMR,Commander Legends,408,normal,rare,1,56009,160686f3-44fd-4f7a-81cf-d3b5b964bfba,0.16,false,false,near_mint,fr,EUR
Le commencement,binder,Urban Evolution,CMR,Commander Legends,455,normal,uncommon,1,56029,2ba443c5-ed9f-4bc0-8821-0053b536d648,0.2,false,false,near_mint,fr,EUR
Le commencement,binder,Verdant Sun's Avatar,CMR,Commander Legends,439,normal,rare,1,56200,cc2d03a9-815d-4662-a3ee-d6b24047128c,0.26,false,false,near_mint,fr,EUR
Le commencement,binder,Vivid Creek,CMR,Commander Legends,500,normal,uncommon,1,56117,7fde8caf-975e-4d43-b994-27199e0557fa,0.26,false,false,near_mint,fr,EUR
Le commencement,binder,Vivid Grove,CMR,Commander Legends,501,normal,uncommon,1,56118,7fdfbba9-c5f7-426b-8219-8661304ea588,0.19,false,false,near_mint,fr,EUR
Le commencement,binder,Whelming Wave,CMR,Commander Legends,409,normal,rare,1,56225,ddb863a0-3ff8-42a3-a151-4ea9aa433336,0.83,false,false,near_mint,fr,EUR
Le commencement,binder,Wickerbough Elder,CMR,Commander Legends,440,normal,common,1,56152,a969128b-e03d-4f35-bac3-6a852881d27a,0.12,false,false,near_mint,fr,EUR
Le commencement,binder,Woodland Stream,CMR,Commander Legends,503,normal,common,1,56106,77619840-963f-4ff7-9a42-b36e3d53646d,0.1,false,false,near_mint,fr,EUR
Le commencement,binder,Yavimaya Elder,CMR,Commander Legends,441,normal,common,1,56186,c66cfb9b-77bb-4e5a-be31-3a9984af1217,0.15,false,false,near_mint,fr,EUR
Le commencement,binder,Herd Gnarr,TSP,Time Spiral,200,normal,common,1,26700,9cf4fd75-34b1-4afa-b8cd-777dfc9e6376,0.05,false,false,near_mint,fr,EUR
Le commencement,binder,Wood Elves,8ED,Eighth Edition,289,normal,common,1,30247,da7aa861-556b-43a1-bf57-1efbbd438975,0.15,false,false,near_mint,fr,EUR
Le commencement,binder,Willow Elf,S00,Starter 2000,45,normal,common,1,33694,c063a072-0cd4-45fb-ac68-96e359bf3ef5,0.15,false,false,near_mint,fr,EUR
Le commencement,binder,Woodcloaker,SCG,Scourge,134,normal,common,1,30554,4aa85e09-a1cd-473d-98cd-c6a7c7aff949,0.13,false,false,near_mint,fr,EUR
Le commencement,binder,Wirewood Savage,ONS,Onslaught,304,normal,common,1,30999,99982622-98bc-45ae-8642-41cd543f32a8,0.15,false,false,near_mint,fr,EUR
Le commencement,binder,Nourish,DST,Darksteel,78,normal,common,1,29583,0597dd97-fe6f-4e74-88e5-35528ada0140,0.14,false,false,near_mint,fr,EUR
Le commencement,binder,Thrill of the Hunt,TSP,Time Spiral,229,normal,common,1,26671,e8fe0c8e-f361-4eac-8c2c-ca6602dad352,0.06,false,false,near_mint,fr,EUR
Le commencement,binder,Divergent Growth,SCG,Scourge,116,normal,common,2,30572,0e609448-7868-4e28-b399-3750556a693c,0.15,false,false,near_mint,fr,EUR
Le commencement,binder,Battlegrowth,MRD,Mirrodin,113,normal,common,1,29932,2b34e76b-86b3-464e-93e7-c3f2074028fb,0.02,false,false,near_mint,fr,EUR
Le commencement,binder,Mwonvuli Acid-Moss,TSP,Time Spiral,207,normal,common,1,26693,6841dbf6-5023-4612-bbd7-182fd35b05c8,1.38,false,false,near_mint,fr,EUR
Le commencement,binder,Centaur Glade,ONS,Onslaught,251,normal,uncommon,1,31052,1c75f9c8-9640-4f64-b32a-916436e461fc,0.08,false,false,near_mint,fr,EUR
Le commencement,binder,Sprouting Vines,SCG,Scourge,128,normal,common,2,30560,3a3246a6-b604-4f9f-adb9-3692e0fa8638,0.12,false,false,near_mint,fr,EUR
Le commencement,binder,Fertile Imagination,DIS,Dissension,84,normal,uncommon,1,27341,e5c879af-a092-4cc4-a53d-760553d94864,0.18,false,false,near_mint,fr,EUR
Le commencement,binder,Deep Reconnaissance,ODY,Odyssey,236,normal,uncommon,1,31941,148ce683-3911-4b77-9e07-3985766a3777,0.15,false,false,near_mint,fr,EUR
Le commencement,binder,One Dozen Eyes,MRD,Mirrodin,126,normal,uncommon,1,29919,c3216148-f64e-434b-80b8-772f6eb831ca,0.07,false,false,near_mint,fr,EUR
Le commencement,binder,Untamed Wilds,7ED,Seventh Edition,279,normal,uncommon,1,32527,ba496182-b249-40fa-8fdf-9823d521fcd9,0.27,false,false,near_mint,fr,EUR
Le commencement,binder,Explosive Vegetation,ONS,Onslaught,263,normal,uncommon,1,31040,da6efd31-ab5e-46ff-80d2-9382438e302c,0.32,false,false,near_mint,fr,EUR
Le commencement,binder,Overrun,10E,Tenth Edition,284,normal,uncommon,1,25767,94bea6a3-a8eb-42c5-9224-89cdac7e8523,0.1,false,false,near_mint,fr,EUR
Le commencement,binder,Muscle Burst,ODY,Odyssey,252,normal,common,1,31925,217dada5-7ffc-488b-8062-34c034906ea9,0.04,false,false,near_mint,en,EUR
Le commencement,binder,Vintara Elephant,PCY,Prophecy,131,normal,common,1,33549,f99f7aef-7398-4e10-9f4e-68e7c294c101,0.11,false,false,near_mint,fr,EUR
Le commencement,binder,Ravaging Riftwurm,FUT,Future Sight,135,normal,uncommon,1,26202,5e09949e-c8cd-4bb4-9ed4-699abbc7ad3c,0.23,false,false,near_mint,fr,EUR
Le commencement,binder,Craw Wurm,10E,Tenth Edition,257,normal,common,1,25801,da6b8e11-b799-4235-bd8f-c4b55946c769,0.04,false,false,near_mint,fr,EUR
Le commencement,binder,Spined Wurm,10E,Tenth Edition,298,normal,common,2,25747,e855e965-e01c-4203-bc5b-84646e99ac11,0.04,false,false,near_mint,fr,EUR
Le commencement,binder,Tunneler Wurm,JUD,Judgment,135,normal,uncommon,1,31463,c8e246c8-3b3f-47c4-8a1b-b5f2d36f0ca4,0.07,false,false,near_mint,fr,EUR
Le commencement,binder,Spined Wurm,8ED,Eighth Edition,279,normal,common,1,30257,ba620b1b-d333-443b-961a-25f65ca49a1e,0.07,false,false,near_mint,fr,EUR
Le commencement,binder,Metamorphic Wurm,ODY,Odyssey,250,normal,uncommon,1,31927,f47e020a-ed73-465a-b7eb-a4eeccd096cc,0.13,false,false,near_mint,fr,EUR
Le commencement,binder,Enormous Baloth,10E,Tenth Edition,263,normal,uncommon,1,25794,f698125f-3961-4295-8dcf-3227ec9f4694,0.07,false,false,near_mint,fr,EUR
Le commencement,binder,Titanic Bulvox,SCG,Scourge,129,normal,common,3,30559,3f42c4d7-b555-449c-a539-119c1ae62232,0.07,false,false,near_mint,fr,EUR
Le commencement,binder,Durkwood Baloth,TSP,Time Spiral,193,normal,common,1,26707,670521c3-df02-487d-a299-49419e41889f,0.08,false,false,near_mint,fr,EUR
Le commencement,binder,Spitting Gourna,ONS,Onslaught,284,normal,common,2,31019,746b98bf-5398-4a00-b4fe-a990ea9cfd77,0.05,false,false,near_mint,fr,EUR
Le commencement,binder,Groffskithur,MRD,Mirrodin,121,normal,common,1,29924,75e84098-c15c-40f4-9d8a-3fa5da26a268,0.06,false,false,near_mint,fr,EUR
Le commencement,binder,Barkhide Mauler,ONS,Onslaught,246,normal,common,1,31057,b9196ce7-3ff4-4dda-a628-559ada11c9ba,0.07,false,false,near_mint,fr,EUR
Le commencement,binder,Regeneration,9ED,Ninth Edition,265,normal,uncommon,2,28098,2f6b0bf1-0506-4d55-8e78-22d50a6edec4,0.1,false,false,near_mint,fr,EUR
Le commencement,binder,Fog,7ED,Seventh Edition,245,normal,common,1,32561,6213c038-d231-4e61-b0ec-d1e39637e5c3,0.23,false,false,near_mint,en,EUR
Le commencement,binder,Anaconda,7ED,Seventh Edition,229,normal,uncommon,1,32577,5eb01c40-8fd7-483f-a0da-e1a3db6c93ef,0.17,false,false,near_mint,en,EUR
Le commencement,binder,Crown of Vigor,PSAL,Salvat 2005,D6,normal,common,1,53152,1be3e4c2-4b01-4d03-9812-316642ccda15,0.08,false,false,near_mint,fr,EUR
Le commencement,binder,Timberwatch Elf,PSAL,Salvat 2005,B18,normal,common,1,53140,15dc03b5-ad30-4556-ac56-91e3266c827c,0.21,false,false,near_mint,fr,EUR
Le commencement,binder,Wirewood Pride,ONS,Onslaught,303,normal,common,1,31000,a559e844-06c9-4953-bc2c-a58e4170fe47,0.29,false,false,near_mint,fr,EUR
Le commencement,binder,Wood Elves,9ED,Ninth Edition,283,normal,common,2,28080,f6cea55e-f85a-4f0f-b845-386d5c3fd9db,0.19,false,false,near_mint,fr,EUR
Le commencement,binder,Elvish Aberration,SCG,Scourge,118,normal,uncommon,3,30570,137d326f-83e1-449a-b934-71c7986c64e7,0.13,false,false,near_mint,fr,EUR
Le commencement,binder,Wood Elves,7ED,Seventh Edition,284,normal,common,1,32522,263feecf-a657-4892-a2bb-cd7080d283c2,0.21,false,false,near_mint,fr,EUR
Le commencement,binder,Llanowar Elite,PSAL,Salvat 2005,B16,normal,common,1,53263,4aa575b6-6a9c-4795-82c4-6bdc22838759,0.06,false,false,near_mint,fr,EUR
Le commencement,binder,Commune with Nature,10E,Tenth Edition,256,normal,common,3,25802,b760d616-b73a-4c7f-8a38-5606a9a321e3,0.1,false,false,near_mint,fr,EUR
Le commencement,binder,Fierce Empath,SCG,Scourge,119,normal,common,3,30569,d237e169-f152-4ddf-a5a1-32ca46cfa16d,0.22,false,false,near_mint,fr,EUR
Le commencement,binder,Rampant Growth,10E,Tenth Edition,288,normal,common,2,25760,ee662f0a-f874-464c-8206-d4ff427daf2b,0.2,false,false,near_mint,fr,EUR
Le commencement,binder,Accelerated Mutation,SCG,Scourge,109,normal,common,3,30579,282f808c-0b58-4b98-aeda-f606a10d1a4b,0.03,false,false,near_mint,fr,EUR
Le commencement,binder,Krosan Drover,SCG,Scourge,122,normal,common,3,30566,e92a7141-119f-4bf8-a82d-eb7c0c37185c,0.09,false,false,near_mint,fr,EUR
Le commencement,binder,Craw Wurm,9ED,Ninth Edition,233,normal,common,4,28130,19eee2f9-676d-4d98-a19e-ff5d841c636f,0.08,false,false,near_mint,fr,EUR
Le commencement,binder,Elvish Pioneer,8ED,Eighth Edition,243,normal,common,1,30293,88244522-1cf3-40a6-9ff7-bb78f2151b60,0.22,false,false,near_mint,fr,EUR
Le commencement,binder,Sylvan Messenger,PSAL,Salvat 2005,B14,normal,uncommon,1,53555,cac7358b-21f4-4836-804e-ce1869f40a0a,0.08,false,false,near_mint,fr,EUR
Le commencement,binder,Viridian Scout,5DN,Fifth Dawn,100,normal,common,1,29395,3260a427-b67f-4908-8c56-5c0fab009598,0.07,false,false,near_mint,fr,EUR
Le commencement,binder,Elvish Pathcutter,ONS,Onslaught,256,normal,common,1,31047,c7d810b8-1a15-46cc-9d9d-871ac43b7036,0.04,false,false,near_mint,fr,EUR
Le commencement,binder,Tel-Jilad Outrider,DST,Darksteel,87,normal,common,1,29574,1d811d8f-437b-4c9f-8ea2-c85590a07935,0.04,false,false,near_mint,fr,EUR
Le commencement,binder,Viridian Acolyte,DST,Darksteel,89,normal,common,1,29572,64448241-978c-43e0-b0ea-b4bb3e25b715,0.03,false,false,near_mint,fr,EUR
Le commencement,binder,Skyshroud Ranger,10E,Tenth Edition,297,normal,common,2,25748,9a2fd9e5-1986-4998-b08c-80897b9b27e7,0.75,false,false,near_mint,fr,EUR
Le commencement,binder,Krosan Tusker,ONS,Onslaught,272,normal,common,1,31031,0b872f85-60c5-44c4-956d-a8aa8132908b,0.26,false,false,near_mint,fr,EUR
Le commencement,binder,Silt Crawler,PCY,Prophecy,123,normal,common,1,33557,f334e864-4e62-4bc3-9470-661be3d879e2,0.06,false,false,near_mint,fr,EUR
Le commencement,binder,Hundroog,LGN,Legions,129,normal,common,1,30705,f525c356-88ca-4e2e-8f06-663be101e34f,0.07,false,false,near_mint,fr,EUR
Le commencement,binder,Treespring Lorian,ONS,Onslaught,293,normal,common,1,31010,f525d7ce-37d3-4989-beb4-173447cb5294,0.05,false,false,near_mint,fr,EUR
Le commencement,binder,Kurgadon,SCG,Scourge,124,normal,uncommon,3,30564,52a1758c-849a-4de3-b674-857c3c9bf399,0.11,false,false,near_mint,fr,EUR
Le commencement,binder,Stampeding Wildebeests,10E,Tenth Edition,300,normal,uncommon,1,25745,b0912be9-afa5-4ca9-940a-682df7f993fd,0.09,false,false,near_mint,fr,EUR
Le commencement,binder,Fangren Pathcutter,5DN,Fifth Dawn,87,normal,uncommon,1,29408,59679bcf-4436-48f8-bc6a-d7e0ec6b04c9,0.1,false,false,near_mint,fr,EUR
Le commencement,binder,Branchsnap Lorian,LGN,Legions,118,normal,uncommon,1,30716,52118ff1-ad76-4b97-9fdc-6adfe80140f8,0.12,false,false,near_mint,fr,EUR
Le commencement,binder,Order of the Sacred Bell,9ED,Ninth Edition,261,normal,common,1,28102,310500b2-8539-441e-af89-81ddfa8ef080,0.07,false,false,near_mint,fr,EUR
Le commencement,binder,Promised Kannushi,SOK,Saviors of Kamigawa,141,normal,common,1,28397,7aac4236-9573-4cff-88d9-711a56da4346,0.04,false,false,near_mint,fr,EUR
Le commencement,binder,Fa'adiyah Seer,PLC,Planar Chaos,146,normal,common,1,26388,6a9985e8-535d-4815-8a58-a98c3edb68d4,0.04,false,false,near_mint,fr,EUR
Le commencement,binder,Diligent Farmhand,ODY,Odyssey,237,normal,common,1,31940,7bb40e09-6855-46d5-9bc9-bc6b2b0d7653,0.36,false,false,near_mint,fr,EUR
Le commencement,binder,Springing Tiger,ODY,Odyssey,272,normal,common,1,31905,04462629-fb03-40e8-84e6-4a66e4d5392b,0.07,false,false,near_mint,fr,EUR
Le commencement,binder,Street Savvy,DIS,Dissension,97,normal,common,1,27328,19b5b4fc-e1de-4520-9524-f9c4aa89b252,0.05,false,false,near_mint,fr,EUR
Le commencement,binder,Rootwalla,10E,Tenth Edition,293,normal,common,2,25753,4ed6122e-670f-4b02-a774-2c230f369147,0.05,false,false,near_mint,fr,EUR
Le commencement,binder,Kavu Climber,10E,Tenth Edition,273,normal,common,1,25783,b343c2ba-e646-4614-aace-9f8772974069,0.08,false,false,near_mint,fr,EUR
Le commencement,binder,Llanowar Behemoth,8ED,Eighth Edition,261,normal,uncommon,1,30275,05ce566a-9385-47a5-8420-f3ffcd88eae9,0.09,false,false,near_mint,fr,EUR
Le commencement,binder,Zodiac Monkey,9ED,Ninth Edition,285,normal,common,3,28078,1670108c-c3c8-4052-8f19-30dcb2266774,0.05,false,false,near_mint,fr,EUR
Le commencement,binder,Cartographer,ODY,Odyssey,232,normal,common,1,31945,8241680d-6453-44ac-ab0f-3e7ebdd31e89,0.14,false,false,near_mint,fr,EUR
Le commencement,binder,King Cheetah,9ED,Ninth Edition,250,normal,uncommon,1,28113,82fc34b5-7558-41b1-97e4-1ee13527dec4,0.22,false,false,near_mint,fr,EUR
Le commencement,binder,Kavu Climber,9ED,Ninth Edition,249,normal,common,1,28114,e1310a1e-8cb9-4f43-a627-c8d96d600c36,0.05,false,false,near_mint,fr,EUR
Le commencement,binder,Redwood Treefolk,7ED,Seventh Edition,264,normal,common,1,32542,9cc6d29d-2915-418d-856f-13b05430dfda,0.07,false,false,near_mint,fr,EUR
Le commencement,binder,Uktabi Drake,PLC,Planar Chaos,141,normal,common,1,26393,8ed3fcd5-0e84-4332-ac84-19b75265ab52,0.08,false,false,near_mint,fr,EUR
Le commencement,binder,Mire Boa,PLC,Planar Chaos,135,normal,common,2,26399,190dffdc-9d85-430d-9aea-b75084104840,0.1,false,false,near_mint,fr,EUR
Le commencement,binder,Tel-Jilad Exile,MRD,Mirrodin,133,normal,common,1,29912,e3529277-8409-45fe-9f29-64354597e918,0.05,false,false,near_mint,fr,EUR
Le commencement,binder,Tangle Spider,DST,Darksteel,85,normal,common,1,29576,3ca75ce1-8f4e-4980-adb7-5816446d56a9,0.05,false,false,near_mint,fr,EUR
Le commencement,binder,Giant Spider,9ED,Ninth Edition,244,normal,common,2,28119,072bcf42-6e13-4388-ac47-f91aaa7029d1,0.11,false,false,near_mint,fr,EUR
Le commencement,binder,Tangle Spider,10E,Tenth Edition,303,normal,uncommon,1,25741,8f1e75e1-a827-46c1-896f-cd8fbdf79fa8,0.1,false,false,near_mint,fr,EUR
Le commencement,binder,Nullmage Advocate,JUD,Judgment,126,normal,common,1,31472,1c29991d-82f2-479d-95ca-5c88e9f3f219,0.07,false,false,near_mint,fr,EUR
Le commencement,binder,Nantuko Vigilante,LGN,Legions,132,normal,common,1,30702,e7474849-a6b4-4f3b-a836-37b88c26047b,0.38,false,false,near_mint,fr,EUR
Le commencement,binder,Giant Warthog,JUD,Judgment,118,normal,common,1,31480,c402ef0e-51e7-4da6-a434-b99c5d435698,0.2,false,false,near_mint,fr,EUR
Le commencement,binder,Rootbreaker Wurm,9ED,Ninth Edition,267,normal,uncommon,1,28096,ae084007-69ba-4857-9b0c-28455897f25c,0.09,false,false,near_mint,fr,EUR
Le commencement,binder,Summer Bloom,6ED,Classic Sixth Edition,255,normal,uncommon,1,35122,185823cc-8c08-481f-9429-e996f4983090,0.57,false,false,near_mint,fr,EUR
Le commencement,binder,Utopia Mycon,FUT,Future Sight,140,normal,uncommon,1,26197,b9d3d285-8327-4dba-911b-ff03b186f6b8,0.43,false,false,near_mint,fr,EUR
Le commencement,binder,Starved Rusalka,GPT,Guildpact,97,normal,uncommon,1,27498,25b4aec5-0a7d-4b1c-8819-ea675d415eac,0.05,false,false,near_mint,fr,EUR
Le commencement,binder,Hunted Wumpus,10E,Tenth Edition,269,normal,uncommon,1,25787,f752fb0c-31c4-4338-91c5-f2471c38d345,0.14,false,false,near_mint,fr,EUR
Le commencement,binder,Indrik Stomphowler,DIS,Dissension,86,normal,uncommon,1,27339,fe57b3a2-0fd9-4f99-bb2b-828979dbcfc3,0.08,false,false,near_mint,fr,EUR
Le commencement,binder,Battlewand Oak,LRW,Lorwyn,197,normal,common,1,25245,8a128ea6-cd00-4410-8dc4-cf66ce6f0fa1,0.08,false,false,near_mint,fr,EUR
Le commencement,binder,Wall of Roots,TSB,Time Spiral Timeshifted,89,normal,special,1,26932,da80cb2d-2385-4a1a-9c93-c623102e9c50,0.49,false,false,near_mint,fr,EUR
Le commencement,binder,Kavu Primarch,FUT,Future Sight,128,normal,common,1,26209,d19216a1-4fe2-496e-9ef4-6ac652e5b7ca,0.06,false,false,near_mint,fr,EUR
Le commencement,binder,Trained Armodon,7ED,Seventh Edition,275,normal,common,1,32531,bc7c1774-908f-43ab-b589-e46606267381,0.1,false,false,near_mint,fr,EUR
Le commencement,binder,Rabid Elephant,ODY,Odyssey,263,normal,common,1,31914,fe394a38-ee44-4342-adcf-8c65d14f4978,0.11,false,false,near_mint,fr,EUR
Le commencement,binder,Leaf Dancer,ODY,Odyssey,249,normal,common,1,31928,aebab65c-7d5f-4086-8eb1-7dc445e801e9,0.05,false,false,near_mint,fr,EUR
Le commencement,binder,Venerable Kumo,CHK,Champions of Kamigawa,248,normal,common,1,28977,308566ed-18cc-4e3b-b5ab-d5b17795f2f1,0.04,false,false,near_mint,fr,EUR
Le commencement,binder,Scaled Hulk,BOK,Betrayers of Kamigawa,143,normal,common,1,28566,3b27457e-2c40-4983-9680-b7292db4c668,0.04,false,false,near_mint,fr,EUR
Le commencement,binder,Rootwalla,9ED,Ninth Edition,268,normal,common,1,28095,08436832-2aab-47b0-b0da-b1b153e4b200,0.07,false,false,near_mint,fr,EUR
Le commencement,binder,Tel-Jilad Wolf,DST,Darksteel,88,normal,common,2,29573,ac40a1c6-88df-4f01-aa59-4ef3c6b57e75,0.06,false,false,near_mint,fr,EUR
Le commencement,binder,Simic Ragworm,DIS,Dissension,93,normal,common,3,27332,fa1f4b84-dd5d-4f5f-808e-26ef9414b38a,0.12,false,false,near_mint,fr,EUR
Le commencement,binder,Symbiotic Beast,ONS,Onslaught,287,normal,uncommon,2,31016,bb61443d-e47a-4fe1-b777-67a3670a5a56,0.09,false,false,near_mint,fr,EUR
Le commencement,binder,Krosan Constrictor,TOR,Torment,129,normal,common,1,31612,f24b3479-18c3-4c43-b8d1-8b4a25d271a7,0.06,false,false,near_mint,fr,EUR
Le commencement,binder,Virulent Sliver,FUT,Future Sight,155,normal,common,1,26182,66de9c95-e590-4b0d-a2d7-886d7a488a10,0.23,false,false,near_mint,fr,EUR
Le commencement,binder,Gorilla Chieftain,7ED,Seventh Edition,250,normal,common,1,32556,9e76185a-519f-4bec-b399-989ebddbab71,0.11,false,false,near_mint,fr,EUR
Le commencement,binder,Krosan Archer,ODY,Odyssey,246,normal,common,1,31931,e188562f-8219-4fb0-ac2c-5618cfb00bca,0.07,false,false,near_mint,fr,EUR
Le commencement,binder,Twigwalker,ODY,Odyssey,279,normal,uncommon,1,31898,90b8ba27-c3bb-48cf-b831-518f5d255c2e,0.13,false,false,near_mint,fr,EUR
Le commencement,binder,Shanodin Dryads,7ED,Seventh Edition,269,normal,common,1,32537,90e8ff87-22e8-4c04-84bc-f0ea2c12a86c,0.05,false,false,near_mint,fr,EUR
Le commencement,binder,Falling Timber,PLS,Planeshift,79,normal,common,1,32872,6e54c84d-ccc9-4c52-b02c-e0392e8fe447,0.07,false,false,near_mint,fr,EUR
Le commencement,binder,Lone Wolf,7ED,Seventh Edition,254,normal,common,1,32552,67f885c7-4947-4041-ab82-b5e8dc167f0d,0.07,false,false,near_mint,fr,EUR
Le commencement,binder,Recollect,10E,Tenth Edition,289,normal,uncommon,1,25759,37eb6ca3-0d7f-45ba-99d2-283d517f1463,0.13,false,false,near_mint,fr,EUR
Le commencement,binder,Trophy Hunter,RAV,Ravnica: City of Guilds,187,normal,uncommon,3,27823,f18d1047-9010-437c-94ab-7a8ad3a0250f,0.16,false,false,near_mint,fr,EUR
Le commencement,binder,Enormous Baloth,8ED,Eighth Edition,S6,normal,uncommon,1,30531,a9256cc2-d4b5-4103-bda8-2d9c98c4fd7d,0.15,false,false,near_mint,fr,EUR
Le commencement,binder,Brontotherium,LGN,Legions,119,normal,uncommon,1,30715,a171f5e2-ed3d-4675-a4fc-953ebb907aa0,0.11,false,false,near_mint,fr,EUR
Le commencement,binder,Citanul Woodreaders,PLC,Planar Chaos,125,normal,common,1,26409,dc14556a-1bf4-4024-ba5b-2a4753fc236b,0.09,false,false,near_mint,fr,EUR
Le commencement,binder,Giant Dustwasp,PLC,Planar Chaos,129,normal,common,1,26405,13d6938b-89e6-4cf2-8372-17f1682124ec,0.05,false,false,near_mint,fr,EUR
Le commencement,binder,Dragon Fangs,SCG,Scourge,117,normal,common,2,30571,9754f52f-8937-4402-8956-2c18b520898a,0.19,false,false,near_mint,fr,EUR
Le commencement,binder,Moldervine Cloak,RAV,Ravnica: City of Guilds,173,normal,uncommon,1,27837,871c3f80-aaa7-485f-b519-57363f5905dd,0.06,false,false,near_mint,fr,EUR
Le commencement,binder,Still Life,ODY,Odyssey,275,normal,uncommon,1,31902,12be33d7-f25e-4dbf-9706-74403103b127,0.09,false,false,near_mint,fr,EUR
Le commencement,binder,Elvish Berserker,10E,Tenth Edition,260,normal,common,1,25798,777633d7-e31c-4ea3-a085-2858d6ee6040,0.04,false,false,near_mint,fr,EUR
Le commencement,binder,Everglove Courier,ONS,Onslaught,262,normal,uncommon,1,31041,13bf5786-e41a-4839-b8a0-5c7a413b23d0,0.05,false,false,near_mint,fr,EUR
Le commencement,binder,Sylvok Explorer,5DN,Fifth Dawn,93,normal,common,2,29402,3ed328af-bc0d-4a9d-a9ee-bc0196a2afaf,0.09,false,false,near_mint,fr,EUR
Le commencement,binder,Regeneration,7ED,Seventh Edition,265,normal,common,1,32541,6d9ea671-f3e9-4e17-b98a-51fac48f875e,0.03,false,false,near_mint,fr,EUR
Le commencement,binder,Blanchwood Armor,7ED,Seventh Edition,232,normal,uncommon,1,32574,97ee5083-078f-4e76-a172-8f2edf98aa80,0.14,false,false,near_mint,fr,EUR
Le commencement,binder,Fertile Ground,8ED,Eighth Edition,248,normal,common,1,30288,229a4a86-b9ce-415c-9343-db4211cac7b8,0.09,false,false,near_mint,fr,EUR
Le commencement,binder,Thoughtleech,7ED,Seventh Edition,274,normal,uncommon,1,32532,95e214df-93a2-4d21-8818-cc00bff1b318,0.2,false,false,near_mint,fr,EUR
Le commencement,binder,Break Asunder,SCG,Scourge,113,normal,common,1,30575,fb989895-a5c7-4151-8620-ab277d826303,0.08,false,false,near_mint,fr,EUR
Le commencement,binder,Tel-Jilad Archers,MRD,Mirrodin,131,normal,common,1,29914,3a1fde33-e86a-4146-9c90-4616a5fc0868,0.05,false,false,near_mint,fr,EUR
Le commencement,binder,Birchlore Rangers,PSAL,Salvat 2005,B52,normal,common,1,53242,3f37c7ea-e8fe-4d1d-8ff7-93307cd7681e,0.39,false,false,near_mint,fr,EUR
Le commencement,binder,Werebear,ODY,Odyssey,282,normal,common,1,31895,964cf7e3-932d-432f-8ad4-9bd651aada96,0.25,false,false,near_mint,fr,EUR
Le commencement,binder,Vitality Charm,ONS,Onslaught,296,normal,common,1,31007,e1abae21-ed8f-4e21-b227-f721b840c11f,0.14,false,false,near_mint,fr,EUR
Le commencement,binder,Wirewood Herald,ONS,Onslaught,302,normal,common,1,31001,35724e9f-efa6-47e7-ab4d-7defe38ba576,0.36,false,false,near_mint,fr,EUR
Le commencement,binder,Quirion Explorer,PLS,Planeshift,90,normal,common,1,32861,141a031d-f899-497b-adf7-4af142078085,0.12,false,false,near_mint,fr,EUR
Le commencement,binder,Trolls of Tel-Jilad,MRD,Mirrodin,136,normal,uncommon,2,29909,6535f2ad-6cda-4be9-8e4f-6f062b63be31,0.06,false,false,near_mint,fr,EUR
Le commencement,binder,Civic Wayfinder,10E,Tenth Edition,255,normal,common,2,25803,76d01445-ada9-452e-a6c0-d9dff59755f9,0.03,false,false,near_mint,fr,EUR
Le commencement,binder,Blanchwood Armor,10E,Tenth Edition,253,normal,uncommon,2,25807,dd07ac98-f705-485e-8336-86f7cafd9055,0.14,false,false,near_mint,fr,EUR
Le commencement,binder,Trained Armodon,9ED,Ninth Edition,274,normal,common,3,28089,3c5855f7-b100-4338-bb30-203fa275cba3,0.03,false,false,near_mint,fr,EUR
Le commencement,binder,Lone Wolf,8ED,Eighth Edition,262,normal,common,1,30274,309d32e9-c9b0-46bb-8d99-1ddd2e34a60b,0.13,false,false,near_mint,fr,EUR
Le commencement,binder,Rampant Growth,9ED,Ninth Edition,263,normal,common,1,28100,a429a983-d28e-46e7-816f-0398428db11a,0.1,false,false,near_mint,fr,EUR
Le commencement,binder,Perilous Forays,RAV,Ravnica: City of Guilds,176,normal,uncommon,1,27834,4210a148-d16c-42de-b0d6-83c05c553dd4,0.42,false,false,near_mint,fr,EUR
Le commencement,binder,Argivian Restoration,DDF,Duel Decks: Elspeth vs. Tezzeret,69,normal,uncommon,1,21048,fd7d85bd-121b-4a82-a1b7-9becd5845159,0.13,false,false,near_mint,fr,EUR
Le commencement,binder,Mystic Restraints,CHK,Champions of Kamigawa,76,normal,common,1,29150,96cc4428-3f86-4359-927d-4009ada52c5d,0.02,false,false,near_mint,fr,EUR
Le commencement,binder,Coast Watcher,SCG,Scourge,30,normal,common,2,30658,6bbbc67d-99d0-4277-a8f2-64509e59ec00,0.11,false,false,near_mint,fr,EUR
Le commencement,binder,Storm Crow,7ED,Seventh Edition,100,normal,common,2,32706,7e573308-40d0-43ce-be04-dbab6bc1ed35,0.08,false,false,near_mint,fr,EUR
Le commencement,binder,Sage Aven,9ED,Ninth Edition,95,normal,common,3,28268,af71e998-0ce3-4533-84cd-91cc6f288986,0.05,false,false,near_mint,fr,EUR
Le commencement,binder,Shoreline Ranger,SCG,Scourge,51,normal,common,3,30637,eed813c4-fff0-43f1-bc62-cbc3a126d600,0.03,false,false,near_mint,fr,EUR
Le commencement,binder,Giant Albatross,HML,Homelands,27a,normal,common,2,39268,bce05870-74d3-43f1-92d0-dc1744c0138d,0.17,false,false,near_mint,fr,EUR
Le commencement,binder,Aven Fisher,8ED,Eighth Edition,61,normal,common,1,30475,adfc5265-7e38-4f2e-85ae-08f34eaffb89,0.06,false,false,near_mint,fr,EUR
Le commencement,binder,Aven Augur,FUT,Future Sight,32,normal,common,2,26305,c7599618-cbd9-4013-b0a5-4ba77fd52ab4,0.12,false,false,near_mint,fr,EUR
Le commencement,binder,Aven Fisher,9ED,Ninth Edition,61,normal,common,3,28302,62d3d4fe-0f94-4989-892d-210ae0be67d8,0.04,false,false,near_mint,fr,EUR
Le commencement,binder,Aven Windreader,10E,Tenth Edition,69,normal,common,2,26049,3a67d7ae-3117-433f-ad82-44a4f015fecf,0.02,false,false,near_mint,fr,EUR
Le commencement,binder,Aven Fisher,ODY,Odyssey,63,normal,common,2,32114,5b27130d-2296-4076-9829-15ab63081896,0.09,false,false,near_mint,fr,EUR
Le commencement,binder,Drowned Rusalka,GPT,Guildpact,24,normal,uncommon,1,27571,68864836-799e-467d-97cc-38c89f71afcf,0.38,false,false,near_mint,fr,EUR
Le commencement,binder,Shinen of Flight's Wings,SOK,Saviors of Kamigawa,57,normal,common,1,28481,67cdad5d-5979-4bbd-90a4-00173d23707b,0.08,false,false,near_mint,fr,EUR
Le commencement,binder,Zephyr Spirit,RAV,Ravnica: City of Guilds,76,normal,common,2,27934,e6cbe78f-4325-416b-bf23-282efed5b407,0.03,false,false,near_mint,fr,EUR
Le commencement,binder,Oboro Breezecaller,SOK,Saviors of Kamigawa,48,normal,common,1,28490,a382a9b8-0b19-46c2-a547-a22d6e23d0ac,0.17,false,false,near_mint,fr,EUR
Le commencement,binder,Jodah's Avenger,PLC,Planar Chaos,42,normal,uncommon,1,26492,6c92ae75-a209-4cc4-8817-06ff18f3ac02,0.1,false,false,near_mint,fr,EUR
Le commencement,binder,Aquamorph Entity,PLC,Planar Chaos,33,normal,common,6,26501,9781ab73-5c79-41f3-b319-c9299b03353a,0.09,false,false,near_mint,fr,EUR
Le commencement,binder,Slipstream Serpent,TSP,Time Spiral,77,normal,common,1,26823,b8dc6ee4-4b8a-4746-9d3f-4f66b3809670,0.06,false,false,near_mint,fr,EUR
Le commencement,binder,Aquamorph Entity,PLC,Planar Chaos,33,foil,common,1,26501,9781ab73-5c79-41f3-b319-c9299b03353a,0.26,false,false,near_mint,fr,EUR
Le commencement,binder,Sea Monster,8ED,Eighth Edition,99,normal,common,1,30437,9a5094b8-085f-4a68-81bf-b1a7ab423ac4,0.05,false,false,near_mint,fr,EUR
Le commencement,binder,Sea Monster,7ED,Seventh Edition,97,normal,common,1,32709,258c8829-80f5-49d3-9887-e6ed276440c9,0.05,false,false,near_mint,fr,EUR
Le commencement,binder,Sea Monster,9ED,Ninth Edition,96,normal,common,2,28267,6ee7c3e0-e016-445f-ab3a-3e2d5c26bdac,0.06,false,false,near_mint,fr,EUR
Le commencement,binder,Silkwing Scout,DIS,Dissension,31,normal,common,1,27394,04f165aa-2986-47d1-912d-d50490a15c0b,0.11,false,false,near_mint,fr,EUR
Le commencement,binder,Mistform Warchief,SCG,Scourge,43,normal,uncommon,1,30645,a633d85b-4be1-44a2-8fd8-1ccec4a95ecb,0.1,false,false,near_mint,fr,EUR
Le commencement,binder,Dream Stalker,TSP,Time Spiral,58,normal,common,2,26842,a0e8fc8e-3b23-4275-b19b-43aa6a307619,0.12,false,false,near_mint,fr,EUR
Le commencement,binder,Shaper Parasite,PLC,Planar Chaos,46,normal,common,2,26488,d88afc02-522b-4c51-9509-aff54bbb41c8,0.07,false,false,near_mint,fr,EUR
Le commencement,binder,Immobilizing Ink,ODY,Odyssey,87,normal,common,1,32090,ee6e2d96-dd9e-45f6-b412-78562f2ada40,0.09,false,false,near_mint,fr,EUR
Le commencement,binder,Unblinking Bleb,FUT,Future Sight,45,normal,common,1,26292,06111178-685d-4bda-8325-1db142d5801c,0.29,false,false,near_mint,fr,EUR
Le commencement,binder,Serpentine Basilisk,ONS,Onslaught,280,normal,uncommon,1,31023,4052a5af-20b2-4817-8c94-78d488ee220f,0.12,false,false,near_mint,fr,EUR
Le commencement,binder,Fathom Seer,TSP,Time Spiral,62,normal,common,3,26838,20de275a-2e11-4452-8037-bc397dd53a8c,0.06,false,false,near_mint,fr,EUR
Le commencement,binder,Sneaky Homunculus,8ED,Eighth Edition,101,normal,common,1,30435,a9020f16-4c26-4a7b-8b5c-1d8df3e910a9,0.07,false,false,near_mint,fr,EUR
Le commencement,binder,Narcomoeba,FUT,Future Sight,54,normal,uncommon,1,26283,f76b3746-2e2c-4560-a2d2-e7b5b92833b2,0.8,false,false,near_mint,fr,EUR
Le commencement,binder,Blind Phantasm,FUT,Future Sight,49,normal,common,3,26288,6b26ee7b-de1a-4a39-9580-89941c3d0f21,0.03,false,false,near_mint,fr,EUR
Le commencement,binder,Tattered Drake,RAV,Ravnica: City of Guilds,68,normal,common,1,27942,7d28cbc8-4dbb-465b-813d-52b2b2f73b14,0.06,false,false,near_mint,fr,EUR
Le commencement,binder,Whip-Spine Drake,FUT,Future Sight,62,normal,common,1,26275,111ddb99-08a4-4349-a246-d19de32527e2,0.04,false,false,near_mint,fr,EUR
Le commencement,binder,Vedalken Engineer,DST,Darksteel,35,normal,common,2,29626,d06a2d9a-9401-4711-97b6-825652090c4d,0.09,false,false,near_mint,fr,EUR
Le commencement,binder,Vedalken Aethermage,FUT,Future Sight,61,normal,common,1,26276,496eb37d-5c8f-4dd7-a0a7-3ed1bd2210d6,0.35,false,false,near_mint,fr,EUR
Le commencement,binder,Vedalken Dismisser,RAV,Ravnica: City of Guilds,73,normal,common,2,27937,0656f4eb-40c5-4a21-b994-4ab07bc63981,0.08,false,false,near_mint,fr,EUR
Le commencement,binder,Vedalken Entrancer,RAV,Ravnica: City of Guilds,74,normal,common,1,27936,faf5e4b8-3bb9-4a4c-b8fa-2cae5372ba24,0.06,false,false,near_mint,fr,EUR
Le commencement,binder,Rummaging Wizard,ONS,Onslaught,110,normal,uncommon,1,31193,ad96e158-bf2b-4f3e-9692-0f79efdd94f5,0.06,false,false,near_mint,fr,EUR
Le commencement,binder,Ovinomancer,TSB,Time Spiral Timeshifted,27,normal,special,1,26994,5573470a-7192-4f1e-aafd-517c494875a8,0.11,false,false,near_mint,fr,EUR
Le commencement,binder,"Student of Elements // Tobita, Master of Winds",CHK,Champions of Kamigawa,93,normal,uncommon,2,29133,9de1eebf-5725-438c-bcf0-f3a4d8a89fb0,0.11,false,false,near_mint,fr,EUR
Le commencement,binder,Neurok Transmuter,DST,Darksteel,27,normal,uncommon,1,29634,e604172f-e9b8-41bc-aee4-691f9fa4ce42,0.12,false,false,near_mint,fr,EUR
Le commencement,binder,Ghosthelm Courier,ONS,Onslaught,85,normal,uncommon,1,31218,cd6cc30a-9ed4-4f36-95cb-6f0a2b8dce02,0.07,false,false,near_mint,fr,EUR
Le commencement,binder,Fugitive Wizard,9ED,Ninth Edition,80,normal,common,1,28283,0453fac7-10b9-49d7-8219-78faf9d92d0c,0.03,false,false,near_mint,fr,EUR
Le commencement,binder,Wind Drake,8ED,Eighth Edition,114,normal,common,1,30422,f5a57368-881f-4f1b-8fdd-09e76836227e,0.05,false,false,near_mint,fr,EUR
Le commencement,binder,Trinket Mage,5DN,Fifth Dawn,39,normal,common,4,29456,4c5a41ab-1840-4abb-a8bb-f0b1e7d1b450,0.18,false,false,near_mint,fr,EUR
Le commencement,binder,Wind Drake,7ED,Seventh Edition,114,normal,common,1,32692,7ba63d1d-6170-4ccd-afd9-987e549fa58e,0.03,false,false,near_mint,fr,EUR
Le commencement,binder,Convolute,RAV,Ravnica: City of Guilds,41,normal,common,2,27969,fac88052-96a3-4a4d-95a2-c5a652fcb275,0.11,false,false,near_mint,fr,EUR
Le commencement,binder,Temporal Fissure,SCG,Scourge,53,normal,common,1,30635,97949c53-aef7-4c0c-b846-8d4003193ced,0.1,false,false,near_mint,fr,EUR
Le commencement,binder,Sift,9ED,Ninth Edition,98,normal,common,2,28265,65d25807-75e1-41cf-b3e7-f9e42f06c5d3,0.08,false,false,near_mint,fr,EUR
Le commencement,binder,Discombobulate,10E,Tenth Edition,81,normal,uncommon,1,26033,8bee0d51-f4a1-4a3a-9ccd-540c3afe62d0,0.26,false,false,near_mint,fr,EUR
Le commencement,binder,Storm Crow,POR,Portal,69,normal,common,2,37487,dfe87b59-b456-4532-a695-0dea3110d878,0.13,false,false,near_mint,fr,EUR
Le commencement,binder,Piracy Charm,PLC,Planar Chaos,58,normal,common,2,26476,586a1d9f-59ae-41a7-8de7-d6c4553ea79e,0.13,false,false,near_mint,fr,EUR
Le commencement,binder,Storm Crow,6ED,Classic Sixth Edition,101,normal,common,1,35276,3a1bf438-3cd8-4bd8-85f1-fc97f49b44d9,0.17,false,false,near_mint,fr,EUR
Le commencement,binder,Sleight of Hand,7ED,Seventh Edition,98,normal,common,1,32708,181fff80-4dea-47ee-a020-d8dc9ea7acdf,0.43,false,false,near_mint,fr,EUR
Le commencement,binder,Train of Thought,GPT,Guildpact,39,normal,common,3,27556,e98f5890-a494-4609-acae-f9e9bacd991d,0.13,false,false,near_mint,fr,EUR
Le commencement,binder,Cancel,10E,Tenth Edition,71,normal,common,1,26046,1850d1d5-f506-4e50-9d51-408f987bbbbd,0.17,false,false,near_mint,fr,EUR
Le commencement,binder,Counsel of the Soratami,9ED,Ninth Edition,69,normal,common,2,28294,23ab2cb6-856c-4696-a17b-8f0002bd48ee,0.12,false,false,near_mint,fr,EUR
Le commencement,binder,Peel from Reality,RAV,Ravnica: City of Guilds,61,normal,common,2,27949,e4e6ca71-ba17-4a16-a331-b787363874e2,0.09,false,false,near_mint,fr,EUR
Le commencement,binder,Merfolk of the Pearl Trident,7ED,Seventh Edition,90,normal,common,1,32716,a2e7d1a5-b8ad-48e8-9b54-3663310eca33,0.07,false,false,near_mint,fr,EUR
Le commencement,binder,Merfolk Looter,10E,Tenth Edition,92,normal,common,2,26019,28e4e99d-5834-4f6c-b915-4f95edc1337f,0.11,false,false,near_mint,fr,EUR
Le commencement,binder,Merfolk Thaumaturgist,PLC,Planar Chaos,56,normal,common,1,26478,efa3d335-f39f-4291-85e0-7430561e953b,0.17,false,false,near_mint,fr,EUR
Le commencement,binder,Coral Trickster,TSP,Time Spiral,54,normal,common,3,26846,ffcdcfa1-f499-4d95-9d79-3b3996cd75ed,0.09,false,false,near_mint,fr,EUR
Le commencement,binder,Riptide Pilferer,PLC,Planar Chaos,60,normal,uncommon,2,26474,4bcc3c1a-edb5-4534-aafa-5e078d503e64,0.09,false,false,near_mint,fr,EUR
Le commencement,binder,Sage Owl,8ED,Eighth Edition,98,normal,common,2,30438,c21f6c39-f879-452f-a643-f503d88206d6,0.16,false,false,near_mint,fr,EUR
Le commencement,binder,Neurok Familiar,MRD,Mirrodin,43,normal,common,4,30002,52fd15b0-4ada-41c7-81e0-4f8956798685,0.07,false,false,near_mint,fr,EUR
Le commencement,binder,Mercurial Kite,SCG,Scourge,39,normal,common,1,30649,a6bc8655-ae27-40be-8d61-e80a5924e955,0.04,false,false,near_mint,fr,EUR
Le commencement,binder,Vacuumelt,GPT,Guildpact,40,normal,uncommon,1,27555,870cdf0b-f707-47b9-b977-f06dad8c345a,0.05,false,false,near_mint,fr,EUR
Le commencement,binder,Robe of Mirrors,10E,Tenth Edition,101,normal,common,2,26008,9948fcc3-6e95-4b39-accd-a4083fff1244,0.14,false,false,near_mint,fr,EUR
Le commencement,binder,Runeboggle,GPT,Guildpact,33,normal,common,2,27562,37b2fb23-f8b5-4f83-9b29-b18507acaa1a,0.07,false,false,near_mint,fr,EUR
Le commencement,binder,Primal Plasma,PLC,Planar Chaos,59,normal,common,2,26475,2bbdd96b-e740-43d0-a1b6-7b9b92cc7993,0.02,false,false,near_mint,fr,EUR
Le commencement,binder,Helium Squirter,DIS,Dissension,26,normal,common,3,27399,764e3d28-1876-46da-b927-b98089d62776,0.08,false,false,near_mint,fr,EUR
Le commencement,binder,Covert Operative,LGN,Legions,33,normal,common,1,30801,dbda6799-3b55-4714-8305-713e1e198a15,0.06,false,false,near_mint,fr,EUR
Le commencement,binder,Plasma Elemental,5DN,Fifth Dawn,34,normal,uncommon,1,29461,035a8a69-1e48-4c44-b407-cc8acc8ba94c,0.11,false,false,near_mint,fr,EUR
Le commencement,binder,Fold into Aether,5DN,Fifth Dawn,31,normal,uncommon,1,29464,615157d6-0160-417b-b06c-0e253b306c37,0.13,false,false,near_mint,fr,EUR
Le commencement,binder,Spindrift Drake,STH,Stronghold,44,normal,common,1,36601,c881c388-430f-4a4b-9cd1-fba0a2bc2cd6,0.11,false,false,near_mint,fr,EUR
Le commencement,binder,Remove Soul,9ED,Ninth Edition,93,normal,common,1,28270,171fa545-724c-465e-96f6-dc738c0be59d,0.06,false,false,near_mint,fr,EUR
Le commencement,binder,Logic Knot,FUT,Future Sight,52,normal,common,1,26285,4e946be1-4ed6-4e2c-9782-3f630f8a8e1f,0.19,false,false,near_mint,fr,EUR
Le commencement,binder,Telepathy,9ED,Ninth Edition,101,normal,uncommon,2,28262,b900c68f-4e10-459b-b28f-fea9a32e563b,0.19,false,false,near_mint,fr,EUR
Le commencement,binder,Confiscate,9ED,Ninth Edition,68,normal,uncommon,2,28295,095d77fd-c1d1-49e6-89f8-a272522e09fe,0.2,false,false,near_mint,fr,EUR
Le commencement,binder,Frozen Aether,PLC,Planar Chaos,54,normal,uncommon,1,26480,e727bb9e-3510-4c8e-ac49-6d7217667a18,0.45,false,false,near_mint,fr,EUR
Le commencement,binder,Aven Windreader,9ED,Ninth Edition,62,normal,common,3,28301,1e017119-4040-4277-849f-3ed961c992c6,0.05,false,false,near_mint,fr,EUR
Le commencement,binder,Repeal,GPT,Guildpact,32,normal,common,2,27563,9e7dd929-4bba-46a6-86c9-b8ed853eb721,0.1,false,false,near_mint,fr,EUR
Le commencement,binder,Sleight of Hand,9ED,Ninth Edition,99,normal,common,1,28264,d1b72631-d537-46e1-b9b3-618fba8a4c46,0.34,false,false,near_mint,fr,EUR
Le commencement,binder,Dream Cache,6ED,Classic Sixth Edition,66,normal,common,1,35311,642bb62e-1339-4f97-8429-ec46ec0435a0,0.12,false,false,near_mint,fr,EUR
Le commencement,binder,Reality Strobe,FUT,Future Sight,43,normal,uncommon,1,26294,8e6d881a-f7b1-471f-bc0b-64a79bb491c9,0.53,false,false,near_mint,fr,EUR
Le commencement,binder,Mystic Speculation,FUT,Future Sight,41,normal,uncommon,2,26296,92adfcb4-6a0a-46f9-a171-bfa9fade2156,1.34,false,false,near_mint,fr,EUR
Le commencement,binder,Tidings,9ED,Ninth Edition,106,normal,uncommon,1,28257,e28e96c6-4c48-466a-81a0-1137269db529,0.24,false,false,near_mint,fr,EUR
Le commencement,binder,Wistful Thinking,PLC,Planar Chaos,53,normal,common,1,26481,d5031831-49ee-4c54-9200-448b8953f915,0.12,false,false,near_mint,fr,EUR
Le commencement,binder,Ixidor's Will,ONS,Onslaught,90,normal,common,1,31213,1b713448-853a-41ee-a302-963e9c1c1c65,0.05,false,false,near_mint,fr,EUR
Le commencement,binder,Words of Wisdom,ODY,Odyssey,114,normal,common,1,32063,c0199cfb-5e44-40f0-b9cf-71473155eb94,0.7,false,false,near_mint,fr,EUR
Le commencement,binder,Magnetic Flux,DST,Darksteel,25,normal,common,1,29636,03ab7022-fa0f-42da-b0ca-998cbd0c791c,0.05,false,false,near_mint,fr,EUR
Le commencement,binder,Puppeteer,9ED,Ninth Edition,91,normal,uncommon,1,28272,ca0359e3-1b8e-4db7-8dec-2d50278e4b00,0.17,false,false,near_mint,fr,EUR
Le commencement,binder,Vigean Graftmage,DIS,Dissension,35,normal,uncommon,1,27390,7c75901c-fe69-49b8-b491-879e9adf7902,0.15,false,false,near_mint,fr,EUR
Le commencement,binder,Vedalken Mastermind,10E,Tenth Edition,123,normal,uncommon,1,25976,ea34a540-486b-42dc-993c-93698988d024,0.22,false,false,near_mint,fr,EUR
Le commencement,binder,Willbender,TSB,Time Spiral Timeshifted,36,normal,special,1,26985,25f2a1d8-8b47-4278-afe1-3f3ede60fed9,0.2,false,false,near_mint,fr,EUR
Le commencement,binder,Voidmage Husher,TSP,Time Spiral,92,normal,uncommon,1,26808,c9765c83-fe52-43c5-9466-7318809bbfe0,0.2,false,false,near_mint,fr,EUR
Le commencement,binder,Spy Network,ONS,Onslaught,115,normal,common,1,31188,8a4bed3f-845c-4822-b8af-8b511dce6fe2,0.11,false,false,near_mint,fr,EUR
Le commencement,binder,Choking Tethers,ONS,Onslaught,74,normal,common,1,31229,d4de14d1-441f-4d65-bd12-df0506530015,0.04,false,false,near_mint,fr,EUR
Le commencement,binder,Predict,ODY,Odyssey,94,normal,uncommon,1,32083,04dc842c-3250-44ed-906c-38f14bf1f0e2,0.64,false,false,near_mint,fr,EUR
Le commencement,binder,Syncopate,ODY,Odyssey,103,normal,common,1,32074,b7850794-4c85-4844-a461-650cd4eaec93,0.16,false,false,near_mint,fr,EUR
Le commencement,binder,Memory Lapse,7ED,Seventh Edition,88,normal,common,1,32718,2d85cc30-ccae-4af8-834a-f7870dace679,0.25,false,false,near_mint,fr,EUR
Le commencement,binder,Dizzy Spell,RAV,Ravnica: City of Guilds,43,normal,common,1,27967,6e0db10d-fb6d-44df-9ff2-6f1e0e8f8209,0.27,false,false,near_mint,fr,EUR
Le commencement,binder,Spin into Myth,FUT,Future Sight,60,normal,uncommon,2,26277,0808b800-9f5f-42ef-8cd0-c04e64945adf,0.13,false,false,near_mint,fr,EUR
Le commencement,binder,Thunderheads,GPT,Guildpact,37,normal,uncommon,2,27558,56de9727-021e-4b37-b80b-08dcd898aec0,0.06,false,false,near_mint,fr,EUR
Le commencement,binder,Frazzle,GPT,Guildpact,25,normal,uncommon,2,27570,68b7f705-4d64-4551-8d76-826d91324e9e,0.06,false,false,near_mint,fr,EUR
Le commencement,binder,Pongify,PLC,Planar Chaos,44,normal,uncommon,2,26490,cce74a84-4441-4f2e-89d8-df0b096790ed,1.86,false,false,near_mint,fr,EUR
Le commencement,binder,Careful Consideration,TSP,Time Spiral,52,normal,uncommon,1,26848,bcf71574-5b1e-4483-9a8e-c3212148ce9c,0.08,false,false,near_mint,fr,EUR
Le commencement,binder,Ovinize,PLC,Planar Chaos,57,normal,uncommon,2,26477,a985cfb0-6bae-4b1c-902e-d9d7a1aeec61,0.12,false,false,near_mint,fr,EUR
Le commencement,binder,Coastal Hornclaw,8ED,Eighth Edition,66,normal,common,1,30470,9b152c0d-ba43-49c6-9bb5-1d20a9f411f6,0.08,false,false,near_mint,fr,EUR
Le commencement,binder,Vision Skeins,DIS,Dissension,36,normal,common,1,27389,8e632566-1f58-4439-983a-a25c06b7196c,0.26,false,false,near_mint,fr,EUR
Le commencement,binder,Repel,ODY,Odyssey,98,normal,common,1,32079,68ea14a6-539a-47eb-9147-a310be7b63fe,0.08,false,false,near_mint,fr,EUR
Le commencement,binder,Mana Leak,9ED,Ninth Edition,86,normal,common,2,28277,60e6486c-644f-4b32-b4e9-3ca29bbdb400,0.19,false,false,near_mint,fr,EUR
Le commencement,binder,Dispersal Shield,SCG,Scourge,33,normal,common,2,30655,0c257df6-f275-40db-bfe3-a9291356cdf7,0.08,false,false,near_mint,fr,EUR
Le commencement,binder,Erratic Mutation,PLC,Planar Chaos,41,normal,common,3,26493,d06d3fb1-abfa-4724-a4e7-f65de88521f8,0.02,false,false,near_mint,fr,EUR
Le commencement,binder,Storm Crow,9ED,Ninth Edition,100,normal,common,2,28263,036ef8c9-72ac-46ce-af07-83b79d736538,0.17,false,false,near_mint,fr,EUR
Le commencement,binder,Thieving Magpie,7ED,Seventh Edition,104,normal,uncommon,1,32702,7a487411-ef89-4500-be3c-8e191bd7ddc4,0.13,false,false,near_mint,fr,EUR
Le commencement,binder,Thieving Magpie,9ED,Ninth Edition,103,normal,uncommon,1,28260,68ad3cfe-5bae-4eb7-81a3-744315093ae1,0.11,false,false,near_mint,fr,EUR
Le commencement,binder,Writ of Passage,DIS,Dissension,37,normal,common,1,27388,abd58eee-1108-49be-9ae7-da179fb081c2,0.12,false,false,near_mint,fr,EUR
Le commencement,binder,Sea's Claim,9ED,Ninth Edition,97,normal,common,1,28266,82e836c8-4371-402f-8f90-81325a9879b8,0.12,false,false,near_mint,fr,EUR
Le commencement,binder,Reality Acid,PLC,Planar Chaos,45,normal,common,1,26489,8c6ad9c3-b5dd-46a9-8494-8b395e21aedf,0.07,false,false,near_mint,fr,EUR
Le commencement,binder,Flight,9ED,Ninth Edition,79,normal,common,1,28284,64f9c524-89ae-4776-a94d-ee89d57d3e36,0.05,false,false,near_mint,fr,EUR
Le commencement,binder,Freed from the Real,SOK,Saviors of Kamigawa,38,normal,common,1,28500,e9ecee02-12c0-4aed-a679-41bce95e0cda,2.09,false,false,near_mint,fr,EUR
Le commencement,binder,Stasis Cell,RAV,Ravnica: City of Guilds,66,normal,common,2,27944,e75611d2-6e87-4032-a71c-b46806798a29,0.03,false,false,near_mint,fr,EUR
Le commencement,binder,Flight of Fancy,RAV,Ravnica: City of Guilds,49,normal,common,1,27961,7c8ad201-ce70-45bf-9ac3-51f5ccfa8df9,0.08,false,false,near_mint,fr,EUR
Le commencement,binder,Fishliver Oil,9ED,Ninth Edition,77,normal,common,1,28286,c3c4a1f4-0a8e-4e70-a2a8-ceebbca63b6c,0.11,false,false,near_mint,fr,EUR
Le commencement,binder,Field of Reality,CHK,Champions of Kamigawa,60,normal,common,1,29166,2ff7c6fc-324b-4cff-9109-6d817767865f,0.05,false,false,near_mint,fr,EUR
Le commencement,binder,Annex,9ED,Ninth Edition,59,normal,uncommon,1,28304,b0df72c6-4f54-43ec-a4e0-5733003f4fd7,0.22,false,false,near_mint,fr,EUR
Le commencement,binder,Treasure Trove,7ED,Seventh Edition,106,normal,uncommon,1,32700,93f79962-ca0f-4df1-9dc8-d7ea1025cab1,0.07,false,false,near_mint,fr,EUR
Le commencement,binder,Unstable Mutation,TSB,Time Spiral Timeshifted,33,normal,special,2,26988,2a157ce2-db13-4c49-95e0-f823bc9b6f97,0.18,false,false,near_mint,fr,EUR
Le commencement,binder,Mark of Eviction,RAV,Ravnica: City of Guilds,58,normal,uncommon,1,27952,ae826236-e591-4afb-817b-0017a11010ad,0.04,false,false,near_mint,fr,EUR
Le commencement,binder,Thought Nibbler,ODY,Odyssey,107,normal,common,1,32070,7284a7fd-cda8-43ac-b119-ad47b33c2ec4,0.05,false,false,near_mint,fr,EUR
Le commencement,binder,Quicksilver Behemoth,DST,Darksteel,30,normal,common,1,29631,645bfe2d-845b-4cf3-88b6-b2b62b8531e4,0.06,false,false,near_mint,fr,EUR
Le commencement,binder,Plaxmanta,DIS,Dissension,29,normal,uncommon,1,27396,8ae3598d-4d76-45ac-ab96-00d27a8de6c8,0.06,false,false,near_mint,fr,EUR
Le commencement,binder,Thought Eater,ODY,Odyssey,106,normal,uncommon,1,32071,4e05f63c-f93d-44b9-98e9-c5e3e3aad6b9,0.31,false,false,near_mint,fr,EUR
Le commencement,binder,Fledgling Mawcor,TSP,Time Spiral,63,normal,uncommon,2,26837,c464923e-ae6e-4c1d-9315-0ddb86c07b40,0.07,false,false,near_mint,fr,EUR
Le commencement,binder,Dreamscape Artist,PLC,Planar Chaos,40,normal,common,2,26494,6479d22f-1a97-4bc8-a1e1-c3de87429c22,0.06,false,false,near_mint,fr,EUR
Le commencement,binder,Neurok Prodigy,DST,Darksteel,26,normal,common,1,29635,fb179448-5e1f-4ef3-858c-ba7a9ea05a78,0.05,false,false,near_mint,fr,EUR
Le commencement,binder,Lumengrid Warden,9ED,Ninth Edition,84,normal,common,2,28279,a7b0a060-8ab4-41d9-921d-db5a67fbfaa1,0.05,false,false,near_mint,fr,EUR
Le commencement,binder,Floodbringer,BOK,Betrayers of Kamigawa,34,normal,common,1,28675,0058be07-a8a1-448e-8c3d-61718cb384ec,0.06,false,false,near_mint,fr,EUR
Le commencement,binder,Crafty Pathmage,10E,Tenth Edition,77,normal,common,1,26038,f186271c-2b03-4e0c-b922-27e23787d865,0.05,false,false,near_mint,fr,EUR
Le commencement,binder,Thought Courier,5DN,Fifth Dawn,38,normal,common,1,29457,837b6315-d5c6-480b-902e-44107a72b581,0.21,false,false,near_mint,fr,EUR
Le commencement,binder,Looming Hoverguard,MRD,Mirrodin,38,normal,uncommon,1,30007,29de2f4c-81a6-42c7-94d1-f9109c3331ff,0.12,false,false,near_mint,fr,EUR
Le commencement,binder,Advanced Hoverguard,5DN,Fifth Dawn,22,normal,common,2,29473,7384d50a-5801-47ed-ab9f-5c7e4f1f20dd,0.09,false,false,near_mint,fr,EUR
Le commencement,binder,Aven Windreader,ODY,Odyssey,65,normal,common,1,32112,9fd2f2cb-a0f1-4844-a692-bcaf1899d41c,0.09,false,false,near_mint,fr,EUR
Le commencement,binder,Steamcore Weird,GPT,Guildpact,35,normal,common,1,27560,f8b3992f-f874-448f-8aa4-ade71d6b3168,0.05,false,false,near_mint,fr,EUR
Le commencement,binder,Grayscaled Gharial,RAV,Ravnica: City of Guilds,52,normal,common,1,27958,89c2c94a-31df-4789-a309-4cdfe7f6a719,0.05,false,false,near_mint,fr,EUR
Le commencement,binder,Sarcomite Myr,FUT,Future Sight,56,normal,common,1,26281,77a425d3-a0b7-4d8d-8013-a27c59758b28,0.11,false,false,near_mint,fr,EUR
Le commencement,binder,Horseshoe Crab,10E,Tenth Edition,87,normal,common,1,26026,a32862f4-53ed-41c7-b90f-5df2c01dd447,0.05,false,false,near_mint,fr,EUR
Le commencement,binder,Horned Turtle,8ED,Eighth Edition,83,normal,common,1,30453,af3cb1a4-2552-4575-be8d-bef9d721cfc8,0.1,false,false,near_mint,fr,EUR
Le commencement,binder,Soratami Cloudskater,CHK,Champions of Kamigawa,86,normal,common,1,29140,5e3d3024-bef2-4b50-ab84-8ae2a23cdf27,0.06,false,false,near_mint,fr,EUR
Le commencement,binder,Soratami Mirror-Guard,CHK,Champions of Kamigawa,87,normal,common,1,29139,3ff8968b-cd96-4f44-85f8-2af20d61d7cb,0.05,false,false,near_mint,fr,EUR
Le commencement,binder,Coral Merfolk,7ED,Seventh Edition,66,normal,common,1,32740,80ea1af2-f944-4ee1-88bd-2f3ea09bf9e6,0.03,false,false,near_mint,fr,EUR
Le commencement,binder,Air Elemental,8ED,Eighth Edition,59,normal,uncommon,1,30477,3b15648c-1d88-42ec-b2f7-aab9a8c256a2,0.12,false,false,near_mint,fr,EUR
Le commencement,binder,Confiscate,8ED,Eighth Edition,69,normal,uncommon,1,30467,48acfd80-eba3-4aa9-804c-563259ca84de,0.17,false,false,near_mint,fr,EUR
Le commencement,binder,Imagecrafter,ONS,Onslaught,87,normal,common,2,31216,91be6441-8a45-43e4-8d12-a886dcaadbd3,0.14,false,false,near_mint,fr,EUR
Le commencement,binder,Horned Turtle,9ED,Ninth Edition,81,normal,common,3,28282,d807c179-ca5e-4f8d-983f-b1d92eeef40f,0.1,false,false,near_mint,fr,EUR
Le commencement,binder,Crookclaw Transmuter,TSP,Time Spiral,55,normal,common,2,26845,d2266726-1832-4b7b-92e1-9bb0c43b7d5d,0.11,false,false,near_mint,fr,EUR
Le commencement,binder,Steal Strength,PCY,Prophecy,79,normal,common,1,33601,5470b3bb-5061-4beb-9f44-b56c3b2fd816,0.09,false,false,near_mint,fr,EUR
Le commencement,binder,Gnat Miser,SOK,Saviors of Kamigawa,70,normal,common,1,28468,f1c51ee1-d6f6-42d7-9be6-fe3f982984ba,0.53,false,false,near_mint,fr,EUR
Le commencement,binder,Call to the Netherworld,TSP,Time Spiral,97,normal,common,1,26803,fa7322e2-dbea-46e1-ba29-a86a13e5d33e,0.35,false,false,near_mint,fr,EUR
Le commencement,binder,Deathgazer,9ED,Ninth Edition,124,normal,uncommon,1,28239,76502ffc-a26b-4207-a565-044898875f43,0.12,false,false,near_mint,fr,EUR
Le commencement,binder,Caustic Rain,GPT,Guildpact,44,normal,uncommon,1,27551,71fde21d-ce4e-41b7-97d5-c982f90b84a0,0.07,false,false,near_mint,fr,EUR
Le commencement,binder,Witch's Mist,FUT,Future Sight,92,normal,uncommon,1,26245,651c7735-088d-495b-a58f-69abf4cac197,0.12,false,false,near_mint,fr,EUR
Le commencement,binder,Zombie Brute,LGN,Legions,87,normal,uncommon,1,30747,b37db470-3aef-4fc4-98ce-63b5fb2546f6,0.16,false,false,near_mint,fr,EUR
Le commencement,binder,Deathmask Nezumi,SOK,Saviors of Kamigawa,66,normal,common,1,28472,743e38d1-b1cd-4828-ad3d-529a9f882115,0.05,false,false,near_mint,fr,EUR
Le commencement,binder,Nekrataal,9ED,Ninth Edition,149,normal,uncommon,1,28214,fc7d0ee9-3053-430a-a6a9-1202316f0648,0.15,false,false,near_mint,fr,EUR
Le commencement,binder,Sengir Bats,HML,Homelands,57a,normal,common,1,39231,3c745c2c-4311-412d-a137-02bf6d106e46,0.22,false,false,near_mint,fr,EUR
Le commencement,binder,Sootfeather Flock,LGN,Legions,82,normal,common,1,30752,216a2ccc-8847-452b-b030-27d8506675bd,0.03,false,false,near_mint,fr,EUR
Le commencement,binder,Oblivion Crown,FUT,Future Sight,73,normal,common,2,26264,0cd5486b-c6f4-4cfc-9590-8ffc78b48b0a,0.21,false,false,near_mint,fr,EUR
Le commencement,binder,Deadly Grub,PLC,Planar Chaos,69,normal,common,1,26465,cde915a3-9c85-4365-bab9-87d446f85794,0.11,false,false,near_mint,fr,EUR
Le commencement,binder,Giant Cockroach,9ED,Ninth Edition,133,normal,common,1,28230,25ca0c01-2e9f-4f1c-9078-f7a68559296d,0.07,false,false,near_mint,fr,EUR
Le commencement,binder,Plague Beetle,7ED,Seventh Edition,155,normal,common,1,32651,311dce7e-1de9-43c9-a29a-144c189873da,0.07,false,false,near_mint,fr,EUR
Le commencement,binder,Demon's Jester,DIS,Dissension,42,normal,common,1,27383,90a3f694-0cf3-4d25-8ab0-36a3f637ff9a,0.07,false,false,near_mint,fr,EUR
Le commencement,binder,Deepcavern Imp,FUT,Future Sight,83,normal,common,1,26254,b66cc281-3fa9-4d7b-a32b-41c0a93059ba,0.05,false,false,near_mint,fr,EUR
Le commencement,binder,Cackling Imp,5DN,Fifth Dawn,44,normal,common,1,29451,641080d8-1b2e-4990-a114-04bea9a5adce,0.07,false,false,near_mint,fr,EUR
Le commencement,binder,Bog Imp,9ED,Ninth Edition,116,normal,common,2,28247,846f5cda-3d93-4dfd-b1c3-1dff7b814d98,0.07,false,false,near_mint,fr,EUR
Le commencement,binder,Chimney Imp,MRD,Mirrodin,59,normal,common,1,29986,0a426922-5e96-48f3-b696-f5dc99258943,0.47,false,false,near_mint,fr,EUR
Le commencement,binder,Clinging Darkness,RAV,Ravnica: City of Guilds,80,normal,common,1,27930,2a939a4e-5a9e-454f-8716-cee7470f05e2,0.03,false,false,near_mint,fr,EUR
Le commencement,binder,Enfeeblement,9ED,Ninth Edition,127,normal,common,2,28236,4adaf0bf-b26d-4166-8809-431283690de7,0.07,false,false,near_mint,fr,EUR
Le commencement,binder,Fear,9ED,Ninth Edition,129,normal,common,1,28234,68f38700-502f-4442-8563-6f47fc71b272,0.04,false,false,near_mint,fr,EUR
Le commencement,binder,Necromantic Thirst,RAV,Ravnica: City of Guilds,97,normal,common,1,27913,0a46880c-a9f4-452d-8b91-51d8aa97cbd2,0.07,false,false,near_mint,fr,EUR
Le commencement,binder,Vengeful Dead,SCG,Scourge,80,normal,common,1,30608,7c11c11d-9809-4031-8cbc-21aef07d7f1f,0.33,false,false,near_mint,fr,EUR
Le commencement,binder,Dripping Dead,LGN,Legions,67,normal,common,1,30767,cdb3b483-01a8-4f54-9a3a-0d3f5aa3cd8b,0.06,false,false,near_mint,fr,EUR
Le commencement,binder,Mass of Ghouls,10E,Tenth Edition,156,normal,common,1,25934,4fe5e3ea-fcca-42c2-b3af-bfcd3a81dfff,0.08,false,false,near_mint,fr,EUR
Le commencement,binder,Mass of Ghouls,FUT,Future Sight,88,normal,common,1,26249,20c3f515-de7d-41eb-8ba0-532f4c13ac39,0.02,false,false,near_mint,fr,EUR
Le commencement,binder,Crypt Creeper,ODY,Odyssey,125,normal,common,1,32052,ca7363dc-fc0d-4fe0-a90c-6ce1782be3ae,0.09,false,false,near_mint,fr,EUR
Le commencement,binder,Embalmed Brawler,LGN,Legions,69,normal,common,1,30765,2e214da0-68c0-4cf6-ba12-e2b2394909c1,0.07,false,false,near_mint,fr,EUR
Le commencement,binder,Wretched Anurid,ONS,Onslaught,183,normal,common,1,31120,aab525ad-1f62-4d9c-9b74-c7b0048da452,0.14,false,false,near_mint,fr,EUR
Le commencement,binder,Gluttonous Zombie,ONS,Onslaught,151,foil,uncommon,1,31152,db909e95-7979-41f0-b17a-874c4137fcc1,0.82,false,false,near_mint,fr,EUR
Le commencement,binder,Nantuko Husk,9ED,Ninth Edition,148,normal,uncommon,4,28215,903c05c6-dca4-4094-ac59-0a7cb4d690f6,0.14,false,false,near_mint,fr,EUR
Le commencement,binder,Yixlid Jailer,TSR,Time Spiral Remastered,149,foil,uncommon,1,57609,3f2ef91f-d113-4e8d-a164-c6e261aa9c12,0.41,false,false,near_mint,fr,EUR
Le commencement,binder,Dross Crocodile,10E,Tenth Edition,138,normal,common,1,25957,efd5c07e-4ece-4c8b-93c8-6abd7dd3a39a,0.05,false,false,near_mint,fr,EUR
Le commencement,binder,Gravedigger,9ED,Ninth Edition,136,normal,common,2,28227,bf1efc01-8dca-4e90-b5c4-14937d154fe4,0.03,false,false,near_mint,fr,EUR
Le commencement,binder,Zombie Cutthroat,SCG,Scourge,81,normal,common,2,30607,fe491cba-6ec7-4c44-ad1e-832d936986a0,0.21,false,false,near_mint,fr,EUR
Le commencement,binder,Gravedigger,10E,Tenth Edition,146,normal,common,1,25946,da57d35a-ca0b-4f93-867c-d0a9fb5108f1,0.1,false,false,near_mint,fr,EUR
Le commencement,binder,Spineless Thug,9ED,Ninth Edition,165,normal,common,1,28198,39e11c98-e19f-4b38-acda-504d291c7f42,0.03,false,false,near_mint,fr,EUR
Le commencement,binder,Dusk Imp,ODY,Odyssey,131,normal,common,1,32046,f67943c0-304a-4d04-8e26-f45b3ab27a45,0.03,false,false,near_mint,fr,EUR
Le commencement,binder,Painbringer,ODY,Odyssey,155,normal,uncommon,1,32022,3f993815-af2f-4fa0-8848-979fc8c72d9a,0.05,false,false,near_mint,fr,EUR
Le commencement,binder,Sewerdreg,RAV,Ravnica: City of Guilds,104,normal,common,1,27906,b216ad4e-29b4-4e03-8c16-5796277bd05f,0.06,false,false,near_mint,fr,EUR
Le commencement,binder,Clutch of Undeath,SCG,Scourge,61,normal,common,1,30627,7301fdec-ca17-47ae-9a0a-84ea8665ece1,0.05,false,false,near_mint,fr,EUR
Le commencement,binder,Malevolent Awakening,ODY,Odyssey,147,normal,uncommon,1,32030,35d94052-aae3-4ced-9309-fc4a0d1f159d,0.14,false,false,near_mint,fr,EUR
Le commencement,binder,Screams of the Damned,ODY,Odyssey,160,normal,uncommon,1,32017,66cc53cf-13eb-4028-944d-a670ad30dbca,0.06,false,false,near_mint,fr,EUR
Le commencement,binder,Fatal Mutation,SCG,Scourge,66,foil,uncommon,1,30622,57cf9f50-8858-44a6-8bd5-0ce1e281a584,0.36,false,false,near_mint,fr,EUR
Le commencement,binder,Afflict,ODY,Odyssey,115,normal,common,1,32062,0012621b-c0e1-48d6-99b9-ecca4763d748,0.1,false,false,near_mint,fr,EUR
Le commencement,binder,Fatal Mutation,SCG,Scourge,66,normal,uncommon,1,30622,57cf9f50-8858-44a6-8bd5-0ce1e281a584,0.05,false,false,near_mint,fr,EUR
Le commencement,binder,Plague Beetle,9ED,Ninth Edition,154,normal,common,2,28209,d16fc87c-ec62-4b62-9fb1-0fa5a73d1640,0.12,false,false,near_mint,fr,EUR
Le commencement,binder,Hollow Dogs,9ED,Ninth Edition,139,normal,common,3,28224,520fcafe-0c4a-49ca-8138-57a60506b0cd,0.04,false,false,near_mint,fr,EUR
Le commencement,binder,Call for Blood,BOK,Betrayers of Kamigawa,63,normal,common,1,28646,be04ed26-8036-4505-83d3-b782e7e1fb45,0.02,false,false,near_mint,fr,EUR
Le commencement,binder,Dirge of Dread,PSAL,Salvat 2005,A18,normal,common,1,53524,beff4379-7ff9-49c1-afa2-4dc426b86a65,0.07,false,false,near_mint,fr,EUR
Le commencement,binder,Dragon Shadow,SCG,Scourge,65,normal,common,1,30623,0ec35e03-022b-417c-9987-7379cf3956f9,0.15,false,false,near_mint,fr,EUR
Le commencement,binder,Ostracize,7ED,Seventh Edition,153,normal,common,1,32653,abdaffcc-59f6-4489-88bf-1061ad6b0512,0.24,false,false,near_mint,fr,EUR
Le commencement,binder,Mind Burst,ODY,Odyssey,148,normal,common,1,32029,c07889a1-1582-4f14-8925-fa21a1a5fd65,0.1,false,false,near_mint,fr,EUR
Le commencement,binder,"Syr Konrad, the Grim",ELD,Throne of Eldraine,107,normal,uncommon,1,46231,a808868f-aea8-4651-9357-85a4d7b4f290,0.61,false,false,near_mint,fr,EUR
Le commencement,binder,Frenzy Sliver,FUT,Future Sight,85,normal,common,1,26252,d796119a-f1eb-4de9-a9ca-d322017e9c5e,0.09,false,false,near_mint,fr,EUR
Le commencement,binder,Carrion Rats,PHUK,Hachette UK,41,normal,common,2,27630,bc42576e-7501-40d7-9e21-78078850d952,0.02,false,false,near_mint,fr,EUR
Le commencement,binder,Relentless Rats,5DN,Fifth Dawn,58,normal,uncommon,1,29437,1c9caf97-75c6-4e12-8724-1abe32212bef,0.95,false,false,near_mint,fr,EUR
Le commencement,binder,Last Rites,ODY,Odyssey,146,normal,common,1,32031,0b140a36-6686-4781-a432-cb2ef58afa81,0.27,false,false,near_mint,fr,EUR
Le commencement,binder,Coercion,9ED,Ninth Edition,118,normal,common,1,28245,6b7a810f-de22-410a-aa08-333920ffdd1f,0.03,false,false,near_mint,fr,EUR
Le commencement,binder,Lost Hours,FUT,Future Sight,69,normal,common,1,26268,4dfff4a8-43ae-41d4-acca-998234f9df35,0.05,false,false,near_mint,fr,EUR
Le commencement,binder,Essence Drain,10E,Tenth Edition,141,normal,common,1,25952,8af61c18-a7ac-42c8-a942-d2f546c1ef57,0.04,false,false,near_mint,fr,EUR
Le commencement,binder,Morbid Hunger,ODY,Odyssey,150,normal,common,1,32027,47a4e7d0-ff09-4e19-8456-f4845f56dc8b,0.06,false,false,near_mint,fr,EUR
Le commencement,binder,Execute,9ED,Ninth Edition,128,normal,uncommon,2,28235,875500ff-bb15-4634-be05-0171cb0ac412,0.06,false,false,near_mint,fr,EUR
Le commencement,binder,Sever Soul,PHUK,Hachette UK,16,normal,uncommon,1,27655,b5b2605d-66e8-4e68-beee-d2eddae62175,0.03,false,false,near_mint,fr,EUR
Le commencement,binder,Scathe Zombies,7ED,Seventh Edition,161,normal,common,1,32645,ed515f6f-432e-4455-a871-5cefdd15a37c,0.05,false,false,near_mint,fr,EUR
Le commencement,binder,Cruel Revival,ONS,Onslaught,135,normal,common,1,31168,245aba23-2abb-4084-b4cb-d06e46de2108,0.04,false,false,near_mint,fr,EUR
Le commencement,binder,Wail of the Nim,MRD,Mirrodin,81,normal,common,1,29964,a8c32faa-c6d1-418a-aed6-ccc5849daa1f,0.09,false,false,near_mint,fr,EUR
Le commencement,binder,Cutthroat il-Dal,FUT,Future Sight,64,normal,common,2,26273,192bc089-696d-41b4-a02f-d7dc166feedd,0.08,false,false,near_mint,fr,EUR
Le commencement,binder,Cyclopean Giant,TSP,Time Spiral,100,normal,common,1,26800,fab6bc89-492a-46a4-90dc-95ae2e2bc483,0.15,false,false,near_mint,fr,EUR
Le commencement,binder,Scathe Zombies,10E,Tenth Edition,175,normal,common,1,25911,037cbf71-1199-4457-9b09-f66e7cb294d5,0.02,false,false,near_mint,fr,EUR
Le commencement,binder,Entropic Eidolon,DIS,Dissension,45,normal,common,1,27380,5998cab0-77cd-4a22-8049-37d39928df6d,0.09,false,false,near_mint,fr,EUR
Le commencement,binder,Blightspeaker,PLC,Planar Chaos,64,normal,common,1,26470,4ae24bc0-1217-4db9-a745-8860f23b6d57,0.07,false,false,near_mint,fr,EUR
Le commencement,binder,Hand of Cruelty,SOK,Saviors of Kamigawa,71,normal,uncommon,1,28467,ee194055-579a-4977-900e-e976259552ab,0.19,false,false,near_mint,fr,EUR
Le commencement,binder,Phyrexian Gargantua,9ED,Ninth Edition,153,normal,uncommon,1,28210,18f3d99d-f6e7-4633-948b-21dd64d918fa,0.07,false,false,near_mint,fr,EUR
Le commencement,binder,Fleshwrither,FUT,Future Sight,84,normal,uncommon,1,26253,08e1a646-6925-4a53-a99c-8951af016a7a,1.28,false,false,near_mint,fr,EUR
Le commencement,binder,Phantasmagorian,PLC,Planar Chaos,77,normal,uncommon,1,26457,19bcd780-70a6-4c25-8611-8b750a50aa3d,0.43,false,false,near_mint,fr,EUR
Le commencement,binder,Infectious Host,RAV,Ravnica: City of Guilds,91,normal,common,1,27919,11858b4f-3a90-4990-9984-d888c000ec73,0.03,false,false,near_mint,fr,EUR
Le commencement,binder,Grave Scrabbler,FUT,Future Sight,86,normal,common,1,26251,0f0a08a8-bbb9-4816-b03c-af4d729fce45,0.19,false,false,near_mint,fr,EUR
Le commencement,binder,Ridged Kusite,PLC,Planar Chaos,78,normal,common,1,26456,51b27919-6b36-49f2-a6df-d63e5db6de0b,0.02,false,false,near_mint,fr,EUR
Le commencement,binder,Bog Wraith,9ED,Ninth Edition,117,normal,uncommon,1,28246,2fa5758d-665f-4585-887d-4bffaf2785a0,0.19,false,false,near_mint,fr,EUR
Le commencement,binder,Looming Shade,7ED,Seventh Edition,145,normal,common,1,32661,76c49d4b-cb89-4f63-ac94-a2075f79f628,0.05,false,false,near_mint,fr,EUR
Le commencement,binder,Foul Imp,9ED,Ninth Edition,132,normal,common,2,28231,24cc73b9-4a24-4a24-8a0e-76126605a3e6,0.12,false,false,near_mint,fr,EUR
Le commencement,binder,Bile Urchin,BOK,Betrayers of Kamigawa,61,normal,common,1,28648,801c2b46-c7a7-44d6-ae38-5d34bf00c404,0.07,false,false,near_mint,fr,EUR
Le commencement,binder,Leshrac's Rite,7ED,Seventh Edition,144,normal,uncommon,1,32662,e4d37d29-b667-4124-907d-5636a6db044f,0.1,false,false,near_mint,fr,EUR
Le commencement,binder,Trespasser il-Vec,TSP,Time Spiral,138,normal,common,1,26762,4903171e-76b2-437d-8965-e871e47a3482,0.05,false,false,near_mint,fr,EUR
Le commencement,binder,Corrupt,7ED,Seventh Edition,124,normal,common,1,32682,57dc4337-86fd-49b4-8331-fcf44f9e7a74,0.07,false,false,near_mint,fr,EUR
Le commencement,binder,Tendrils of Agony,SCG,Scourge,75,normal,uncommon,1,30613,0559352e-95c1-403b-bd8f-d0679717cfa2,0.65,false,false,near_mint,fr,EUR
Le commencement,binder,Festering Goblin,ONS,Onslaught,148,normal,common,1,31155,e7209cc8-b519-4f27-87d8-b12e239a121f,0.06,false,false,near_mint,fr,EUR
Le commencement,binder,Highway Robber,9ED,Ninth Edition,138,normal,common,3,28225,1b3d34d2-d060-4690-aa67-af41117e7333,0.04,false,false,near_mint,fr,EUR
Le commencement,binder,Scathe Zombies,9ED,Ninth Edition,160,normal,common,3,28203,54360cdf-ecbb-4a52-96a3-fd5d8f9b30bf,0.04,false,false,near_mint,fr,EUR
Le commencement,binder,Looming Shade,9ED,Ninth Edition,142,normal,common,3,28221,45304a48-f2a3-4a3c-b6ba-22d318fb0d8c,0.04,false,false,near_mint,fr,EUR
Le commencement,binder,Phyrexian Rager,10E,Tenth Edition,167,normal,common,2,25920,4a85419a-7ebb-4fe1-891f-b5295e18878f,0.14,false,false,near_mint,fr,EUR
Le commencement,binder,Serpent Warrior,9ED,Ninth Edition,162,normal,common,3,28201,f6d825dc-c56b-4f59-aae0-ed960e18dfab,0.04,false,false,near_mint,fr,EUR
Le commencement,binder,Chill Haunting,SCG,Scourge,60,normal,uncommon,2,30628,91035d03-2bf8-4e6b-945b-4dfbed0873ec,0.05,false,false,near_mint,fr,EUR
Le commencement,binder,Disciple of the Vault,MRD,Mirrodin,62,normal,common,3,29983,644359dc-3c4c-4291-876d-7390dc466877,0.35,false,false,near_mint,fr,EUR
Le commencement,binder,Spell Snare,PLST,The List,DIS-33,normal,uncommon,1,90151,08f23119-6977-4d89-9f11-cf3e5aea1792,4.64,false,false,near_mint,fr,EUR
Le commencement,binder,Chain of Smog,ONS,Onslaught,132,normal,uncommon,1,31171,6bfe64f9-8b03-41f6-a47b-fade397ad9d1,4.65,false,false,near_mint,fr,EUR
Le commencement,binder,Healer's Headdress,5DN,Fifth Dawn,129,normal,common,1,29366,9565f076-54a6-43d6-bcf0-dcb932f6c116,0.07,false,false,near_mint,fr,EUR
Le commencement,binder,Wipe Clean,SCG,Scourge,26,normal,common,1,30662,cf7c14c9-cb5a-49f0-be2c-eb3166f02510,0.13,false,false,near_mint,fr,EUR
Le commencement,binder,Battlefield Medic,ONS,Onslaught,9,normal,common,1,31294,9c444503-42a8-4952-819b-bbca89b06abc,0.03,false,false,near_mint,fr,EUR
Le commencement,binder,Venerable Monk,10E,Tenth Edition,55,normal,common,1,26070,b36501d5-4f45-4191-b8ec-6ab435b61bc1,0.04,false,false,near_mint,fr,EUR
Le commencement,binder,Samite Censer-Bearer,FUT,Future Sight,15,normal,common,1,26322,7de6aeea-0144-4148-b7a6-47b703f64af9,0.11,false,false,near_mint,fr,EUR
Le commencement,binder,Teroh's Faithful,TOR,Torment,18,normal,common,1,31723,bff8cf45-c84f-49d7-ad3d-b5e046286cb3,0.09,false,false,near_mint,fr,EUR
Le commencement,binder,Loxodon Anchorite,5DN,Fifth Dawn,10,normal,common,1,29485,a55f0113-3ced-49c7-9fa8-f1cc873bdc4c,0.1,false,false,near_mint,fr,EUR
Le commencement,binder,Daunting Defender,ONS,Onslaught,21,foil,common,1,31282,38737f38-26bd-417c-b6b4-53f26e4e8044,0.44,false,false,near_mint,fr,EUR
Le commencement,binder,Pilgrim of Justice,ODY,Odyssey,40,normal,common,1,32137,6103a3a7-78ce-4a66-bd82-434e0bd9dea4,0.07,false,false,near_mint,fr,EUR
Le commencement,binder,Loxodon Mystic,DST,Darksteel,7,normal,common,2,29654,5976c352-ac49-4e0d-a4c0-ec9b6b78db9c,0.06,false,false,near_mint,fr,EUR
Le commencement,binder,Noble Templar,SCG,Scourge,19,normal,common,1,30669,6a9ede92-e64f-44a5-afb6-c7495077fb0b,0.05,false,false,near_mint,fr,EUR
Le commencement,binder,Loxodon Mender,MRD,Mirrodin,12,normal,common,1,30033,c17ac7c1-6d53-40b4-921f-4e23e4026041,0.07,false,false,near_mint,fr,EUR
Le commencement,binder,Foothill Guide,ONS,Onslaught,29,normal,common,1,31274,409adb7b-6dcb-4e7f-a5dd-c0adf12140a4,0.04,false,false,near_mint,fr,EUR
Le commencement,binder,Silverstorm Samurai,BOK,Betrayers of Kamigawa,22,normal,common,1,28687,10d2a6d9-5848-4481-a0f9-42320ff2c230,0.06,false,false,near_mint,fr,EUR
Le commencement,binder,Lymph Sliver,FUT,Future Sight,26,normal,common,1,26311,d9cdb51f-c785-47d1-b23c-de74eeb22a31,0.12,false,false,near_mint,fr,EUR
Le commencement,binder,Poultice Sliver,PLC,Planar Chaos,11,normal,common,1,26523,f3441ae0-4c20-487b-99b8-d6934dfb66ff,0.1,false,false,near_mint,fr,EUR
Le commencement,binder,Daru Healer,ONS,Onslaught,19,normal,common,1,31284,0e4f3eff-ac99-41e2-9003-9630cdb3ae23,0.04,false,false,near_mint,fr,EUR
Le commencement,binder,Dedicated Martyr,ODY,Odyssey,16,normal,common,1,32161,d1f95b64-858b-4344-84a2-3afa5c7b9ee9,0.04,false,false,near_mint,fr,EUR
Le commencement,binder,Torii Watchward,SOK,Saviors of Kamigawa,30,normal,common,1,28508,b8ec0916-f320-4fad-9ec5-99aeecfda0e3,0.05,false,false,near_mint,fr,EUR
Le commencement,binder,Skyshroud Falcon,7ED,Seventh Edition,45,normal,common,1,32761,a41aec1d-d86f-4a52-a446-5cef71d1ebd4,0.1,false,false,near_mint,fr,EUR
Le commencement,binder,Dive Bomber,ONS,Onslaught,26,normal,common,2,31277,65162b24-8a3b-4b92-a831-6f23f809c76f,0.06,false,false,near_mint,fr,EUR
Le commencement,binder,Cloudchaser Eagle,7ED,Seventh Edition,11,normal,common,1,32795,81cd5854-56ef-48ec-ad12-1690fa45b4a5,0.04,false,false,near_mint,fr,EUR
Le commencement,binder,Fortifying Provisions,ELD,Throne of Eldraine,13,normal,common,1,46325,98ce113c-53da-4fab-b7c9-fc3df248b65e,0.07,false,false,near_mint,fr,EUR
Le commencement,binder,Return to Dust,TSP,Time Spiral,39,normal,uncommon,1,26861,48185c8f-ac41-46e2-85b1-760abac914ac,0.19,false,false,near_mint,fr,EUR
Le commencement,binder,Chronomantic Escape,FUT,Future Sight,4,normal,uncommon,1,26333,cb6989fd-05cf-4169-96c0-37c556454b92,1.53,false,false,near_mint,fr,EUR
Le commencement,binder,Battleflight Eagle,M13,Magic 2013,7,normal,common,1,17816,4182dbd5-8eae-4f4b-86aa-2bfc24481800,0.03,false,false,near_mint,fr,EUR
Le commencement,binder,Protective Sphere,INV,Invasion,26,normal,common,1,33307,ef5ef13e-1cf0-42a9-95d0-30ade254d6a8,0.13,false,false,near_mint,fr,EUR
Le commencement,binder,Dragonstalker,SCG,Scourge,11,normal,uncommon,1,30677,58017ff1-74d2-4be2-976a-8dff53e16150,0.13,false,false,near_mint,fr,EUR
Le commencement,binder,Aven Soulgazer,ONS,Onslaught,8,normal,uncommon,1,31295,5189f152-f075-4090-97dd-b7686d813865,0.06,false,false,near_mint,fr,EUR
Le commencement,binder,Swooping Talon,LGN,Legions,23,normal,uncommon,1,30811,34c3d19c-d4c6-4c5c-85eb-11d55959a89c,0.08,false,false,near_mint,fr,EUR
Le commencement,binder,Frontline Strategist,SCG,Scourge,15,normal,common,1,30673,1c43fac2-62fb-4924-848d-a8d739773d6e,0.15,false,false,near_mint,fr,EUR
Le commencement,binder,Honor Guard,9ED,Ninth Edition,20,normal,common,1,28343,20f208a8-115a-4734-b56a-9330018cb269,0.04,false,false,near_mint,fr,EUR
Le commencement,binder,Leonin Squire,5DN,Fifth Dawn,9,normal,common,2,29486,5a5320ff-1fe6-492a-b27f-86a84a1768ed,0.11,false,false,near_mint,fr,EUR
Le commencement,binder,Knight of Sursi,FUT,Future Sight,10,normal,common,1,26327,84b23129-25b2-4870-9462-ab12718ae7be,0.08,false,false,near_mint,fr,EUR
Le commencement,binder,Foot Soldiers,9ED,Ninth Edition,14,normal,common,1,28349,baff03f3-a8ca-4c35-ae71-43b5d237b519,0.11,false,false,near_mint,fr,EUR
Le commencement,binder,Daru Cavalier,ONS,Onslaught,18,normal,common,1,31285,eb2e9b7e-434e-477f-b3e8-e85ceb913650,0.06,false,false,near_mint,fr,EUR
Le commencement,binder,Standing Troops,7ED,Seventh Edition,48,normal,common,1,32758,8ccb299f-5601-4852-9fea-3c375b4851e8,0.05,false,false,near_mint,fr,EUR
Le commencement,binder,Eager Cadet,7ED,Seventh Edition,14,normal,common,2,32792,46b89ce6-8a73-4e27-8696-e65ea0c16925,0.06,false,false,near_mint,fr,EUR
Le commencement,binder,Honor Guard,7ED,Seventh Edition,21,normal,common,1,32785,aff788a3-3182-4bf5-897e-521d977e6aaf,0.05,false,false,near_mint,fr,EUR
Le commencement,binder,Knight Errant,7ED,Seventh Edition,24,normal,common,1,32782,d8d1d55b-6be0-4bb5-b452-ba4994b21774,0.02,false,false,near_mint,fr,EUR
Le commencement,binder,Glory Seeker,8ED,Eighth Edition,21,normal,common,1,30515,502beb90-c562-470a-9315-bc1a1b11ea9c,0.04,false,false,near_mint,fr,EUR
Le commencement,binder,Crossbow Infantry,9ED,Ninth Edition,12,normal,common,1,28351,d962926a-e415-4075-b5dd-3db68526bdb9,0.05,false,false,near_mint,fr,EUR
Le commencement,binder,Staunch Defenders,7ED,Seventh Edition,50,normal,uncommon,1,32756,2e5c5acf-efcb-4df9-b956-b7bce336a5cb,0.32,false,false,near_mint,fr,EUR
Le commencement,binder,Spirit Weaver,INV,Invasion,39,normal,uncommon,1,33294,90b0ef47-cb22-4146-a17e-e49a6031a7e6,0.03,false,false,near_mint,fr,EUR
Le commencement,binder,Ironfist Crusher,ONS,Onslaught,42,normal,uncommon,1,31261,c7284e32-de54-4c83-a7de-7b249c47319a,0.07,false,false,near_mint,fr,EUR
Le commencement,binder,Stoic Champion,LGN,Legions,21,normal,uncommon,2,30813,6b69d619-c31b-472b-9ae8-d4503704680d,0.16,false,false,near_mint,fr,EUR
Le commencement,binder,Liege of the Axe,LGN,Legions,16,normal,uncommon,1,30818,eb518bf0-17ad-4bbf-b922-42ee76ffcbea,0.11,false,false,near_mint,fr,EUR
Le commencement,binder,Pilgrim of Virtue,ODY,Odyssey,41,normal,common,1,32136,be58f0dd-3856-4960-83de-06eed78ed703,0.05,false,false,near_mint,fr,EUR
Le commencement,binder,Glory Seeker,9ED,Ninth Edition,17,normal,common,1,28346,4979748a-4820-4c6a-b4b0-1bfb46e2817a,0.04,false,false,near_mint,fr,EUR
Le commencement,binder,Mistmeadow Skulk,FUT,Future Sight,27,normal,uncommon,1,26310,f1b45f8f-8f41-426d-b773-1e8cdfbff6f8,0.06,false,false,near_mint,fr,EUR
Le commencement,binder,Lost Auramancers,FUT,Future Sight,11,normal,uncommon,1,26326,834bfc49-9411-4a0f-b79b-d0d35f898952,0.29,false,false,near_mint,fr,EUR
Le commencement,binder,Tundra Wolves,5ED,Fifth Edition,66,normal,common,1,37940,1f2f982d-cbd0-466e-8804-b055374a9dec,0.07,false,false,near_mint,fr,EUR
Le commencement,binder,Tundra Wolves,8ED,Eighth Edition,54,normal,common,1,30482,030d414a-5155-41cc-8b01-07d297254d1c,0.06,false,false,near_mint,fr,EUR
Le commencement,binder,Kami of the Painted Road,CHK,Champions of Kamigawa,23,normal,common,1,29203,7068739c-0a6a-49a1-88c3-68d7abc58ee2,0.06,false,false,near_mint,fr,EUR
Le commencement,binder,Luminous Guardian,ODY,Odyssey,31,foil,uncommon,1,32146,a5becc51-4df8-4f67-a029-42a3da598a26,1.13,false,false,near_mint,fr,EUR
Le commencement,binder,Mystic Zealot,ODY,Odyssey,36,normal,common,1,32141,1ba21062-5d13-47b9-bea1-ded8530a9aeb,0.04,false,false,near_mint,fr,EUR
Le commencement,binder,Embolden,ODY,Odyssey,22,normal,common,2,32155,36848fb0-4070-40cf-b24a-2e8f47c5ebc3,0.02,false,false,near_mint,fr,EUR
Le commencement,binder,Metal Fatigue,DST,Darksteel,8,normal,common,1,29653,9fa32494-24bc-44c7-81d4-7285bd1fe3c8,0.06,false,false,near_mint,fr,EUR
Le commencement,binder,Patrician's Scorn,FUT,Future Sight,29,foil,common,1,26308,4edfd70c-2923-4813-bf14-04194518163c,1.82,false,false,near_mint,fr,EUR
Le commencement,binder,Judge Unworthy,FUT,Future Sight,9,normal,common,1,26328,46b0f9cb-f848-460e-94cc-d85b23133d6e,0.09,false,false,near_mint,fr,EUR
Le commencement,binder,Sphere of Law,ODY,Odyssey,50,normal,uncommon,1,32127,f3451ddf-efec-474b-884c-64288e5552d2,0.16,false,false,near_mint,fr,EUR
Le commencement,binder,Circle of Protection: Black,7ED,Seventh Edition,6,normal,common,1,32800,b7967ce4-6688-40d0-bedb-4e0f38502f09,0.1,false,false,near_mint,fr,EUR
Le commencement,binder,Heart of Light,10E,Tenth Edition,19,normal,common,2,26124,45aa4b29-ce6b-4579-bee6-06a9ccfda55c,0.02,false,false,near_mint,fr,EUR
Le commencement,binder,Starlight,7ED,Seventh Edition,49,normal,uncommon,1,32757,9f9ef338-1a74-433c-a7d9-f667246e6622,0.31,false,false,near_mint,fr,EUR
Le commencement,binder,Daru Spiritualist,SCG,Scourge,5,normal,common,1,30683,18f26b88-cffc-47ed-a70a-7d704a32c8bb,0.21,false,false,near_mint,fr,EUR
Le commencement,binder,Angelic Page,7ED,Seventh Edition,1,normal,common,1,32805,b3aebe60-bbd4-4591-bf3c-6cec67e41cf6,0.07,false,false,near_mint,fr,EUR
Le commencement,binder,Confessor,ODY,Odyssey,15,normal,common,2,32162,984c0bdb-e9e2-435e-aa68-2dbad52c3dbd,0.09,false,false,near_mint,fr,EUR
Le commencement,binder,Gustcloak Skirmisher,ONS,Onslaught,38,normal,uncommon,2,31265,cbbff06c-5f92-4320-8b70-df3c8344f600,0.08,false,false,near_mint,fr,EUR
Le commencement,binder,Patrician's Scorn,FUT,Future Sight,29,normal,common,2,26308,4edfd70c-2923-4813-bf14-04194518163c,0.24,false,false,near_mint,fr,EUR
Le commencement,binder,Eager Cadet,9ED,Ninth Edition,S1,normal,common,1,28370,0732d372-1000-435e-905b-4a6c852ba427,0.06,false,false,near_mint,fr,EUR
Le commencement,binder,Kuldotha Rebirth,SOM,Scars of Mirrodin,96,normal,common,1,20936,7ee07266-a95d-4cd8-9863-1664922e9490,1.59,false,false,near_mint,fr,EUR
Le commencement,binder,Magmaw,UMA,Ultimate Masters,138,normal,uncommon,1,43372,08c571fe-54ef-4234-98c3-5d4a7b07e7d2,0.04,false,false,near_mint,fr,EUR
Le commencement,binder,Orcish Artillery,7ED,Seventh Edition,205,normal,uncommon,1,32601,e5b13fc4-e26a-4a7c-bde2-ea3626da6aa8,0.05,false,false,near_mint,fr,EUR
Le commencement,binder,Spark Spray,SCG,Scourge,105,normal,common,1,30583,f60d8716-4297-484c-8e02-c30ce2773a65,0.17,false,false,near_mint,fr,EUR
Le commencement,binder,Orcish Cannonade,TSP,Time Spiral,172,normal,common,1,26728,4e40f99c-9608-4463-8c6f-c6e142f0d716,0.09,false,false,near_mint,fr,EUR
Le commencement,binder,Orcish Artillery,9ED,Ninth Edition,206,normal,uncommon,1,28157,14addda6-7f7c-4c7f-abfe-e647e0282936,0.14,false,false,near_mint,fr,EUR
Le commencement,binder,Contaminated Bond,10E,Tenth Edition,132,normal,common,1,25964,a56b6552-367e-4b0b-9095-42322843b1b2,0.04,false,false,near_mint,fr,EUR
Le commencement,binder,Stone Rain,9ED,Ninth Edition,221,normal,common,1,28142,d2334c10-fa96-4f8e-8187-c7ecc00cbac8,0.14,false,false,near_mint,fr,EUR
Le commencement,binder,Crack the Earth,BOK,Betrayers of Kamigawa,98,normal,common,1,28611,8ab16152-4617-4deb-b995-195e21f8f485,0.35,false,false,near_mint,fr,EUR
Le commencement,binder,Sabretooth Tiger,8ED,Eighth Edition,217,normal,common,1,30319,c85964eb-c586-4e62-9a19-6a665e6ad98d,0.02,false,false,near_mint,fr,EUR
Le commencement,binder,Instill Furor,RAV,Ravnica: City of Guilds,134,normal,uncommon,1,27876,f6164762-c02d-4553-9064-2b99ff6352c9,0.09,false,false,near_mint,fr,EUR
Le commencement,binder,Artillerize,NPH,New Phyrexia,79,normal,common,1,19806,034522ae-f531-44d9-b186-ada046ce0abc,0.09,false,false,near_mint,fr,EUR
Le commencement,binder,Acidic Soil,USG,Urza's Saga,172,normal,uncommon,1,35796,790157c9-b1ed-4da5-9d50-e99e0dd807b7,0.89,false,false,near_mint,fr,EUR
Le commencement,binder,Sparkmage Apprentice,RAV,Ravnica: City of Guilds,144,normal,common,1,27866,6ca91f7f-4b17-469e-8650-4c18e1521ea9,0.03,false,false,near_mint,fr,EUR
Le commencement,binder,Plunder,TSP,Time Spiral,174,normal,common,1,26726,79cff220-b1a6-4da6-b765-25a583b33de2,0.06,false,false,near_mint,fr,EUR
Le commencement,binder,Stone Rain,6ED,Classic Sixth Edition,209,normal,common,1,35168,1e9a0841-609f-4a57-8a4a-39d460e31af8,0.29,false,false,near_mint,fr,EUR
Le commencement,binder,Cackling Flames,DIS,Dissension,59,normal,common,1,27366,a54a371e-fb82-41f1-892c-975f932b668e,0.04,false,false,near_mint,fr,EUR
Le commencement,binder,Erratic Explosion,ONS,Onslaught,201,normal,common,1,31102,9f608a7e-5555-4554-a6e7-fe00e0bbe753,0.09,false,false,near_mint,fr,EUR
Le commencement,binder,Goblin Sky Raider,ONS,Onslaught,208,normal,common,1,31095,738cbf9b-e3d3-4568-93ce-7915b248e5b3,0.06,false,false,near_mint,fr,EUR
Le commencement,binder,Shatter,9ED,Ninth Edition,218,normal,common,1,28145,07e79ce1-29d6-48d3-b7d5-8cd95cef3234,0.1,false,false,near_mint,fr,EUR
Le commencement,binder,Anaba Bodyguard,10E,Tenth Edition,187,normal,common,1,25895,6fdd01bd-ab41-4005-8807-46db0cfc4da4,0.04,false,false,near_mint,fr,EUR
Le commencement,binder,Flamewave Invoker,LGN,Legions,92,normal,common,1,30742,13a68534-2d9a-47e9-9d2a-cb6df4362aa9,0.04,false,false,near_mint,fr,EUR
Le commencement,binder,Krark-Clan Stoker,DST,Darksteel,65,normal,common,1,29596,a90da818-ffa1-435d-8734-fc7a1330d323,0.08,false,false,near_mint,fr,EUR
Le commencement,binder,Mana Geyser,5DN,Fifth Dawn,75,normal,common,1,29420,3929662e-99d7-48e9-afac-1852af8be722,1.22,false,false,near_mint,fr,EUR
Le commencement,binder,Inner Fire,SOK,Saviors of Kamigawa,105,normal,common,1,28433,b1d886a2-ae83-4d95-9ec0-582c563181e6,0.43,false,false,near_mint,fr,EUR
Le commencement,binder,Carbonize,SCG,Scourge,83,normal,uncommon,1,30605,6f565fa1-a1a0-4dd0-b7f4-df65a807d156,0.08,false,false,near_mint,fr,EUR
Le commencement,binder,Lava Dart,JUD,Judgment,94,normal,common,1,31504,865bb1d3-5b7d-40e9-87cc-96be9524a105,0.77,false,false,near_mint,fr,EUR
Le commencement,binder,Swelter,JUD,Judgment,101,normal,uncommon,1,31497,8f667c26-40f5-4ac5-87a4-cb03f70590a2,0.05,false,false,near_mint,fr,EUR
Le commencement,binder,Pyromatics,GPT,Guildpact,72,normal,common,4,27523,c22c9dab-e8d5-48b3-8fd2-9f4138ee0c7c,0.13,false,false,near_mint,fr,EUR
Le commencement,binder,Uncontrolled Infestation,SCG,Scourge,108,normal,common,1,30580,d9ead6c3-a4e9-43e0-ae2a-6eb73033bc49,0.09,false,false,near_mint,fr,EUR
Le commencement,binder,Shatter,7ED,Seventh Edition,217,normal,common,1,32589,a0017ebd-d672-4933-8136-d929737e5ecd,0.06,false,false,near_mint,fr,EUR
Le commencement,binder,Misguided Rage,SCG,Scourge,99,foil,common,1,30589,74b5e00a-fef0-4711-9112-2fd067321890,0.4,false,false,near_mint,fr,EUR
Le commencement,binder,Demolish,10E,Tenth Edition,196,normal,common,1,25884,f3558503-5124-44cb-8343-6dec0130f8f7,0.04,false,false,near_mint,fr,EUR
Le commencement,binder,Tremble,ODY,Odyssey,225,normal,common,1,31952,7e1dc36f-3fdd-42cf-9d3a-695f4bf60c68,0.16,false,false,near_mint,fr,EUR
Le commencement,binder,Lay Waste,ONS,Onslaught,216,normal,common,1,31087,22061b5e-81d3-4c7f-ab39-7ee719c13cef,0.05,false,false,near_mint,fr,EUR
Le commencement,binder,Earth Rift,ODY,Odyssey,189,normal,common,1,31988,e2e10742-77c9-4f91-81b2-37b2ac910f09,0.16,false,false,near_mint,fr,EUR
Le commencement,binder,Timecrafting,PLC,Planar Chaos,109,normal,uncommon,1,26425,fd6da5ef-7e5b-4536-ad28-6fe66f3e0438,0.25,false,false,near_mint,fr,EUR
Le commencement,binder,Magnetic Theft,5DN,Fifth Dawn,74,normal,uncommon,1,29421,de0c1e37-fedc-43d9-97fd-b797c6c2fbbe,1.65,false,false,near_mint,fr,EUR
Le commencement,binder,Panic Attack,PCY,Prophecy,98,normal,common,1,33582,89ec751c-08b5-4afb-bc08-8b2735b24f59,0.13,false,false,near_mint,fr,EUR
Le commencement,binder,Kamahl's Desire,ODY,Odyssey,199,normal,common,1,31978,c99e1ded-7440-40a6-846b-7450a9b7d2a8,0.08,false,false,near_mint,fr,EUR
Le commencement,binder,Flowstone Embrace,FUT,Future Sight,113,normal,common,1,26224,f3969cc7-92b9-45cd-9a4f-d94c2178a04d,0.04,false,false,near_mint,fr,EUR
Le commencement,binder,Dragon Breath,SCG,Scourge,86,normal,common,1,30602,1832aaed-e164-4f78-9bc9-ec6c015835f5,0.2,false,false,near_mint,fr,EUR
Le commencement,binder,Fiery Mantle,USG,Urza's Saga,186,normal,common,1,35782,c41deea2-c12f-40cd-8fc4-47227c762f42,0.21,false,false,near_mint,fr,EUR
Le commencement,binder,Reflexes,9ED,Ninth Edition,211,normal,common,1,28152,139d9770-4316-4ac1-b235-5a1d6e15cece,0.12,false,false,near_mint,fr,EUR
Le commencement,binder,Infectious Rage,JUD,Judgment,92,normal,uncommon,1,31506,8569cdf7-e0e9-4733-98b5-56fac216fad3,0.08,false,false,near_mint,fr,EUR
Le commencement,binder,Crown of Fury,ONS,Onslaught,196,normal,common,1,31107,6caae974-f531-469d-8c6a-2077c4f3294a,0.05,false,false,near_mint,fr,EUR
Le commencement,binder,Granite Grip,7ED,Seventh Edition,195,normal,common,1,32611,908c8414-5eff-4887-9007-43050058c2d0,0.11,false,false,near_mint,fr,EUR
Le commencement,binder,Emblem of the Warmind,FUT,Future Sight,112,normal,uncommon,1,26225,03ab2a41-315b-439c-b02c-f12335fc903a,0.34,false,false,near_mint,fr,EUR
Le commencement,binder,Haze of Rage,FUT,Future Sight,100,normal,uncommon,1,26237,846134c0-5a8d-4ccb-8451-db29b70be3f5,0.5,false,false,near_mint,fr,EUR
Le commencement,binder,Pinpoint Avalanche,ONS,Onslaught,221,normal,common,1,31082,d5cf8876-4c7d-4779-9363-d0a58bb7d851,0.03,false,false,near_mint,fr,EUR
Le commencement,binder,Singe,PLS,Planeshift,71,normal,common,1,32881,32323277-db9a-48a7-b9a4-8e6914386e26,0.07,false,false,near_mint,fr,EUR
Le commencement,binder,Swirling Sandstorm,JUD,Judgment,102,normal,common,1,31496,4d757ec3-c15f-4d6e-8e18-36ebae985448,0.56,false,false,near_mint,fr,EUR
Le commencement,binder,Fatal Attraction,FUT,Future Sight,98,normal,common,3,26239,930ff9ec-6b97-445e-b274-7c8c5fe0c0fc,0.03,false,false,near_mint,fr,EUR
Le commencement,binder,Fire Elemental,7ED,Seventh Edition,183,normal,uncommon,1,32623,25b57e53-220c-4181-80d3-8063864aefc2,0.06,false,false,near_mint,fr,EUR
Le commencement,binder,Henchfiend of Ukor,FUT,Future Sight,117,normal,common,1,26220,3b41cef7-bb16-4d89-9900-dc6d1f5200f0,0.05,false,false,near_mint,fr,EUR
Le commencement,binder,Shinka Gatekeeper,BOK,Betrayers of Kamigawa,117,normal,common,1,28592,8fdaf49b-9524-4824-807e-c40fcb381742,0.03,false,false,near_mint,fr,EUR
Le commencement,binder,Ogre Berserker,P02,Portal Second Age,111,normal,common,1,36391,b6969d4d-c311-4663-bcd6-77a4d6458335,0.06,false,false,near_mint,fr,EUR
Le commencement,binder,Lightning Elemental,7ED,Seventh Edition,201,normal,common,1,32605,6df538e3-84c9-4580-85e9-8ac2f9a1294b,0.09,false,false,near_mint,fr,EUR
Le commencement,binder,Rift Elemental,FUT,Future Sight,106,normal,common,2,26231,670c1a05-0dd2-4535-aa7f-ed33bbe92681,0.09,false,false,near_mint,fr,EUR
Le commencement,binder,Lightning Elemental,10E,Tenth Edition,217,normal,common,2,25857,9a557c16-2b58-45c4-9e97-cf6047a83d17,0.04,false,false,near_mint,fr,EUR
Le commencement,binder,Earth Elemental,10E,Tenth Edition,199,normal,uncommon,1,25880,abdf4360-ba2f-464f-86f0-1620532e6a0a,0.07,false,false,near_mint,fr,EUR
Le commencement,binder,Barbarian Riftcutter,RAV,Ravnica: City of Guilds,114,normal,common,1,27896,152f4cfa-4f03-404d-a6f7-24c27505906f,0.06,false,false,near_mint,fr,EUR
Le commencement,binder,Prodigal Pyromancer,10E,Tenth Edition,221,normal,common,1,25852,e6023c95-8cd8-4f12-960a-6557fbefd628,0.24,false,false,near_mint,fr,EUR
Le commencement,binder,Barbarian Bully,JUD,Judgment,79,normal,common,1,31519,e38f0f9f-ad7b-48da-89f3-b3e5346a3b71,0.08,false,false,near_mint,fr,EUR
Le commencement,binder,Balduvian Barbarians,9ED,Ninth Edition,174,normal,common,1,28189,caba00ff-df58-456e-8aeb-fc8b632018a6,0.04,false,false,near_mint,fr,EUR
Le commencement,binder,Dwarven Strike Force,ODY,Odyssey,188,normal,uncommon,1,31989,a2bc3d85-5ba1-4f2e-a676-be989bdb04f7,0.15,false,false,near_mint,fr,EUR
Le commencement,binder,Balduvian Barbarians,8ED,Eighth Edition,176,normal,common,1,30360,46092f3f-7ef9-4967-b47b-40747a8cf37d,0.07,false,false,near_mint,fr,EUR
Le commencement,binder,Balduvian Barbarians,7ED,Seventh Edition,173,normal,common,1,32633,e2507e14-96d1-40e6-9379-4d4749d74e1d,0.05,false,false,near_mint,fr,EUR
Le commencement,binder,Drooling Ogre,DST,Darksteel,58,normal,common,1,29603,2036745a-09ea-476f-ace6-1d06b8502f83,0.1,false,false,near_mint,fr,EUR
Le commencement,binder,Flowstone Shambler,9ED,Ninth Edition,185,normal,common,1,28178,65669460-54e6-4358-83de-d7a576f9eea3,0.04,false,false,near_mint,fr,EUR
Le commencement,binder,Mad Dog,ODY,Odyssey,202,normal,common,1,31975,7be2da24-a0cd-4e90-bc29-4da649fa56bf,0.06,false,false,near_mint,fr,EUR
Le commencement,binder,Ridgeline Rager,PCY,Prophecy,100,normal,common,1,33580,5f663a4a-592a-4a3b-bbaf-e9c5c3049021,0.07,false,false,near_mint,fr,EUR
Le commencement,binder,Zerapa Minotaur,PCY,Prophecy,108,normal,common,1,33572,55a8e1ce-e394-48d6-938a-aa76c0273abe,0.06,false,false,near_mint,fr,EUR
Le commencement,binder,Simian Spirit Guide,PLC,Planar Chaos,122,normal,common,1,26412,5d7f701c-dcdc-4067-8d00-b4b7aadee9ba,0.59,false,false,near_mint,fr,EUR
Le commencement,binder,Macetail Hystrodon,LGN,Legions,106,normal,common,1,30728,8451ab3f-5d61-4f35-ab70-5a5060caf53d,0.02,false,false,near_mint,fr,EUR
Le commencement,binder,Longhorn Firebeast,TOR,Torment,103,normal,common,1,31638,bf0dcf33-8d3f-429c-8ad8-a65d07d7c790,0.07,false,false,near_mint,fr,EUR
Le commencement,binder,Bonethorn Valesk,SCG,Scourge,82,normal,common,1,30606,297d7326-ad03-464d-97e2-443042d48f92,0.06,false,false,near_mint,fr,EUR
Le commencement,binder,Goblin Brigand,SCG,Scourge,94,normal,common,1,30594,4b024afe-7a28-4e3b-afbd-b42f1c45f338,0.11,false,false,near_mint,fr,EUR
Le commencement,binder,Goblin Brigand,9ED,Ninth Edition,190,normal,common,2,28173,862a481a-f236-4e99-b4b9-086e6cb8f4de,0.06,false,false,near_mint,fr,EUR
Le commencement,binder,Goblin Glider,7ED,Seventh Edition,189,normal,uncommon,1,32617,839a7e39-8d98-4e84-8a5c-2b067c8654d5,0.09,false,false,near_mint,fr,EUR
Le commencement,binder,Kill-Suit Cultist,DIS,Dissension,65,normal,common,1,27360,b37c96bb-6844-4c73-8b32-099bde7bd9f1,0.07,false,false,near_mint,fr,EUR
Le commencement,binder,Nosy Goblin,ONS,Onslaught,220,normal,common,1,31083,70ea023e-e66d-4049-b7bc-5e660804f088,0.1,false,false,near_mint,fr,EUR
Le commencement,binder,Embermage Goblin,ONS,Onslaught,200,normal,uncommon,1,31103,f50f60a8-e99a-4891-b474-a21abee38970,0.14,false,false,near_mint,fr,EUR
Le commencement,binder,Whiptail Moloch,DIS,Dissension,79,normal,common,1,27346,ccd8e674-49be-47b7-910d-736c9acfa916,0.03,false,false,near_mint,fr,EUR
Le commencement,binder,Chartooth Cougar,JVC,Duel Decks Anthology: Jace vs. Chandra,47,normal,common,1,12244,d1aff81b-9c70-4447-b391-5de982e84cce,0.04,false,false,near_mint,fr,EUR
Le commencement,binder,Charging Slateback,ONS,Onslaught,194,normal,common,1,31109,d2cfff37-655f-4107-abf3-e6f63d0e4de2,0.07,false,false,near_mint,fr,EUR
Le commencement,binder,Chartooth Cougar,SCG,Scourge,84,normal,common,2,30604,6b2c9c07-c3db-46ca-a204-b710c3a34ae9,0.05,false,false,near_mint,fr,EUR
Le commencement,binder,Sabretooth Tiger,6ED,Classic Sixth Edition,203,normal,common,1,35174,b4f0585f-f4ea-4b49-b090-8fdf56e5de7d,0.05,false,false,near_mint,fr,EUR
Le commencement,binder,Battering Craghorn,ONS,Onslaught,188,normal,common,2,31115,9ef71f42-87e5-4b1d-aac1-3752b81cee7c,0.07,false,false,near_mint,fr,EUR
Le commencement,binder,Anaba Bodyguard,6ED,Classic Sixth Edition,164,normal,common,1,35213,13c21e32-6f43-4475-bd9e-472ca8cbd4a6,0.04,false,false,near_mint,fr,EUR
Le commencement,binder,Flowstone Channeler,TSP,Time Spiral,155,normal,common,2,26745,9f10fa1c-2c7b-49ba-87b6-3b652b65704d,0.06,false,false,near_mint,fr,EUR
Le commencement,binder,Furnace Whelp,10E,Tenth Edition,205,normal,uncommon,1,25873,4c00aa95-3ef3-4639-bda2-6593515f68ae,0.15,false,false,near_mint,fr,EUR
Le commencement,binder,Pygmy Pyrosaur,7ED,Seventh Edition,208,normal,common,1,32598,42e01129-254c-4a16-9f11-21a7a9c66f32,0.04,false,false,near_mint,fr,EUR
Le commencement,binder,Kird Ape,9ED,Ninth Edition,199,normal,uncommon,1,28164,27423c7b-d1fd-471b-9648-8ea5ed9ebaf2,0.26,false,false,near_mint,fr,EUR
Le commencement,binder,Barbed Shocker,TSP,Time Spiral,144,normal,uncommon,1,26756,41b6f45a-7219-4b59-bf0a-9e374599ae5e,0.1,false,false,near_mint,fr,EUR
Le commencement,binder,Atog,MRD,Mirrodin,86,normal,uncommon,1,29959,a15397bc-c400-4f8d-b206-08a4d65e76ff,0.15,false,false,near_mint,fr,EUR
Le commencement,binder,Hill Giant,7ED,Seventh Edition,196,normal,common,1,32610,e7ea1719-2bed-46f4-bb14-e3a4c87ce50a,0.04,false,false,near_mint,fr,EUR
Le commencement,binder,Bloodrock Cyclops,10E,Tenth Edition,192,normal,common,1,25888,e3a830f8-b508-431e-aadc-36330dcfe5db,0.02,false,false,near_mint,fr,EUR
Le commencement,binder,Goblin Raider,8ED,Eighth Edition,191,normal,common,1,30345,0837dd6a-d413-40a4-a684-ec637a4f3d4a,0.1,false,false,near_mint,fr,EUR
Le commencement,binder,Goblin Masons,UDS,Urza's Destiny,86,normal,common,1,34759,124070d9-c362-4053-a405-9438b1cfac02,0.13,false,false,near_mint,fr,EUR
Le commencement,binder,Skirk Outrider,LGN,Legions,114,normal,common,1,30720,416de0f4-1540-4286-a1ac-4f57301c54e9,0.08,false,false,near_mint,fr,EUR
Le commencement,binder,Kavu Scout,INV,Invasion,151,normal,common,1,33182,cbc2670d-a3f4-47c2-b424-01fd379ff186,0.04,false,false,near_mint,fr,EUR
Le commencement,binder,Thundering Giant,10E,Tenth Edition,243,normal,uncommon,1,25823,1f6b8f09-f021-4ac8-900f-daeac527477e,0.07,false,false,near_mint,fr,EUR
Le commencement,binder,Ogre Recluse,BOK,Betrayers of Kamigawa,113,normal,uncommon,1,28596,aa425203-71fc-4d19-8014-871d16b11bfd,0.04,false,false,near_mint,fr,EUR
Le commencement,binder,Ogre Savant,GPT,Guildpact,70,normal,common,1,27525,f7448ed3-8720-4098-a3dd-9151ba10bb49,0.06,false,false,near_mint,fr,EUR
Le commencement,binder,Blademane Baku,BOK,Betrayers of Kamigawa,95,normal,common,1,28614,78bfd388-3648-4bc3-8c10-d6b3b79a9479,0.04,false,false,near_mint,fr,EUR
Le commencement,binder,Crazed Goblin,DST,Darksteel,56,normal,common,1,29605,15fdb57b-7547-4588-9780-15e3bea0bc4c,0.09,false,false,near_mint,fr,EUR
Le commencement,binder,Barbarian Lunatic,ODY,Odyssey,175,normal,common,2,32002,6c899f9b-ebce-4424-9cd9-861a50a5f7d2,0.09,false,false,near_mint,fr,EUR
Le commencement,binder,Krark-Clan Grunt,MRD,Mirrodin,97,normal,common,2,29948,ffd9e422-206e-4c25-9964-ed6592c16e12,0.09,false,false,near_mint,fr,EUR
Le commencement,binder,Hill Giant,9ED,Ninth Edition,197,normal,common,2,28166,caa75eaf-948f-4503-962d-95b0321b36d9,0.06,false,false,near_mint,fr,EUR
Le commencement,binder,Goblin Raider,7ED,Seventh Edition,192,normal,common,2,32614,3315d75d-08dc-456c-a8e7-fe3136bf1a6b,0.07,false,false,near_mint,fr,EUR
Le commencement,binder,Viashino Sandscout,10E,Tenth Edition,246,normal,common,2,25818,102f139d-1baf-4ca6-a940-70b7efdc29f2,0.11,false,false,near_mint,fr,EUR
Le commencement,binder,Krark-Clan Ogre,5DN,Fifth Dawn,71,normal,common,2,29424,649f561c-0b90-4f1d-a003-bab351632bd3,0.07,false,false,near_mint,fr,EUR
Le commencement,binder,Myr Enforcer,HOP,Planechase,120,normal,common,1,22914,9c19ae1a-3c4b-4272-9dc0-869eb4a14ca4,1.4,false,false,near_mint,fr,EUR
Le commencement,binder,Neurok Stealthsuit,5DN,Fifth Dawn,140,normal,common,2,29355,a65ad83a-7374-435d-a5bd-2dd455fa6420,0.47,false,false,near_mint,fr,EUR
Le commencement,binder,Vulshok Morningstar,DST,Darksteel,157,normal,common,2,29504,acf00de0-af24-4ef9-8ac2-135e6b53a8fd,0.07,false,false,near_mint,fr,EUR
Le commencement,binder,Ronin Warclub,BOK,Betrayers of Kamigawa,158,normal,uncommon,2,28551,46ad31cd-38dc-4fd3-b9e4-8988f4898719,0.11,false,false,near_mint,fr,EUR
Le commencement,binder,Locket of Yesterdays,TSP,Time Spiral,258,normal,uncommon,1,26642,b316f198-4465-4fb5-a7a6-a92bf8eae8c1,1.34,false,false,near_mint,fr,EUR
Le commencement,binder,Darksteel Gargoyle,DST,Darksteel,111,normal,uncommon,1,29550,4d4fc3bf-a2c1-4a5f-a05e-b0a814c358bd,0.15,false,false,near_mint,fr,EUR
Le commencement,binder,Skycloud Egg,ODY,Odyssey,309,normal,uncommon,1,31868,e588cc41-4b86-4e93-94e8-dd765b27ab63,0.36,false,false,near_mint,fr,EUR
Le commencement,binder,Serum Tank,MRD,Mirrodin,240,normal,uncommon,1,29805,126ec055-1a7d-426b-a87f-c85c60aa7fc3,0.11,false,false,near_mint,fr,EUR
Le commencement,binder,Talisman of Dominance,MRD,Mirrodin,253,normal,uncommon,1,29792,991037a2-fea2-49f5-8ace-ebbf9f678cff,0.62,false,false,near_mint,fr,EUR
Le commencement,binder,Chronatog Totem,TSP,Time Spiral,252,normal,uncommon,1,26648,5acd482c-9815-4ff5-99ef-fb1a014251bb,0.1,false,false,near_mint,fr,EUR
Le commencement,binder,Sliversmith,FUT,Future Sight,163,normal,uncommon,1,26174,b242b7dd-a632-4024-a69a-179a63fb93a8,0.4,false,false,near_mint,fr,EUR
Le commencement,binder,O-Naginata,SOK,Saviors of Kamigawa,157,normal,uncommon,1,28381,24a353d5-d3b1-4ec1-8f2e-792f1bc79c96,0.39,false,false,near_mint,fr,EUR
Le commencement,binder,Ivory Cup,7ED,Seventh Edition,302,normal,uncommon,1,32504,e27a54e2-ac65-479a-adfc-8a2edad61e81,0.12,false,false,near_mint,fr,EUR
Le commencement,binder,Spincrusher,DST,Darksteel,144,normal,uncommon,1,29517,b1269a34-cec6-4978-a109-592723cd80dc,0.09,false,false,near_mint,fr,EUR
Le commencement,binder,No-Dachi,CHK,Champions of Kamigawa,264,normal,uncommon,2,28961,6c6061a8-d27f-4258-9e95-cd12365c4248,0.18,false,false,near_mint,fr,EUR
Le commencement,binder,Steel Golem,10E,Tenth Edition,344,normal,uncommon,1,25686,88d9b1ae-755d-49e4-b012-db95019491c6,0.76,false,false,near_mint,fr,EUR
Le commencement,binder,Steamclaw,ODY,Odyssey,310,normal,uncommon,1,31867,4f84a9bf-ce64-4301-8f2c-20f1b4acd3ef,0.06,false,false,near_mint,fr,EUR
Le commencement,binder,Phyrexian Vault,10E,Tenth Edition,337,normal,uncommon,1,25695,da70e601-ec60-434e-af9e-eb0bf2a580e2,0.16,false,false,near_mint,fr,EUR
Le commencement,binder,Sparring Collar,5DN,Fifth Dawn,154,normal,common,1,29341,5fc31145-19b4-4dbe-8756-f49791aa147e,0.13,false,false,near_mint,fr,EUR
Le commencement,binder,Dross Scorpion,MRD,Mirrodin,164,normal,common,2,29881,27c5381c-2e79-41fa-b1d7-2cf0c6dc1808,0.13,false,false,near_mint,fr,EUR
Le commencement,binder,Arcbound Stinger,DST,Darksteel,103,normal,common,2,29558,c397ea22-93cd-498a-a493-9af841d09bf5,0.12,false,false,near_mint,fr,EUR
Le commencement,binder,Arcbound Worker,DST,Darksteel,104,normal,common,3,29557,75561093-8892-4b51-813a-c933a06d8cbd,0.13,false,false,near_mint,fr,EUR
Le commencement,binder,Thermal Navigator,5DN,Fifth Dawn,162,normal,common,1,29333,eb86854f-c933-4b6c-bd0a-67c3615e908f,0.09,false,false,near_mint,fr,EUR
Le commencement,binder,Arcbound Hybrid,DST,Darksteel,97,normal,common,3,29564,a2f33f9d-dffd-4742-92c6-be7fe6463dca,0.12,false,false,near_mint,fr,EUR
Le commencement,binder,Arcbound Bruiser,DST,Darksteel,94,normal,common,3,29567,a4672ba6-cd82-4208-bc08-764986899999,0.12,false,false,near_mint,fr,EUR
Le commencement,binder,Anodet Lurker,5DN,Fifth Dawn,101,foil,common,1,29394,c97773f5-548a-4107-b29c-56b5428d5ddb,0.23,false,false,near_mint,fr,EUR
Le commencement,binder,Pewter Golem,MRD,Mirrodin,227,normal,common,1,29818,28aa6682-bf11-4959-9d07-423a55f35199,0.06,false,false,near_mint,fr,EUR
Le commencement,binder,Malachite Golem,MRD,Mirrodin,202,normal,common,1,29843,d1193164-5ee5-40ff-b244-f80d426bbf89,0.05,false,false,near_mint,fr,EUR
Le commencement,binder,Dross Golem,DST,Darksteel,119,normal,common,1,29542,1df2f4fd-b96a-4537-93a4-38141b0fa577,0.06,false,false,near_mint,fr,EUR
Le commencement,binder,Myr Moonvessel,DST,Darksteel,133,normal,common,1,29528,af0515cc-bf2d-4674-b339-4f4eefbc943d,0.12,false,false,near_mint,fr,EUR
Le commencement,binder,Myr Quadropod,5DN,Fifth Dawn,138,normal,common,1,29357,5576fe4d-cf12-460b-af15-996baeca5065,0.14,false,false,near_mint,fr,EUR
Le commencement,binder,Copper Myr,MRD,Mirrodin,158,normal,common,2,29887,a52b2dc4-4fb3-4ddf-bdb6-c63e8c8efc09,0.23,false,false,near_mint,fr,EUR
Le commencement,binder,Omega Myr,MRD,Mirrodin,223,normal,common,1,29822,ddaa5c60-054f-4397-a110-21df58264caf,0.07,false,false,near_mint,fr,EUR
Le commencement,binder,Goblin Replica,MRD,Mirrodin,178,normal,common,1,29867,63282976-e08d-4b8c-bbfc-f6739fdaeaf9,0.05,false,false,near_mint,fr,EUR
Le commencement,binder,Nim Replica,MRD,Mirrodin,220,normal,common,1,29825,d11a56e7-30a4-44da-a58b-336f4c0c4882,0.02,false,false,near_mint,fr,EUR
Le commencement,binder,Yotian Soldier,MRD,Mirrodin,277,normal,common,1,29768,936af0be-6e7b-49f0-ba84-d8bc1b60994d,0.05,false,false,near_mint,fr,EUR
Le commencement,binder,Clockwork Condor,MRD,Mirrodin,154,normal,common,2,29891,02a7e1a6-347e-47bc-8a14-e584a45941e1,0.06,false,false,near_mint,fr,EUR
Le commencement,binder,Arachnoid,5DN,Fifth Dawn,102,normal,uncommon,1,29393,836d5ce6-d5c9-4fb5-8302-53d25b5531b5,0.08,false,false,near_mint,fr,EUR
Le commencement,binder,Rust Elemental,MRD,Mirrodin,234,normal,uncommon,4,29811,967a08cd-72b3-4b3f-9f23-15697704acb3,0.33,false,false,near_mint,fr,EUR
Le commencement,binder,Arcbound Lancer,DST,Darksteel,98,normal,uncommon,1,29563,7ff3241b-49ba-4243-b8fc-fef600836c8c,0.17,false,false,near_mint,fr,EUR
Le commencement,binder,Arcbound Fiend,DST,Darksteel,96,normal,uncommon,1,29565,408f42ae-fb83-4c8a-8638-38c719dec197,0.24,false,false,near_mint,fr,EUR
Le commencement,binder,Peregrine Mask,RAV,Ravnica: City of Guilds,268,normal,uncommon,1,27742,9196f43e-f905-4e83-8e47-9d8fd53a4c9f,0.13,false,false,near_mint,fr,EUR
Le commencement,binder,Arcbound Crusher,DST,Darksteel,95,normal,uncommon,1,29566,748448bb-a1b2-4e84-b09a-5ecc4322f3c6,0.6,false,false,near_mint,fr,EUR
Le commencement,binder,Juggernaut,DST,Darksteel,125,normal,uncommon,1,29536,9d159d90-2f3b-4034-bb45-41448b67fe2e,0.1,false,false,near_mint,fr,EUR
Le commencement,binder,Spire Golem,DST,Darksteel,145,normal,common,1,29516,19239c7b-add3-4537-bdfd-a0f7d38d4d8e,0.21,false,false,near_mint,fr,EUR
Le commencement,binder,Ferropede,5DN,Fifth Dawn,122,normal,uncommon,1,29373,cdf8248c-ef2c-4b1e-8a0b-05def43ca2af,0.17,false,false,near_mint,fr,EUR
Le commencement,binder,Needlebug,MRD,Mirrodin,217,normal,uncommon,2,29828,d54fbd8a-1e2a-450e-98f2-26bbc9e9ac79,0.08,false,false,near_mint,fr,EUR
Le commencement,binder,Mantis Engine,10E,Tenth Edition,333,normal,uncommon,1,25701,86111211-b3d9-42eb-bab7-ee2cf9acda5d,0.08,false,false,near_mint,fr,EUR
Le commencement,binder,Viridian Longbow,MRD,Mirrodin,270,normal,common,2,29775,be892d73-d1f4-4c36-b674-01ae21ff1484,0.31,false,false,near_mint,fr,EUR
Le commencement,binder,Myr Retriever,MRD,Mirrodin,215,normal,uncommon,2,29830,ee766f7b-4e9c-442d-bf53-31c204646449,0.62,false,false,near_mint,fr,EUR
Le commencement,binder,Cobalt Golem,MRD,Mirrodin,157,normal,common,3,29888,ec5e72f6-f573-4e37-9daa-abe6561ab086,0.09,false,false,near_mint,fr,EUR
Le commencement,binder,Tangle Golem,DST,Darksteel,151,normal,common,1,29510,e9915977-bd6b-477a-a495-f7ddbbeb82eb,0.13,false,false,near_mint,fr,EUR
Le commencement,binder,Titanium Golem,MRD,Mirrodin,263,normal,common,1,29782,8defd53c-3792-4ed3-aee9-cffda2b8a8b6,0.04,false,false,near_mint,fr,EUR
Le commencement,binder,Moss Diamond,7ED,Seventh Edition,309,normal,uncommon,1,32497,9b4de9d3-56b2-40d9-adca-4fd2dadaaad9,0.19,false,false,near_mint,fr,EUR
Le commencement,binder,Chromatic Sphere,MRD,Mirrodin,151,normal,common,4,29894,f31a6dfd-93d2-49c8-a357-9a707b9c42bd,0.27,false,false,near_mint,fr,EUR
Le commencement,binder,Conjurer's Bauble,5DN,Fifth Dawn,112,normal,common,1,29383,2d32960e-d182-455f-8e74-eb11b10050da,0.49,false,false,near_mint,fr,EUR
Le commencement,binder,Soratami Cloud Chariot,SOK,Saviors of Kamigawa,160,normal,uncommon,1,28378,25e6129a-fa5c-4e27-a4d4-cbde7392164b,0.08,false,false,near_mint,fr,EUR
Le commencement,binder,Rod of Ruin,9ED,Ninth Edition,307,normal,uncommon,1,28056,0cb737b9-e526-47f7-806a-794cad54b23f,0.1,false,false,near_mint,fr,EUR
Le commencement,binder,Dragon Blood,MRD,Mirrodin,163,normal,uncommon,1,29882,5fdfc372-c5f9-4f98-9a15-0ea4a33017b1,0.08,false,false,near_mint,fr,EUR
Le commencement,binder,Sky Diamond,7ED,Seventh Edition,316,normal,uncommon,1,32490,b426b86d-b1d9-4aee-ac17-4eae7a3b69a3,0.57,false,false,near_mint,fr,EUR
Le commencement,binder,Cathodion,MRD,Mirrodin,149,normal,uncommon,2,29896,e223e822-a7a0-48d1-9bb7-88ee3d939c6f,0.07,false,false,near_mint,fr,EUR
Le commencement,binder,Brass Gnat,TSP,Time Spiral,249,normal,common,2,26651,386ae7c6-347c-4b29-b7a9-3ca3bb050396,0.07,false,false,near_mint,fr,EUR
Le commencement,binder,Careful Study,ODY,Odyssey,70,normal,common,2,32107,dea15b53-2940-40e7-8d48-8ec11341da83,2.6,false,false,near_mint,fr,EUR
Le commencement,binder,Ophidian Eye,TSP,Time Spiral,70,normal,common,1,26830,26836ff5-b3c3-4b10-af1e-df3658781cb2,2.33,false,false,near_mint,fr,EUR
Le commencement,binder,Caltrops,7ED,Seventh Edition,288,normal,uncommon,1,32518,8769b55a-a0a1-4b6f-8c80-669385a34425,3.35,false,false,near_mint,fr,EUR
Le commencement,binder,Myr Mindservant,MRD,Mirrodin,213,foil,uncommon,1,29832,f98ce711-8f68-4487-b67b-be35796ffcff,2.01,false,false,near_mint,fr,EUR
Le commencement,binder,Myr Enforcer,MRD,Mirrodin,211,foil,common,1,29834,eeeef899-a8b5-4416-a208-3bd5a0c7177b,11.39,false,false,near_mint,fr,EUR
Le commencement,binder,Skullclamp,DST,Darksteel,140,normal,uncommon,1,29521,55318397-de3c-47ea-a088-72a24df5c8fa,4.45,false,false,near_mint,fr,EUR
Le commencement,binder,Bant Sureblade,ARB,Alara Reborn,143,normal,common,1,23365,162feb2b-e641-4338-bcf1-1f7e7a11bb9d,0.09,false,false,near_mint,fr,EUR
Le commencement,binder,Etherium Abomination,ARB,Alara Reborn,20,normal,common,1,23488,312bbd63-d6ff-4da5-868f-ed68cbc12d43,0.05,false,false,near_mint,fr,EUR
Le commencement,binder,Arsenal Thresher,ARB,Alara Reborn,131,normal,common,1,23377,f63c72f4-fbce-41c5-a46f-bfe4d1833965,0.09,false,false,near_mint,fr,EUR
Le commencement,binder,Sangrite Backlash,ARB,Alara Reborn,139,normal,common,1,23369,fa56b15e-d02d-4306-82a6-ced778fee90f,0.07,false,false,near_mint,fr,EUR
Le commencement,binder,Igneous Pouncer,ARB,Alara Reborn,40,normal,common,1,23468,83d59b32-d47f-4b05-87eb-58ffb8006fa8,0.05,false,false,near_mint,fr,EUR
Le commencement,binder,Vodalian Zombie,INV,Invasion,286,normal,common,1,33047,f30a5a06-32ce-4d71-b71f-e3e1d8d4511a,0.08,false,false,near_mint,fr,EUR
Le commencement,binder,Esper Stormblade,ARB,Alara Reborn,132,normal,common,1,23376,e60ac6f0-fdec-4e2c-86c6-02d36c7bbaf5,0.09,false,false,near_mint,fr,EUR
Le commencement,binder,Crystallization,ARB,Alara Reborn,144,normal,common,1,23364,cd0e9e1b-bd37-43a7-abd3-4582315a268d,0.26,false,false,near_mint,fr,EUR
Le commencement,binder,Ethercaste Knight,ARB,Alara Reborn,3,normal,common,1,23505,094a235d-a5b8-434e-b4b0-c982da45a54d,0.12,false,false,near_mint,fr,EUR
Le commencement,binder,Selesnya Evangel,RAV,Ravnica: City of Guilds,228,normal,common,1,27782,18bc93c1-f236-4d1b-bb54-5041b3cae5a6,0.11,false,false,near_mint,fr,EUR
Le commencement,binder,Azorius First-Wing,DIS,Dissension,105,normal,common,1,27320,b675c1e6-add5-4959-a5be-f2571ccebcb4,0.04,false,false,near_mint,fr,EUR
Le commencement,binder,Jund Hackblade,ARB,Alara Reborn,138,normal,common,1,23370,61e3b73a-598b-4854-b811-2fd40fbce2d0,0.17,false,false,near_mint,fr,EUR
Le commencement,binder,Vectis Dominator,ARB,Alara Reborn,84,normal,common,1,23424,1cfb7589-a53e-4580-bd92-641fd4785934,0.05,false,false,near_mint,fr,EUR
Le commencement,binder,Singe-Mind Ogre,ARB,Alara Reborn,45,normal,common,1,23463,ab1564d7-43fe-4072-91a6-622713848b7e,0.06,false,false,near_mint,fr,EUR
Le commencement,binder,Intimidation Bolt,ARB,Alara Reborn,99,normal,uncommon,1,23409,17e4fb54-9f31-4d75-b4ab-7b11f745b807,0.27,false,false,near_mint,fr,EUR
Le commencement,binder,Trial // Error,DIS,Dissension,158,normal,uncommon,1,27267,553028fc-eeab-42e2-9887-cf45ea3f01a6,0.08,false,false,near_mint,fr,EUR
Le commencement,binder,Shield of the Righteous,ARB,Alara Reborn,11,normal,uncommon,1,23497,9e6474b6-1e1a-4c29-8f01-1cabf729b34f,0.05,false,false,near_mint,fr,EUR
Le commencement,binder,Simic Guildmage,DIS,Dissension,148,normal,uncommon,1,27277,d77d4ffb-a829-49ca-9c37-c60ba467852c,0.17,false,false,near_mint,fr,EUR
Le commencement,binder,Izzet Guildmage,GPT,Guildpact,145,normal,uncommon,1,27450,ecce6ade-8741-4567-8ed3-3e03becc6f1b,0.06,false,false,near_mint,fr,EUR
Le commencement,binder,Selesnya Guildmage,RAV,Ravnica: City of Guilds,252,normal,uncommon,1,27758,21061ce3-d098-4057-b341-c5db6ee1b6d4,0.3,false,false,near_mint,fr,EUR
Le commencement,binder,Rakdos Guildmage,DIS,Dissension,145,normal,uncommon,1,27280,0e01fef8-5563-4dec-ab8e-e486e19e202c,0.1,false,false,near_mint,fr,EUR
Le commencement,binder,Azorius Guildmage,DIS,Dissension,141,normal,uncommon,1,27284,81f0f0ce-7c23-444c-9d9f-bfa9c8705fd5,0.16,false,false,near_mint,fr,EUR
Le commencement,binder,Orzhov Guildmage,GPT,Guildpact,147,normal,uncommon,1,27448,8e2ae5b4-2caf-4992-b2c2-64f00e9e567a,0.11,false,false,near_mint,fr,EUR
Le commencement,binder,Unbender Tine,ARB,Alara Reborn,15,normal,uncommon,1,23493,6ac7672c-c75f-4ce4-8f28-2c5db623e752,0.23,false,false,near_mint,fr,EUR
Le commencement,binder,Fieldmist Borderpost,ARB,Alara Reborn,5,normal,common,1,23503,9650a717-b1e4-4cd2-894d-766f6b311369,0.2,false,false,near_mint,fr,EUR
Le commencement,binder,Wildfield Borderpost,ARB,Alara Reborn,80,normal,common,1,23428,90a788e7-f3c8-41cc-9f1a-2e9f58aabc0e,0.08,false,false,near_mint,fr,EUR
Le commencement,binder,Behemoth Sledge,ARB,Alara Reborn,65,normal,uncommon,1,23443,84e4a224-2db7-47d0-ba8b-98aeb50ad5d3,0.21,false,false,near_mint,fr,EUR
Le commencement,binder,Mage Slayer,ARB,Alara Reborn,57,normal,uncommon,1,23451,2d0bfe8c-120c-4c4b-8709-efe40e26a35c,0.39,false,false,near_mint,fr,EUR
Le commencement,binder,Glassdust Hulk,ARB,Alara Reborn,7,foil,common,1,23501,397e6ff5-f5ee-4963-9942-4aa25f5eb64a,0.31,false,false,near_mint,fr,EUR
Le commencement,binder,Cerodon Yearling,ARB,Alara Reborn,96,normal,common,1,23412,f6a85165-5aed-4e26-a314-1370d4638deb,0.03,false,false,near_mint,fr,EUR
Le commencement,binder,Recoil,INV,Invasion,264,normal,common,1,33069,b6a77be3-e3b0-40f5-a470-414bac49da60,0.13,false,false,near_mint,fr,EUR
Le commencement,binder,Ethersworn Shieldmage,ARB,Alara Reborn,4,normal,common,1,23504,c5340e18-faed-4787-a42c-c12935bb0646,0.11,false,false,near_mint,fr,EUR
Le commencement,binder,Winged Coatl,ARB,Alara Reborn,105,normal,common,1,23403,bd23ae2b-9f69-4d8d-87f9-ebcbccd67342,0.05,false,false,near_mint,fr,EUR
Le commencement,binder,Jund Sojourners,ARB,Alara Reborn,116,normal,common,1,23392,893c08b2-1391-4aaf-b79c-d1125b232f73,0.08,false,false,near_mint,fr,EUR
Le commencement,binder,Demonic Dread,ARB,Alara Reborn,38,normal,common,1,23470,fb81132e-ab33-435f-ade4-af4416d36044,0.13,false,false,near_mint,fr,EUR
Le commencement,binder,Dormant Sliver,PLC,Planar Chaos,156,normal,uncommon,1,26378,b549e959-aa43-4ccc-8c45-ea357c25fb8c,0.38,false,false,near_mint,fr,EUR
Le commencement,binder,Reviving Vapors,INV,Invasion,265,normal,uncommon,1,33068,47a23c32-e122-400b-b252-e636ea2e684b,0.21,false,false,near_mint,fr,EUR
Le commencement,binder,Voracious Cobra,INV,Invasion,288,normal,uncommon,1,33045,9d8c5669-11a9-4d95-8431-7065037f1fb6,0.25,false,false,near_mint,fr,EUR
Le commencement,binder,Gelectrode,GPT,Guildpact,113,normal,uncommon,1,27482,83fa9c4a-7027-4ddd-93e0-3c5dcaa8e48b,0.44,false,false,near_mint,fr,EUR
Le commencement,binder,Reborn Hope,ARB,Alara Reborn,76,normal,uncommon,1,23432,59038868-6278-4d8c-a107-35aa85b5648f,0.18,false,false,near_mint,fr,EUR
Le commencement,binder,Giant Ambush Beetle,ARB,Alara Reborn,137,normal,uncommon,1,23371,0f6782d0-5399-4853-ae6f-0d05372dbf34,0.06,false,false,near_mint,fr,EUR
Le commencement,binder,Marrow Chomper,ARB,Alara Reborn,93,normal,uncommon,1,23415,d31a32e7-e709-4524-8752-ad0ec8c77fde,0.1,false,false,near_mint,fr,EUR
Le commencement,binder,Electrolyze,GPT,Guildpact,111,normal,uncommon,1,27484,ef42b5b2-6504-486c-aaa0-9d5e4769ba1d,0.18,false,false,near_mint,fr,EUR
Le commencement,binder,Sigil Captain,ARB,Alara Reborn,77,normal,uncommon,1,23431,f767f262-57fd-4479-b719-189942ddfd9e,0.22,false,false,near_mint,fr,EUR
Le commencement,binder,Vengeful Rebirth,ARB,Alara Reborn,62,normal,uncommon,1,23446,80a504fb-b3ce-40f9-8fcb-86d5ad038e5d,0.05,false,false,near_mint,fr,EUR
Le commencement,binder,Gloryscale Viashino,ARB,Alara Reborn,120,normal,uncommon,1,23388,8e02e9e6-4cff-404a-94a3-e844ef7cadee,0.09,false,false,near_mint,fr,EUR
Le commencement,binder,Demonspine Whip,ARB,Alara Reborn,39,normal,uncommon,1,23469,ff5a4434-0d5e-4ba8-8d10-cba9b4db5713,0.14,false,false,near_mint,fr,EUR
Le commencement,binder,Enlisted Wurm,ARB,Alara Reborn,68,normal,uncommon,1,23440,66605149-3959-4a51-8400-350e6fac2ab2,0.18,false,false,near_mint,fr,EUR
Le commencement,binder,Lorescale Coatl,ARB,Alara Reborn,101,normal,uncommon,1,23407,e81c31c9-d7d7-4b45-893e-7e36d26c645f,0.18,false,false,near_mint,fr,EUR
Le commencement,binder,Frenzied Tilling,INV,Invasion,247,normal,common,1,33086,15875876-3341-40fb-866f-5587c3638538,0.05,false,false,near_mint,fr,EUR
Le commencement,binder,Gorger Wurm,ARB,Alara Reborn,56,normal,common,1,23452,00e5a9be-bfb2-466b-b0fe-3b24694e9f84,0.09,false,false,near_mint,fr,EUR
Le commencement,binder,Grixis Sojourners,ARB,Alara Reborn,112,normal,common,2,23396,0cde5f43-0b91-45c9-9382-20ea6328266f,0.07,false,false,near_mint,fr,EUR
Le commencement,binder,Rakdos Ickspitter,DIS,Dissension,128,normal,common,1,27297,c007b10b-2701-4bac-8b95-8fc7dcfb9e21,0.14,false,false,near_mint,fr,EUR
Le commencement,binder,Grixis Sojourners,ARB,Alara Reborn,112,foil,common,1,23396,0cde5f43-0b91-45c9-9382-20ea6328266f,0.25,false,false,near_mint,fr,EUR
Le commencement,binder,Deadshot Minotaur,ARB,Alara Reborn,52,normal,common,1,23456,aacb131b-74c9-4e6c-9466-27710bc9441f,0.17,false,false,near_mint,fr,EUR
Le commencement,binder,Brainbite,ARB,Alara Reborn,18,normal,common,1,23490,925c08bd-120d-49a5-a258-bda3859c1d4c,0.08,false,false,near_mint,fr,EUR
Le commencement,binder,Sanctum Plowbeast,ARB,Alara Reborn,10,normal,common,1,23498,73887514-7644-4b2b-8c67-4b7e64150478,0.12,false,false,near_mint,fr,EUR
Le commencement,binder,Morbid Bloom,ARB,Alara Reborn,94,normal,uncommon,1,23414,684ebc3a-e3b4-4dee-92ff-4a85556e0571,0.16,false,false,near_mint,fr,EUR
Le commencement,binder,Qasali Pridemage,ARB,Alara Reborn,75,normal,common,1,23433,75256550-bbe0-499d-909e-af10691749c2,0.14,false,false,near_mint,fr,EUR
Le commencement,binder,Jhessian Zombies,ARB,Alara Reborn,22,normal,common,1,23486,14d3f7fd-f414-4c17-ad63-c8b39bde301d,0.17,false,false,near_mint,fr,EUR
Le commencement,binder,Silver Drake,PLS,Planeshift,125,normal,common,2,32825,ac35ee86-96b2-47aa-a1ba-2988737f11ee,0.18,false,false,near_mint,fr,EUR
Le commencement,binder,Vigean Hydropon,DIS,Dissension,135,normal,common,2,27290,6373aedc-4385-4608-bfbc-1937d6528d28,0.09,false,false,near_mint,fr,EUR
Le commencement,binder,Jagged Poppet,DIS,Dissension,115,normal,uncommon,1,27310,e796a838-3599-4769-b90b-9bbbaad76fcb,0.16,false,false,near_mint,fr,EUR
Le commencement,binder,Pale Recluse,ARB,Alara Reborn,74,normal,common,2,23434,13fad19c-fd45-45cf-b58c-82cdcdf49b06,0.08,false,false,near_mint,fr,EUR
Le commencement,binder,Veinfire Borderpost,ARB,Alara Reborn,48,normal,common,2,23460,75ad0cc1-66bd-43c3-a296-c36cf9a64e85,0.16,false,false,near_mint,fr,EUR
Le commencement,binder,Colossal Might,ARB,Alara Reborn,51,normal,common,2,23457,294330bb-3e77-4524-be2c-3299cf6f841f,0.17,false,false,near_mint,fr,EUR
Le commencement,binder,Rhox Brute,ARB,Alara Reborn,59,normal,common,2,23449,237de286-5bf0-4c8e-8504-2d01d3133b55,0.07,false,false,near_mint,fr,EUR
Le commencement,binder,Sigiled Behemoth,ARB,Alara Reborn,79,normal,common,2,23429,e0195ee6-c5d9-402e-8339-2caa50c4e46b,0.05,false,false,near_mint,fr,EUR
Le commencement,binder,Grixis Grimblade,ARB,Alara Reborn,134,normal,common,2,23374,9dbcb812-15ad-4878-9968-cfa65a352703,0.07,false,false,near_mint,fr,EUR
Le commencement,binder,Wee Dragonauts,GPT,Guildpact,137,normal,common,2,27458,14fd3734-8c28-4bd0-b202-eee1ab98c328,0.09,false,false,near_mint,fr,EUR
Le commencement,binder,Shielding Plax,DIS,Dissension,147,normal,common,2,27278,aa2f90be-e76c-4e74-898e-d2848e345599,0.15,false,false,near_mint,fr,EUR
Le commencement,binder,Offering to Asha,ARB,Alara Reborn,9,normal,common,2,23499,260fe443-ca03-42b1-bcee-86e5173c1aaf,0.06,false,false,near_mint,fr,EUR
Le commencement,binder,Architects of Will,ARB,Alara Reborn,17,normal,common,2,23491,edd69ea7-aab6-4f30-98f4-640cb0a6046c,0.64,false,false,near_mint,fr,EUR
Le commencement,binder,Izzet Chronarch,GPT,Guildpact,119,normal,common,2,27476,6c82dc47-38db-4ee1-9031-f8ea68d05389,0.02,false,false,near_mint,fr,EUR
Le commencement,binder,Naya Hushblade,ARB,Alara Reborn,141,normal,common,2,23367,5eed1b7f-0672-4066-9e21-c5252f6dc482,0.23,false,false,near_mint,fr,EUR
Le commencement,binder,Coiling Oracle,DIS,Dissension,107,normal,common,3,27318,55a6ba2a-b372-4b15-9a1e-09b41316eab7,0.17,false,false,near_mint,fr,EUR
Le commencement,binder,Leonin Armorguard,ARB,Alara Reborn,72,normal,common,2,23436,8a57cdbd-3cd2-47c1-aec8-7f4fd7a7b804,0.06,false,false,near_mint,fr,EUR
Le commencement,binder,Putrid Leech,ARB,Alara Reborn,95,normal,common,2,23413,aaa47568-5668-4a9f-ad1c-9a13010ffc2b,0.17,false,false,near_mint,fr,EUR
Meurtre au Manoir Karlov,binder,Living Conundrum,MKM,Murders at Karlov Manor,63,normal,uncommon,1,91065,97fb11c7-7b7f-4bdb-a022-53e28ebadecc,0.09,false,false,near_mint,fr,EUR
Meurtre au Manoir Karlov,binder,Forensic Researcher,MKM,Murders at Karlov Manor,58,normal,uncommon,1,90670,1384df5d-d705-49cb-a982-1588cbf303d8,0.11,false,false,near_mint,fr,EUR
Meurtre au Manoir Karlov,binder,Behind the Mask,MKM,Murders at Karlov Manor,39,foil,common,1,91264,e522b043-fbd8-48a4-9f20-39e2a66a35ec,0.02,false,false,near_mint,fr,EUR
Meurtre au Manoir Karlov,binder,Out Cold,MKM,Murders at Karlov Manor,66,foil,common,1,91114,aabfada0-3c1b-4237-b06c-573071ccd68d,0.08,false,false,near_mint,fr,EUR
Meurtre au Manoir Karlov,binder,Deduce,MKM,Murders at Karlov Manor,52,foil,common,1,90996,7cbb17af-e17e-438a-ad72-0c942e6706b6,0.17,false,false,near_mint,fr,EUR
Meurtre au Manoir Karlov,binder,Crimestopper Sprite,MKM,Murders at Karlov Manor,49,foil,common,1,91243,dc4ac597-38f0-48b5-ac2d-dfb0b169f834,0.11,false,false,near_mint,fr,EUR
Meurtre au Manoir Karlov,binder,Griffnaut Tracker,MKM,Murders at Karlov Manor,17,foil,common,1,91061,95f5d048-226f-49a4-a2ce-a6fa99aa9e8a,0.03,false,false,near_mint,fr,EUR
Meurtre au Manoir Karlov,binder,Extract a Confession,MKM,Murders at Karlov Manor,84,foil,common,1,90724,256c8b6e-4031-458b-8eb9-bbfe58405a0c,0.43,false,false,near_mint,fr,EUR
Meurtre au Manoir Karlov,binder,Rot Farm Mortipede,MKM,Murders at Karlov Manor,102,foil,common,2,90617,023b0142-663a-47e7-a9f1-0b565a172b60,0.05,false,false,near_mint,fr,EUR
Meurtre au Manoir Karlov,binder,Basilica Stalker,MKM,Murders at Karlov Manor,78,foil,common,1,91336,fdafea8f-283d-4f19-a74a-669bfbdfed98,0.06,false,false,near_mint,fr,EUR
Meurtre au Manoir Karlov,binder,Alley Assailant,MKM,Murders at Karlov Manor,76,foil,common,1,91293,edf238c9-61de-4f3a-b82f-05af46e5e81b,0.04,false,false,near_mint,fr,EUR
Meurtre au Manoir Karlov,binder,Pick Your Poison,MKM,Murders at Karlov Manor,170,foil,common,1,91312,f58cfb23-4d99-4133-bf4b-d7e7c7d17cea,0.59,false,false,near_mint,fr,EUR
Meurtre au Manoir Karlov,binder,Person of Interest,MKM,Murders at Karlov Manor,139,foil,common,1,90997,7d56ebff-67c8-4bc7-a533-ddde4ce0c2af,0.06,false,false,near_mint,fr,EUR
Meurtre au Manoir Karlov,binder,Demand Answers,MKM,Murders at Karlov Manor,122,foil,common,1,91286,eca092fc-7c67-4a73-989e-5297bbaaea76,0.42,false,false,near_mint,fr,EUR
Meurtre au Manoir Karlov,binder,Shock,MKM,Murders at Karlov Manor,144,foil,common,1,90741,298747bb-eb40-4b58-bb22-4ac2bc1d795c,0.14,false,false,near_mint,fr,EUR
Meurtre au Manoir Karlov,binder,Felonious Rage,MKM,Murders at Karlov Manor,125,foil,common,1,90830,4538d6a8-a24a-40e3-b894-45a30882c92a,0.19,false,false,near_mint,fr,EUR
Meurtre au Manoir Karlov,binder,Rubblebelt Braggart,MKM,Murders at Karlov Manor,143,foil,common,1,91322,f90f8691-210a-4bf0-9fc2-fb2efcf057fb,0.03,false,false,near_mint,fr,EUR
Meurtre au Manoir Karlov,binder,Offender at Large,MKM,Murders at Karlov Manor,138,foil,common,1,91301,f096ff4a-85f4-46f1-9478-e8921f21309d,0.05,false,false,near_mint,fr,EUR
Meurtre au Manoir Karlov,binder,Red Herring,MKM,Murders at Karlov Manor,142,foil,common,1,90942,6c137a44-9ab6-4e59-8324-34d9dca8f5a6,0.07,false,false,near_mint,fr,EUR
Meurtre au Manoir Karlov,binder,Sanitation Automaton,MKM,Murders at Karlov Manor,256,foil,common,1,90864,52608ba4-c47d-44e4-b624-dee2a3a42ae2,0.06,false,false,near_mint,fr,EUR
Meurtre au Manoir Karlov,binder,Riftburst Hellion,MKM,Murders at Karlov Manor,228,foil,common,1,91081,9fae9044-a859-434d-8dc6-4f9d455ca5e1,0.06,false,false,near_mint,fr,EUR
Meurtre au Manoir Karlov,binder,Shady Informant,MKM,Murders at Karlov Manor,231,foil,common,1,90659,0de36e63-8190-415f-b65b-bae1e595845d,0.06,false,false,near_mint,fr,EUR
Meurtre au Manoir Karlov,binder,Reckless Detective,MKM,Murders at Karlov Manor,141,foil,uncommon,1,90682,18da1a1d-e6ba-47e5-a545-0bacd427b782,0.05,false,false,near_mint,fr,EUR
Meurtre au Manoir Karlov,binder,Sudden Setback,MKM,Murders at Karlov Manor,72,foil,uncommon,1,90647,0b9e5fd6-a5ea-4ae5-83f5-89ed6a658dd3,0.09,false,false,near_mint,fr,EUR
Meurtre au Manoir Karlov,binder,Coveted Falcon,MKM,Murders at Karlov Manor,48,foil,rare,1,91160,bc936987-d58b-4e7c-870f-379bcae77727,0.3,false,false,near_mint,fr,EUR
Meurtre au Manoir Karlov,binder,Culvert Ambusher,MKM,Murders at Karlov Manor,158,foil,uncommon,1,90756,2ccdc58b-1e7e-402c-88f9-c789ff1dae31,0.1,false,false,near_mint,fr,EUR
Meurtre au Manoir Karlov,binder,Pompous Gadabout,MKM,Murders at Karlov Manor,171,normal,uncommon,1,90946,6d803b93-c1df-4a02-9dbb-d347c841d4d7,0.03,false,false,near_mint,fr,EUR
Meurtre au Manoir Karlov,binder,The Pride of Hull Clade,MKM,Murders at Karlov Manor,352,normal,mythic,1,90955,6f8bdb03-02d0-4b97-b058-959f1fff9118,1.65,false,false,near_mint,fr,EUR
Meurtre au Manoir Karlov,binder,Neighborhood Guardian,MKM,Murders at Karlov Manor,339,normal,uncommon,1,90656,0d12e748-e8d6-42d2-b501-c39cfcd6551d,0.1,false,false,near_mint,fr,EUR
Meurtre au Manoir Karlov,binder,Neighborhood Guardian,MKM,Murders at Karlov Manor,26,foil,uncommon,1,90625,0438d482-b74c-4d5e-a2bc-7063c1ae73fa,0.05,false,false,near_mint,fr,EUR
Meurtre au Manoir Karlov,binder,Case of the Pilfered Proof,MKM,Murders at Karlov Manor,9,foil,uncommon,1,90776,32927bf2-63c1-4402-99dc-3a0f2f8e0f9c,0.08,false,false,near_mint,fr,EUR
Meurtre au Manoir Karlov,binder,Case File Auditor,MKM,Murders at Karlov Manor,7,normal,uncommon,2,90959,70a52038-9d1c-4be1-8dbe-6f0ee916ba94,0.04,false,false,near_mint,fr,EUR
Meurtre au Manoir Karlov,binder,Case of the Shattered Pact,MKM,Murders at Karlov Manor,1,normal,uncommon,1,90745,2a70f0ae-d49b-4cc8-9f76-895039c3dc39,0.1,false,false,near_mint,fr,EUR
Meurtre au Manoir Karlov,binder,Magnetic Snuffler,MKM,Murders at Karlov Manor,376,normal,uncommon,1,91191,c5f9a827-b41d-4628-95e1-6546a8140c61,0.08,false,false,near_mint,fr,EUR
Meurtre au Manoir Karlov,binder,"Niv-Mizzet, Guildpact",MKM,Murders at Karlov Manor,220,normal,rare,1,90778,32a8fda6-8614-45cd-879c-0cb7fa29647e,0.18,false,false,near_mint,fr,EUR
Meurtre au Manoir Karlov,binder,Rune-Brand Juggler,MKM,Murders at Karlov Manor,229,foil,uncommon,1,90867,5288cf17-9d79-4d35-85f1-bf4d0a73494b,0.09,false,false,near_mint,fr,EUR
Meurtre au Manoir Karlov,binder,Evidence Examiner,MKM,Murders at Karlov Manor,201,foil,uncommon,1,91310,f53a6ee7-86e1-4d2d-994c-214e0ec08dad,0.24,false,false,near_mint,fr,EUR
Meurtre au Manoir Karlov,binder,Break Out,MKM,Murders at Karlov Manor,190,foil,uncommon,1,91043,8c628476-0987-47d4-8d2a-cfc3977b2357,1.07,false,false,near_mint,fr,EUR
Meurtre au Manoir Karlov,binder,Soul Enervation,MKM,Murders at Karlov Manor,302,normal,uncommon,1,91003,7ef61777-be03-40c5-be9c-d573cf025813,0.09,false,false,near_mint,fr,EUR
Meurtre au Manoir Karlov,binder,Expose the Culprit,MKM,Murders at Karlov Manor,307,normal,uncommon,1,91240,dbaae9b6-510f-4039-8cca-fe7d7c57f1c5,0.11,false,false,near_mint,fr,EUR
Meurtre au Manoir Karlov,binder,Unauthorized Exit,MKM,Murders at Karlov Manor,298,normal,common,1,90973,7695437c-1b7e-4163-aade-ca79b9c70e15,0.07,false,false,near_mint,fr,EUR
Meurtre au Manoir Karlov,binder,Deduce,MKM,Murders at Karlov Manor,293,normal,common,1,90897,5ad92dbd-828e-425f-8cab-819a04ea9020,0.13,false,false,near_mint,fr,EUR
Meurtre au Manoir Karlov,binder,Demand Answers,MKM,Murders at Karlov Manor,306,normal,common,1,90744,2a35d1cb-5a61-49b7-a124-e8713655e4c3,0.32,false,false,near_mint,fr,EUR
Meurtre au Manoir Karlov,binder,The Chase Is On,MKM,Murders at Karlov Manor,304,normal,common,1,91027,87d5d312-8664-4690-9823-8be4d1c06cd0,0.03,false,false,near_mint,fr,EUR
Meurtre au Manoir Karlov,binder,"Kaya, Spirits' Justice",MKM,Murders at Karlov Manor,211,normal,mythic,1,91087,a2827593-4951-4ba7-b73e-c27de56f2606,0.39,false,false,near_mint,fr,EUR
Meurtre au Manoir Karlov,binder,Push // Pull,MKM,Murders at Karlov Manor,250,normal,uncommon,1,91021,85835473-b9b6-4f4a-bb93-fef93d5ec57b,0.04,false,false,near_mint,fr,EUR
Meurtre au Manoir Karlov,binder,Cease // Desist,MKM,Murders at Karlov Manor,246,normal,uncommon,1,91208,cb59130a-a134-4383-b983-e4b526d11fb4,0.11,false,false,near_mint,fr,EUR
Meurtre au Manoir Karlov,binder,Hustle // Bustle,MKM,Murders at Karlov Manor,249,normal,uncommon,1,90913,5f664827-e22e-43af-82f1-861b3c7607f1,0.03,false,false,near_mint,fr,EUR
Meurtre au Manoir Karlov,binder,Absolving Lammasu,MKM,Murders at Karlov Manor,2,normal,uncommon,2,91163,bd6e71a1-713e-4eca-bd65-9f0638c16794,0.02,false,false,near_mint,fr,EUR
Meurtre au Manoir Karlov,binder,Flotsam // Jetsam,MKM,Murders at Karlov Manor,247,normal,uncommon,2,91177,c1500cbf-5619-465e-a97b-75e676ce789b,0.11,false,false,near_mint,fr,EUR
Meurtre au Manoir Karlov,binder,Assemble the Players,MKM,Murders at Karlov Manor,3,normal,rare,1,91313,f5bcb21a-8559-4791-8cd0-482e7b8dcfd2,0.3,false,false,near_mint,fr,EUR
Meurtre au Manoir Karlov,binder,Auspicious Arrival,MKM,Murders at Karlov Manor,5,foil,common,1,90862,5180c85c-6add-4066-83c4-27fb1fd4de16,0.03,false,false,near_mint,fr,EUR
Meurtre au Manoir Karlov,binder,"Delney, Streetwise Lookout",MKM,Murders at Karlov Manor,12,normal,mythic,1,91164,be219928-3d0e-4d00-b124-152ce8a8c13b,21.99,false,false,near_mint,fr,EUR
Meurtre au Manoir Karlov,binder,Forum Familiar,MKM,Murders at Karlov Manor,16,normal,uncommon,1,91131,b06a243d-acc8-42cd-926c-98a4cc96ab21,0.14,false,false,near_mint,fr,EUR
Meurtre au Manoir Karlov,binder,Lead Pipe,MKM,Murders at Karlov Manor,90,normal,uncommon,2,91028,87f69249-c6e4-40c1-9870-b9c45ce24c39,0.05,false,false,near_mint,fr,EUR
Meurtre au Manoir Karlov,binder,Neighborhood Guardian,MKM,Murders at Karlov Manor,26,normal,uncommon,1,90625,0438d482-b74c-4d5e-a2bc-7063c1ae73fa,0.05,false,false,near_mint,fr,EUR
Meurtre au Manoir Karlov,binder,On the Job,MKM,Murders at Karlov Manor,292,normal,common,1,90960,70a5571e-02cb-4aa4-926d-d04f5ab04f29,0.04,false,false,near_mint,fr,EUR
Meurtre au Manoir Karlov,binder,Slimy Dualleech,MKM,Murders at Karlov Manor,104,normal,uncommon,2,90847,4bc803ad-f8a2-4198-a8a6-8d987b3d00fb,0.04,false,false,near_mint,fr,EUR
Meurtre au Manoir Karlov,binder,Soul Search,MKM,Murders at Karlov Manor,232,normal,uncommon,1,90665,0f852937-381d-4445-99d3-2ecb8af6bb6a,0.04,false,false,near_mint,fr,EUR
Meurtre au Manoir Karlov,binder,"Teysa, Opulent Oligarch",MKM,Murders at Karlov Manor,234,normal,rare,1,91070,9b5a13dd-c2fd-432e-bc49-cc62d94d62a0,0.21,false,false,near_mint,fr,EUR
Meurtre au Manoir Karlov,binder,Wispdrinker Vampire,MKM,Murders at Karlov Manor,243,normal,uncommon,1,91091,a3490c05-d12c-4483-acbc-1b4ae68877f0,0.21,false,false,near_mint,fr,EUR
Meurtre au Manoir Karlov,binder,Analyze the Pollen,MKM,Murders at Karlov Manor,150,normal,rare,1,90879,5563967f-09fd-4ccf-8892-4dd0c2544c98,0.34,false,false,near_mint,fr,EUR
Meurtre au Manoir Karlov,binder,Axebane Ferox,MKM,Murders at Karlov Manor,428,foil,rare,1,90808,3ddd5e33-5a58-4321-8742-236d6cc6f4f4,0.28,false,false,near_mint,fr,EUR
Meurtre au Manoir Karlov,binder,Axebane Ferox,MKM,Murders at Karlov Manor,153,normal,rare,1,90916,610a0de4-a4f7-446b-8477-00c917cb4789,0.24,false,false,near_mint,fr,EUR
Meurtre au Manoir Karlov,binder,Evidence Examiner,MKM,Murders at Karlov Manor,201,normal,uncommon,2,91310,f53a6ee7-86e1-4d2d-994c-214e0ec08dad,0.06,false,false,near_mint,fr,EUR
Meurtre au Manoir Karlov,binder,Furtive Courier,MKM,Murders at Karlov Manor,59,normal,uncommon,2,90953,6f359fc2-b9e4-4a01-9d04-442bb160b01e,0.04,false,false,near_mint,fr,EUR
Meurtre au Manoir Karlov,binder,Hedge Whisperer,MKM,Murders at Karlov Manor,165,normal,uncommon,1,90832,4627adcd-ace7-4777-a7e6-fc80ac6b9dfe,0.05,false,false,near_mint,fr,EUR
Meurtre au Manoir Karlov,binder,"Kellan, Inquisitive Prodigy // Tail the Suspect",MKM,Murders at Karlov Manor,212,foil,rare,1,91190,c49690c7-c282-4eb4-8da3-5e0c46a80fc4,0.37,false,false,near_mint,fr,EUR
Meurtre au Manoir Karlov,binder,Undergrowth Recon,MKM,Murders at Karlov Manor,181,normal,mythic,1,90846,4b8a22b8-368f-41e4-8d49-432c6c2ed11e,2.27,false,false,near_mint,fr,EUR
Meurtre au Manoir Karlov,binder,"Alquist Proft, Master Sleuth",MKM,Murders at Karlov Manor,185,normal,mythic,1,90821,41129b44-4fa7-473b-b2b7-48c6a58be03c,0.34,false,false,near_mint,fr,EUR
Meurtre au Manoir Karlov,binder,Dramatic Accusation,MKM,Murders at Karlov Manor,294,normal,common,1,90738,28bff30e-c25c-4d89-8fbe-1a9effe63ba7,0.03,false,false,near_mint,fr,EUR
Meurtre au Manoir Karlov,binder,"Ezrim, Agency Chief",MKM,Murders at Karlov Manor,202,normal,rare,1,91059,9554d5f2-7a33-4734-8cf3-dfae2ccc3596,0.14,false,false,near_mint,fr,EUR
Meurtre au Manoir Karlov,binder,Island,MKM,Murders at Karlov Manor,279,foil,common,1,90934,6908b583-4a52-4819-82a3-9db9c860aeb6,0.15,false,false,near_mint,fr,EUR
Meurtre au Manoir Karlov,binder,Island,MKM,Murders at Karlov Manor,280,foil,common,1,91250,df18762d-9980-4344-9d4f-e9d2cd8e0456,0.09,false,false,near_mint,fr,EUR
Meurtre au Manoir Karlov,binder,Island,MKM,Murders at Karlov Manor,273,foil,common,1,91340,fe5f01e9-f85f-41e8-9527-88f76e7bfc02,0.34,false,false,near_mint,fr,EUR
Meurtre au Manoir Karlov,binder,Mistway Spy,MKM,Murders at Karlov Manor,65,normal,uncommon,1,91273,e8578839-046f-4afd-a0e7-4737ded9e6eb,0.12,false,false,near_mint,fr,EUR
Meurtre au Manoir Karlov,binder,No More Lies,MKM,Murders at Karlov Manor,221,normal,uncommon,2,90694,1e0c695d-62f9-4805-9e2f-7032e8464136,0.46,false,false,near_mint,fr,EUR
Meurtre au Manoir Karlov,binder,Perimeter Enforcer,MKM,Murders at Karlov Manor,31,normal,uncommon,1,90702,1f88d077-5082-4a67-91e4-97aafb9a5e91,0.04,false,false,near_mint,fr,EUR
Meurtre au Manoir Karlov,binder,Unyielding Gatekeeper,MKM,Murders at Karlov Manor,35,normal,rare,1,91303,f3a0d597-d2df-4aaf-8084-c8eeda64ce60,0.07,false,false,near_mint,fr,EUR
Meurtre au Manoir Karlov,binder,Wojek Investigator,MKM,Murders at Karlov Manor,36,normal,rare,1,90740,296574c6-3933-4ab3-b591-72514b244da9,0.02,false,false,near_mint,fr,EUR
Meurtre au Manoir Karlov,binder,Case of the Ransacked Lab,MKM,Murders at Karlov Manor,45,normal,rare,1,90678,16a9a596-61de-4fcf-aae0-41836c3deca5,0.56,false,false,near_mint,fr,EUR
Meurtre au Manoir Karlov,binder,Coerced to Kill,MKM,Murders at Karlov Manor,192,normal,uncommon,1,90759,2dc9f352-5076-4b5f-9815-cf47abb63d5b,0.05,false,false,near_mint,fr,EUR
Meurtre au Manoir Karlov,binder,Coerced to Kill,MKM,Murders at Karlov Manor,192,foil,uncommon,1,90759,2dc9f352-5076-4b5f-9815-cf47abb63d5b,0.1,false,false,near_mint,fr,EUR
Meurtre au Manoir Karlov,binder,Cold Case Cracker,MKM,Murders at Karlov Manor,46,foil,common,1,91300,f082111b-9b1c-4a25-8c5d-d6ef77533a9b,0.12,false,false,near_mint,fr,EUR
Meurtre au Manoir Karlov,binder,Curious Cadaver,MKM,Murders at Karlov Manor,194,normal,uncommon,1,90737,2893aef8-835d-4935-b532-d8670585e489,0.04,false,false,near_mint,fr,EUR
Meurtre au Manoir Karlov,binder,Exit Specialist,MKM,Murders at Karlov Manor,55,normal,uncommon,1,90730,268f142d-9fb1-4673-b804-add1f08dacb9,0.07,false,false,near_mint,fr,EUR
Meurtre au Manoir Karlov,binder,Fae Flight,MKM,Murders at Karlov Manor,295,normal,uncommon,1,90861,51724cc6-edf7-490d-8039-b11b91ae1eb4,0.18,false,false,near_mint,fr,EUR
Meurtre au Manoir Karlov,binder,Lost in the Maze,MKM,Murders at Karlov Manor,64,normal,rare,1,90920,6308dc62-d945-4761-aa4c-ef8e9271e901,0.26,false,false,near_mint,fr,EUR
Meurtre au Manoir Karlov,binder,Persuasive Interrogators,MKM,Murders at Karlov Manor,345,normal,uncommon,1,90941,6c134956-ba18-415e-b101-c1254415ea04,0.08,false,false,near_mint,fr,EUR
Meurtre au Manoir Karlov,binder,Persuasive Interrogators,MKM,Murders at Karlov Manor,98,normal,uncommon,1,91299,f0713025-581f-451b-97a3-97d891285dcc,0.19,false,false,near_mint,fr,EUR
Meurtre au Manoir Karlov,binder,Swamp,MKM,Murders at Karlov Manor,274,foil,common,1,90874,53d0a415-26b8-4ba2-9503-b4ee2b93617c,0.44,false,false,near_mint,fr,EUR
Meurtre au Manoir Karlov,binder,Swamp,MKM,Murders at Karlov Manor,281,foil,common,1,90961,70d0ef58-c0b3-4bcd-b470-0cf41219a4e6,0.12,false,false,near_mint,fr,EUR
Meurtre au Manoir Karlov,binder,Undercity Sewers,MKM,Murders at Karlov Manor,270,normal,rare,1,90747,2b5801fb-2026-4f25-98bc-ebb2f99684b9,22.0,false,false,near_mint,fr,EUR
Meurtre au Manoir Karlov,binder,Barbed Servitor,MKM,Murders at Karlov Manor,77,normal,rare,1,90687,1c34e4ae-9bf3-4098-88f1-267e7d6cfa35,0.24,false,false,near_mint,fr,EUR
Meurtre au Manoir Karlov,binder,Blood Spatter Analysis,MKM,Murders at Karlov Manor,189,normal,rare,1,90748,2b80feb8-5cc8-4e91-ac22-a733305a67de,0.09,false,false,near_mint,fr,EUR
Meurtre au Manoir Karlov,binder,Case of the Stashed Skeleton,MKM,Murders at Karlov Manor,80,normal,rare,1,90844,4b120cbe-f0af-46c5-863f-03ecadf0435c,0.47,false,false,near_mint,fr,EUR
Meurtre au Manoir Karlov,binder,Caught Red-Handed,MKM,Murders at Karlov Manor,115,normal,uncommon,1,91060,95bc5f89-2f01-40c4-9883-4c90ab89fcbb,0.08,false,false,near_mint,fr,EUR
Meurtre au Manoir Karlov,binder,Clandestine Meddler,MKM,Murders at Karlov Manor,82,normal,uncommon,1,90760,2e069de0-3218-456c-b191-93e755634783,0.05,false,false,near_mint,fr,EUR
Meurtre au Manoir Karlov,binder,Convenient Target,MKM,Murders at Karlov Manor,119,normal,uncommon,1,90758,2d2cf2ae-9152-41c4-9dc4-a19da5812869,0.15,false,false,near_mint,fr,EUR
Meurtre au Manoir Karlov,binder,Convenient Target,MKM,Murders at Karlov Manor,305,normal,uncommon,1,91254,e11c0f62-80a0-4e45-9ed2-295814475a3f,0.07,false,false,near_mint,fr,EUR
Meurtre au Manoir Karlov,binder,Deadly Complication,MKM,Murders at Karlov Manor,195,normal,uncommon,2,90993,7c68981c-037c-42e7-9b7f-6f07edab5f2e,0.09,false,false,near_mint,fr,EUR
Meurtre au Manoir Karlov,binder,Magnetic Snuffler,MKM,Murders at Karlov Manor,254,normal,uncommon,1,90958,70476534-2fc7-4872-a009-3380dd5ce2ab,0.06,false,false,near_mint,fr,EUR
Meurtre au Manoir Karlov,binder,Outrageous Robbery,MKM,Murders at Karlov Manor,97,normal,rare,1,91152,b87813fa-ad12-4062-bb9e-436d8418fba5,0.34,false,false,near_mint,fr,EUR
Meurtre au Manoir Karlov,binder,Raucous Theater,MKM,Murders at Karlov Manor,266,normal,rare,1,91144,b598c93e-dae1-4d71-a9e4-917abf76d2d0,8.53,false,false,near_mint,fr,EUR
Meurtre au Manoir Karlov,binder,Rune-Brand Juggler,MKM,Murders at Karlov Manor,229,normal,uncommon,2,90867,5288cf17-9d79-4d35-85f1-bf4d0a73494b,0.04,false,false,near_mint,fr,EUR
Meurtre au Manoir Karlov,binder,"Aurelia, the Law Above",MKM,Murders at Karlov Manor,188,foil,rare,1,91048,8f80c6e7-e9f9-4ca6-87f7-a52c96079e4a,1.27,false,false,near_mint,fr,EUR
Meurtre au Manoir Karlov,binder,Auspicious Arrival,MKM,Murders at Karlov Manor,288,normal,common,1,90842,49598c0a-3b3c-42a2-9358-ff072de9d9f2,0.03,false,false,near_mint,fr,EUR
Meurtre au Manoir Karlov,binder,Connecting the Dots,MKM,Murders at Karlov Manor,118,normal,rare,1,91047,8e02731a-8698-4b41-99c3-f0a19fc31430,0.26,false,false,near_mint,fr,EUR
Meurtre au Manoir Karlov,binder,Cornered Crook,MKM,Murders at Karlov Manor,120,normal,uncommon,1,91092,a3aff1ea-1d25-49c3-a2d9-f435124a5969,0.07,false,false,near_mint,fr,EUR
Meurtre au Manoir Karlov,binder,Dog Walker,MKM,Murders at Karlov Manor,197,normal,common,2,91102,a6e0adb7-a030-4dcc-9284-cd91c7598a22,0.09,false,false,near_mint,fr,EUR
Meurtre au Manoir Karlov,binder,Krovod Haunch,MKM,Murders at Karlov Manor,21,normal,uncommon,1,91315,f663cd86-39e6-467b-85b7-dd27536251a6,0.05,false,false,near_mint,fr,EUR
Meurtre au Manoir Karlov,binder,Lightning Helix,MKM,Murders at Karlov Manor,218,normal,uncommon,1,90820,4101e3fe-b0e7-4f0f-b9ac-9b61a4d628b3,0.17,false,false,near_mint,fr,EUR
Meurtre au Manoir Karlov,binder,Meddling Youths,MKM,Murders at Karlov Manor,367,normal,uncommon,2,91226,d7d1e216-a150-4f57-bd1c-8c8c86023c6d,0.08,false,false,near_mint,fr,EUR
Meurtre au Manoir Karlov,binder,No Witnesses,MKM,Murders at Karlov Manor,27,normal,rare,1,91324,f98db67a-c39c-45a8-ae21-85133be46ed5,0.14,false,false,near_mint,fr,EUR
Meurtre au Manoir Karlov,binder,Torch the Witness,MKM,Murders at Karlov Manor,146,normal,uncommon,1,90718,22bbf709-d8e9-4e3b-8ec8-206f1b2162b3,0.09,false,false,near_mint,fr,EUR
Meurtre au Manoir Karlov,binder,Warleader's Call,MKM,Murders at Karlov Manor,242,normal,rare,1,91138,b3e8f8bd-1c8b-4a7c-96c4-57a247ce9ccc,5.01,false,false,near_mint,fr,EUR
Meurtre au Manoir Karlov,binder,Warleader's Call,MKM,Murders at Karlov Manor,242,foil,rare,1,91138,b3e8f8bd-1c8b-4a7c-96c4-57a247ce9ccc,6.74,false,false,near_mint,fr,EUR
Meurtre au Manoir Karlov,binder,Branch of Vitu-Ghazi,MKM,Murders at Karlov Manor,258,normal,uncommon,1,90969,73a8169f-b858-47a5-9c76-2e7c50ad4ecd,0.09,false,false,near_mint,fr,EUR
Meurtre au Manoir Karlov,binder,Candlestick,MKM,Murders at Karlov Manor,43,normal,uncommon,1,90898,5aeae6fb-3834-4891-924e-3d1fb3e19e09,0.13,false,false,near_mint,fr,EUR
Meurtre au Manoir Karlov,binder,Coveted Falcon,MKM,Murders at Karlov Manor,48,normal,rare,1,91160,bc936987-d58b-4e7c-870f-379bcae77727,0.13,false,false,near_mint,fr,EUR
Meurtre au Manoir Karlov,binder,Detective's Satchel,MKM,Murders at Karlov Manor,196,normal,uncommon,1,90749,2c05bf2d-7d4f-4717-b1ea-ec4284854f4f,0.08,false,false,near_mint,fr,EUR
Meurtre au Manoir Karlov,binder,Gleaming Geardrake,MKM,Murders at Karlov Manor,361,normal,uncommon,1,90794,387e53fd-58b2-45ac-a604-531b75442732,0.17,false,false,near_mint,fr,EUR
Meurtre au Manoir Karlov,binder,Gleaming Geardrake,MKM,Murders at Karlov Manor,205,normal,uncommon,1,91205,cabb5875-42ff-4e3a-a32e-aab392fccff8,0.12,false,false,near_mint,fr,EUR
Meurtre au Manoir Karlov,binder,Harried Dronesmith,MKM,Murders at Karlov Manor,131,normal,uncommon,1,90787,36cb25ee-3c84-40a8-ba45-7e44893deecf,0.08,false,false,near_mint,fr,EUR
Meurtre au Manoir Karlov,binder,Homicide Investigator,MKM,Murders at Karlov Manor,343,normal,rare,1,91153,b9106abf-f589-48a2-90f8-d606a7367377,0.17,false,false,near_mint,fr,EUR
Meurtre au Manoir Karlov,binder,Incinerator of the Guilty,MKM,Murders at Karlov Manor,132,normal,mythic,1,90654,0c6aca64-a554-45c1-9f23-4f7878abeda5,0.85,false,false,near_mint,fr,EUR
Meurtre au Manoir Karlov,binder,Intrude on the Mind,MKM,Murders at Karlov Manor,61,normal,mythic,1,91330,fbe62f47-df17-4646-88ca-89a8ec4deee9,0.34,false,false,near_mint,fr,EUR
Meurtre au Manoir Karlov,binder,Krenko's Buzzcrusher,MKM,Murders at Karlov Manor,136,normal,rare,2,90662,0edcda2a-071b-40c5-9fb3-8a4ff87ca00e,0.17,false,false,near_mint,fr,EUR
Meurtre au Manoir Karlov,binder,Nightdrinker Moroii,MKM,Murders at Karlov Manor,96,normal,uncommon,1,91216,ce043cba-aea4-4156-b1d0-545eda06c400,0.04,false,false,near_mint,fr,EUR
Meurtre au Manoir Karlov,binder,Reckless Detective,MKM,Murders at Karlov Manor,141,normal,uncommon,2,90682,18da1a1d-e6ba-47e5-a545-0bacd427b782,0.09,false,false,near_mint,fr,EUR
Meurtre au Manoir Karlov,binder,Surveillance Monitor,MKM,Murders at Karlov Manor,73,normal,uncommon,1,90957,703b874d-6739-4063-9891-e9c040dd9618,0.06,false,false,near_mint,fr,EUR
Meurtre au Manoir Karlov,binder,Thundering Falls,MKM,Murders at Karlov Manor,269,normal,rare,1,90679,17260fff-b239-4af4-9306-3236ae3fa5a5,12.57,false,false,near_mint,fr,EUR
Meurtre au Manoir Karlov,binder,Thundering Falls,MKM,Murders at Karlov Manor,331,normal,rare,1,91233,da1792e4-2170-42ae-a335-fde6f5ef8932,14.14,false,false,near_mint,fr,EUR
Meurtre au Manoir Karlov,binder,Assassin's Trophy,MKM,Murders at Karlov Manor,187,normal,rare,1,91290,ed6c7d29-71b4-4134-b591-5598f479d592,2.26,false,false,near_mint,fr,EUR
Meurtre au Manoir Karlov,binder,Case of the Gorgon's Kiss,MKM,Murders at Karlov Manor,79,normal,uncommon,1,90831,45e4c07a-3205-4193-8163-b0e63e6242a4,0.1,false,false,near_mint,fr,EUR
Meurtre au Manoir Karlov,binder,Deadly Cover-Up,MKM,Murders at Karlov Manor,83,normal,rare,1,90793,3876aa0f-b199-43f5-8a91-c2d620b8ef84,0.4,false,false,near_mint,fr,EUR
Meurtre au Manoir Karlov,binder,Insidious Roots,MKM,Murders at Karlov Manor,208,normal,uncommon,1,90648,0bb91a22-2040-4a37-85f8-5f22de8c5907,1.43,false,false,near_mint,fr,EUR
Meurtre au Manoir Karlov,binder,It Doesn't Add Up,MKM,Murders at Karlov Manor,89,normal,uncommon,1,91325,fa02dbc2-ad01-47fd-b39e-f0a695029f26,0.06,false,false,near_mint,fr,EUR
Meurtre au Manoir Karlov,binder,"Izoni, Center of the Web",MKM,Murders at Karlov Manor,209,normal,rare,1,90963,70ea66cd-587a-4ca9-9ca8-d7d2046bfbed,0.12,false,false,near_mint,fr,EUR
Meurtre au Manoir Karlov,binder,Kraul Whipcracker,MKM,Murders at Karlov Manor,213,normal,uncommon,1,90650,0c08ed44-2c13-4029-af2e-68585a76bb03,0.11,false,false,near_mint,fr,EUR
Meurtre au Manoir Karlov,binder,Leering Onlooker,MKM,Murders at Karlov Manor,91,normal,uncommon,1,91244,dc687588-9c57-411d-b666-b9699949d48f,0.06,false,false,near_mint,fr,EUR
Meurtre au Manoir Karlov,binder,Rope,MKM,Murders at Karlov Manor,173,normal,uncommon,1,90931,6881946c-5036-4d9f-926f-932c9a592aff,0.08,false,false,near_mint,fr,EUR
Meurtre au Manoir Karlov,binder,Slime Against Humanity,MKM,Murders at Karlov Manor,177,normal,common,4,90698,1eb21318-d32e-4724-8908-c0d7613de2f4,0.75,false,false,near_mint,fr,EUR
Meurtre au Manoir Karlov,binder,Slime Against Humanity,MKM,Murders at Karlov Manor,177,foil,common,1,90698,1eb21318-d32e-4724-8908-c0d7613de2f4,0.97,false,false,near_mint,fr,EUR
Meurtre au Manoir Karlov,binder,Soul Enervation,MKM,Murders at Karlov Manor,106,normal,uncommon,2,90951,6f22ac67-06ce-47cc-a515-d216d30b9cae,0.17,false,false,near_mint,fr,EUR
Meurtre au Manoir Karlov,binder,Undercity Eliminator,MKM,Murders at Karlov Manor,108,normal,uncommon,1,91100,a67a4c5e-215b-4f03-87f7-c1af4f9f0a63,0.17,false,false,near_mint,fr,EUR
Meurtre au Manoir Karlov,binder,Underground Mortuary,MKM,Murders at Karlov Manor,271,normal,rare,1,91316,f6ca59cd-8779-4a84-a54b-e863b79c61f0,13.14,false,false,near_mint,fr,EUR
Meurtre au Manoir Karlov,binder,Ajani's Pridemate,M19,Core Set 2019,5,normal,uncommon,1,1307,2f717e04-c078-4696-9ed6-e973033d7be0,0.19,false,false,near_mint,fr,EUR
Meurtre au Manoir Karlov,binder,Aurelia's Vindicator,MKM,Murders at Karlov Manor,4,normal,mythic,1,90892,5901dff4-e09b-4747-9297-797a1a057cd5,0.47,false,false,near_mint,fr,EUR
Meurtre au Manoir Karlov,binder,Buried in the Garden,MKM,Murders at Karlov Manor,191,normal,uncommon,1,90999,7e144609-e1f6-4bdc-8d14-b735ef4140d3,0.15,false,false,near_mint,fr,EUR
Meurtre au Manoir Karlov,binder,Essence of Antiquity,MKM,Murders at Karlov Manor,15,normal,uncommon,1,91123,aee2945d-bf6d-4328-a482-df24c2973b56,0.1,false,false,near_mint,fr,EUR
Meurtre au Manoir Karlov,binder,Forest,MKM,Murders at Karlov Manor,285,foil,common,2,91211,cc485069-e081-4e83-bbad-d5faf7a5bd03,0.15,false,false,near_mint,fr,EUR
Meurtre au Manoir Karlov,binder,Get a Leg Up,MKM,Murders at Karlov Manor,161,normal,uncommon,1,90786,34e61e0f-d0f3-492a-92f1-36f72a91583a,0.13,false,false,near_mint,fr,EUR
Meurtre au Manoir Karlov,binder,Greenbelt Radical,MKM,Murders at Karlov Manor,163,normal,uncommon,1,91029,88e62346-cc62-4938-970c-b56beeb79fa6,0.13,false,false,near_mint,fr,EUR
Meurtre au Manoir Karlov,binder,Hard-Hitting Question,MKM,Murders at Karlov Manor,164,normal,uncommon,2,91036,8ad807c2-14a7-4464-bf57-c323fb3c0bd0,0.16,false,false,near_mint,fr,EUR
Meurtre au Manoir Karlov,binder,Lush Portico,MKM,Murders at Karlov Manor,263,normal,rare,2,91179,c17816e8-28b1-4295-a637-efb0e5c18873,6.93,false,false,near_mint,fr,EUR
Meurtre au Manoir Karlov,binder,Sanctuary Wall,MKM,Murders at Karlov Manor,32,normal,uncommon,1,90843,4a009ba2-c7b9-4cf6-bb90-9d6fd589e932,0.08,false,false,near_mint,fr,EUR
Meurtre au Manoir Karlov,binder,Sumala Sentry,MKM,Murders at Karlov Manor,233,normal,uncommon,1,90803,3b9d4691-59d1-4e97-9b5d-8017788fbcb3,0.08,false,false,near_mint,fr,EUR
Meurtre au Manoir Karlov,binder,"Tolsimir, Midnight's Light",MKM,Murders at Karlov Manor,371,normal,rare,1,91035,8acaae58-93b5-4544-84cc-98e134edb738,0.17,false,false,near_mint,fr,EUR
Meurtre au Manoir Karlov,binder,Archdruid's Charm,MKM,Murders at Karlov Manor,151,normal,rare,1,90906,5caae5ae-845f-42c2-b1ae-956df2739433,3.99,false,false,near_mint,fr,EUR
Meurtre au Manoir Karlov,binder,Break Out,MKM,Murders at Karlov Manor,190,normal,uncommon,2,91043,8c628476-0987-47d4-8d2a-cfc3977b2357,0.23,false,false,near_mint,fr,EUR
Meurtre au Manoir Karlov,binder,Concealed Weapon,MKM,Murders at Karlov Manor,117,normal,uncommon,2,90796,38e31fa6-a445-47c6-a73f-135087f6d760,0.12,false,false,near_mint,fr,EUR
Meurtre au Manoir Karlov,binder,Expose the Culprit,MKM,Murders at Karlov Manor,124,normal,uncommon,1,90771,31aadd3d-5ce1-44ba-ac6d-b192a9ea491b,0.14,false,false,near_mint,fr,EUR
Meurtre au Manoir Karlov,binder,Flourishing Bloom-Kin,MKM,Murders at Karlov Manor,160,normal,uncommon,1,90911,5ddcb31e-9301-44f1-b138-0573fbf56a47,0.12,false,false,near_mint,fr,EUR
Meurtre au Manoir Karlov,binder,Flourishing Bloom-Kin,MKM,Murders at Karlov Manor,160,foil,uncommon,1,90911,5ddcb31e-9301-44f1-b138-0573fbf56a47,0.3,false,false,near_mint,fr,EUR
Meurtre au Manoir Karlov,binder,Fugitive Codebreaker,MKM,Murders at Karlov Manor,127,normal,rare,1,91147,b682bf8a-06dc-4828-bc46-9e1427bf981f,0.18,false,false,near_mint,fr,EUR
Meurtre au Manoir Karlov,binder,Mountain,MKM,Murders at Karlov Manor,284,normal,common,3,91214,cd8a0cd6-8d3b-44bd-b609-c12fb851d17b,0.07,false,false,near_mint,fr,EUR
Meurtre au Manoir Karlov,binder,Mountain,MKM,Murders at Karlov Manor,284,foil,common,1,91214,cd8a0cd6-8d3b-44bd-b609-c12fb851d17b,0.15,false,false,near_mint,fr,EUR
Meurtre au Manoir Karlov,binder,Pyrotechnic Performer,MKM,Murders at Karlov Manor,140,normal,rare,1,90666,0fa5671b-2651-4944-a50a-c768ec70229e,0.17,false,false,near_mint,fr,EUR
Meurtre au Manoir Karlov,binder,They Went This Way,MKM,Murders at Karlov Manor,178,foil,common,1,91307,f4a31d4a-34bc-46b4-b20f-a5460191b35d,0.17,false,false,near_mint,fr,EUR
Meurtre au Manoir Karlov,binder,Tin Street Gossip,MKM,Murders at Karlov Manor,235,normal,uncommon,2,90819,4094b13f-28d4-48b6-8cce-3c44656745b7,0.07,false,false,near_mint,fr,EUR
Meurtre au Manoir Karlov,binder,Tunnel Tipster,MKM,Murders at Karlov Manor,180,normal,common,1,90811,3e29b890-35b9-4e2a-9b4c-9417ca7db31d,0.07,false,false,near_mint,fr,EUR
Meurtre au Manoir Karlov,binder,Worldsoul's Rage,MKM,Murders at Karlov Manor,316,normal,rare,1,91222,d62c3c3c-1196-45b0-832a-77ba26df3b70,0.62,false,false,near_mint,fr,EUR
Meurtre au Manoir Karlov,binder,Worldsoul's Rage,MKM,Murders at Karlov Manor,244,normal,rare,1,91332,fc3340bd-1d8c-4c21-a59d-e092fcbe02e3,0.32,false,false,near_mint,fr,EUR
Meurtre au Manoir Karlov,binder,Dog,TMKM,Murders at Karlov Manor Tokens,1,normal,common,1,91034,8aaf03be-294a-4539-954c-79853f4351a9,0.19,false,false,near_mint,fr,EUR
Meurtre au Manoir Karlov,binder,Thopter,TMKM,Murders at Karlov Manor Tokens,19,normal,common,1,90717,22ad97f4-cc41-493c-9848-c06f3cf778c7,0.13,false,false,near_mint,fr,EUR
Meurtre au Manoir Karlov,binder,Plant,TMKM,Murders at Karlov Manor Tokens,9,normal,common,1,91053,92091012-856c-4b42-9e22-405112c39edd,0.61,false,false,near_mint,fr,EUR
Meurtre au Manoir Karlov,binder,Clue,TMKM,Murders at Karlov Manor Tokens,16,normal,common,1,90719,233d3d41-1559-464a-a41e-096eb3b8a968,0.16,false,false,near_mint,fr,EUR
Meurtre au Manoir Karlov,binder,Clue,TMKM,Murders at Karlov Manor Tokens,14,normal,common,1,91295,ee022200-f589-4f06-8de8-d313e29f7be8,0.15,false,false,near_mint,fr,EUR
Meurtre au Manoir Karlov,binder,Goblin,TMKM,Murders at Karlov Manor Tokens,6,normal,common,1,91213,cd6cd0d3-7973-49e6-9c1c-6f516a5d5fe5,0.26,false,false,near_mint,fr,EUR
Meurtre au Manoir Karlov,binder,Skeleton,TMKM,Murders at Karlov Manor Tokens,5,normal,common,1,90618,02404852-5788-4adb-b2dc-98bf705d8d96,0.31,false,false,near_mint,fr,EUR
Meurtre au Manoir Karlov,binder,Imp,TMKM,Murders at Karlov Manor Tokens,7,normal,common,1,90837,47a1385b-2be2-49a8-8400-186cd5525dad,0.68,false,false,near_mint,fr,EUR
Meurtre au Manoir Karlov,binder,Human,TMKM,Murders at Karlov Manor Tokens,2,normal,common,2,91225,d7cd1de1-9657-4262-be11-8279b3408e54,0.16,false,false,near_mint,fr,EUR
Meurtre au Manoir Karlov,binder,A Mysterious Creature,TMKM,Murders at Karlov Manor Tokens,21,normal,common,1,90721,241b3b6d-a25f-4a43-b5d6-1d1079e7e498,0.17,false,false,near_mint,fr,EUR
Meurtre au Manoir Karlov,binder,Spider,TMKM,Murders at Karlov Manor Tokens,11,normal,common,1,90971,74cb3ba3-9a14-4d72-bf24-0b75ae747f96,0.21,false,false,near_mint,fr,EUR
Meurtre au Manoir Karlov,binder,Thopter,TMKM,Murders at Karlov Manor Tokens,20,normal,common,2,91319,f80c5f0a-5573-4dc2-8791-35e35bdf4c78,0.09,false,false,near_mint,fr,EUR
Meurtre au Manoir Karlov,binder,Clue,TMKM,Murders at Karlov Manor Tokens,17,normal,common,2,90885,576b691a-9cb1-4c2e-93cf-42f52f587bff,0.12,false,false,near_mint,fr,EUR
Meurtre au Manoir Karlov,binder,Clue,TMKM,Murders at Karlov Manor Tokens,18,normal,common,2,91298,ef607895-d6d2-44ab-a6b4-84af55fce593,0.14,false,false,near_mint,fr,EUR
Meurtre au Manoir Karlov,binder,Ooze,TMKM,Murders at Karlov Manor Tokens,8,normal,common,2,90876,54b37032-9660-4dfb-9629-c4e8eddc43b0,0.27,false,false,near_mint,fr,EUR
Meurtre au Manoir Karlov,binder,Detective,TMKM,Murders at Karlov Manor Tokens,10,normal,common,2,90767,30a109aa-99d4-4cfe-a9b1-1b40db5b7885,0.18,false,false,near_mint,fr,EUR
Le commencement,binder,Brine Elemental,TSP,Time Spiral,50,normal,uncommon,1,26850,8dab2c73-501b-46c9-bc76-134b50d35bb8,0.13,false,false,near_mint,fr,EUR
Lord of the Rings,binder,"Fangorn, Tree Shepherd",LTR,The Lord of the Rings: Tales of Middle-earth,166,normal,rare,1,82855,0fb0f946-2127-4aa3-88ac-9bd2e94d8983,0.22,false,false,near_mint,fr,EUR
Lord of the Rings,binder,"Gollum, Scheming Guide",LTR,The Lord of the Rings: Tales of Middle-earth,292,normal,rare,1,83231,7f93ad17-b655-4a10-990e-b26ead90d221,1.27,false,false,near_mint,fr,EUR
Lord of the Rings,binder,"Shelob, Child of Ungoliant",LTR,The Lord of the Rings: Tales of Middle-earth,230,normal,rare,1,83350,a14c4b29-3363-45ce-9190-0f79e1a0ef7f,0.34,false,false,near_mint,fr,EUR
Lord of the Rings,binder,"Sméagol, Helpful Guide",LTR,The Lord of the Rings: Tales of Middle-earth,231,normal,rare,1,82866,13253f8d-1897-41e8-a904-9e57ac7eff0a,0.29,false,false,near_mint,fr,EUR
Lord of the Rings,binder,Swamp,LTR,The Lord of the Rings: Tales of Middle-earth,276,normal,common,1,83333,9b5f68bc-1842-4efd-b85a-d897cfd63bde,0.34,false,false,near_mint,fr,EUR
Lord of the Rings,binder,Barad-dûr,LTR,The Lord of the Rings: Tales of Middle-earth,253,normal,rare,1,83616,eb5038af-06b0-401e-8dea-a1a8483788ae,0.63,false,false,near_mint,fr,EUR
Lord of the Rings,binder,Book of Mazarbul,LTR,The Lord of the Rings: Tales of Middle-earth,116,normal,uncommon,2,82829,04dcef75-6f98-4233-ae32-6fe41724c8e0,0.09,false,false,near_mint,fr,EUR
Lord of the Rings,binder,Deceive the Messenger,LTR,The Lord of the Rings: Tales of Middle-earth,47,normal,common,2,83406,b2984bc6-7c12-46e4-8dd3-b23e29a7a7ec,0.03,false,false,near_mint,fr,EUR
Lord of the Rings,binder,Mordor Muster,LTR,The Lord of the Rings: Tales of Middle-earth,96,normal,common,2,83385,aae2f15a-0629-453e-992c-a199af194a3c,0.21,false,false,near_mint,fr,EUR
Lord of the Rings,binder,Mountain,LTR,The Lord of the Rings: Tales of Middle-earth,279,normal,common,2,83395,af1b83d9-078b-44dc-a118-4659201f4854,0.27,false,false,near_mint,fr,EUR
Lord of the Rings,binder,Orcish Medicine,LTR,The Lord of the Rings: Tales of Middle-earth,104,normal,common,2,83149,66fae9ab-2302-4dea-a4e8-701938a0ef09,0.18,false,false,near_mint,fr,EUR
Lord of the Rings,binder,Surrounded by Orcs,LTR,The Lord of the Rings: Tales of Middle-earth,73,normal,common,2,82905,1c50d4c8-2311-4394-b73f-389eb81e898b,0.04,false,false,near_mint,fr,EUR
Lord of the Rings,binder,The Torment of Gollum,LTR,The Lord of the Rings: Tales of Middle-earth,110,normal,common,2,83441,ba2c8c25-1fa9-4cc4-a378-5eccc25bacf0,0.11,false,false,near_mint,fr,EUR
Lord of the Rings,binder,Treason of Isengard,LTR,The Lord of the Rings: Tales of Middle-earth,74,normal,common,2,83188,71f97505-c961-4890-acd0-32a63919ac2a,0.07,false,false,near_mint,fr,EUR
Lord of the Rings,binder,Food,TLTR,Tales of Middle-earth Tokens,11,normal,common,5,83592,e4b7e3b5-2f3c-4eb7-abc9-322a049a9e1a,0.15,false,false,near_mint,fr,EUR
Lord of the Rings,binder,Spirit,TLTR,Tales of Middle-earth Tokens,3,normal,common,2,83093,57b674ef-f541-4ee8-9727-1c5b3c0c8f4e,0.16,false,false,near_mint,fr,EUR
Lord of the Rings,binder,Tentacle,TLTR,Tales of Middle-earth Tokens,4,normal,common,1,83623,eea4e628-4ae2-4e33-a3b6-176ed87c1840,0.21,false,false,near_mint,fr,EUR
Lord of the Rings,binder,Smaug,TLTR,Tales of Middle-earth Tokens,7,normal,common,1,82884,16d2b87e-f8f9-4756-9ea2-64bc5c13bb96,0.27,false,false,near_mint,fr,EUR
Lord of the Rings,binder,Orc Army,TLTR,Tales of Middle-earth Tokens,6,normal,common,2,83558,db598f33-2ff9-4e0b-a067-05fecc03435f,0.23,false,false,near_mint,fr,EUR
Lord of the Rings,binder,Orc Army,TLTR,Tales of Middle-earth Tokens,5,normal,common,2,82965,2f8b43e8-dd89-452e-b572-8559e19fdea2,0.09,false,false,near_mint,fr,EUR
Lord of the Rings,binder,Ballistic Boulder,TLTR,Tales of Middle-earth Tokens,8,normal,common,2,83438,b9d70342-9d3c-44cb-9026-db5e5941b9fc,0.23,false,false,near_mint,fr,EUR
Lord of the Rings,binder,Human Soldier,TLTR,Tales of Middle-earth Tokens,1,normal,common,3,83561,dbab4309-daca-42d9-ad0b-0457717c4503,0.08,false,false,near_mint,fr,EUR
Lord of the Rings,binder,Food,TLTR,Tales of Middle-earth Tokens,9,normal,common,4,83127,61f04cd9-63ef-4dda-948a-0be76628900c,0.14,false,false,near_mint,fr,EUR
Lord of the Rings,binder,Food,TLTR,Tales of Middle-earth Tokens,10,normal,common,6,83466,bfcff41e-b6ff-4ddd-bcb6-8943f7d88aef,0.07,false,false,near_mint,fr,EUR
Lord of the Rings,binder,Treasure,TLTR,Tales of Middle-earth Tokens,12,normal,common,5,83044,46a2c363-c879-4c36-b08a-dd57e3da19ae,0.14,false,false,near_mint,fr,EUR
Lord of the Rings,binder,Human Soldier,TLTR,Tales of Middle-earth Tokens,2,normal,common,2,83655,f6df0025-8f6a-43e1-8f07-36f18da3a485,0.1,false,false,near_mint,fr,EUR
Lord of the Rings,binder,Soothing of Sméagol,LTR,The Lord of the Rings: Tales of Middle-earth,70,foil,common,1,83459,be6400e8-7f99-4005-9a92-ffbc359d3871,0.16,false,false,near_mint,fr,EUR
Lord of the Rings,binder,The Bath Song,LTR,The Lord of the Rings: Tales of Middle-earth,40,foil,uncommon,1,83671,fb11c04f-6f17-4da4-bbf6-0bd09de6e544,0.17,false,false,near_mint,fr,EUR
Lord of the Rings,binder,Saruman's Trickery,LTR,The Lord of the Rings: Tales of Middle-earth,68,foil,uncommon,1,83284,8eb6c23b-e52e-4533-9625-884eb0a4d866,0.2,false,false,near_mint,fr,EUR
Lord of the Rings,binder,Council's Deliberation,LTR,The Lord of the Rings: Tales of Middle-earth,46,foil,uncommon,1,83142,651503a2-5d1e-408a-9cdc-0cee05ab3ef0,0.24,false,false,near_mint,fr,EUR
Lord of the Rings,binder,Lórien Revealed,LTR,The Lord of the Rings: Tales of Middle-earth,60,foil,common,1,82850,0ce44270-a684-4489-9077-521456e6dfaa,3.09,false,false,near_mint,fr,EUR
Lord of the Rings,binder,Bewitching Leechcraft,LTR,The Lord of the Rings: Tales of Middle-earth,41,foil,common,1,83422,b612452e-b8a8-4a5a-82a8-01fd463cfc77,0.15,false,false,near_mint,fr,EUR
Lord of the Rings,binder,Ioreth of the Healing House,LTR,The Lord of the Rings: Tales of Middle-earth,56,normal,uncommon,5,82827,03ab74cd-978a-49eb-9d38-bc8b472b3cef,0.15,false,false,near_mint,fr,EUR
Lord of the Rings,binder,Ithilien Kingfisher,LTR,The Lord of the Rings: Tales of Middle-earth,58,normal,common,3,83158,68c29762-6859-4564-9e1d-a87fa63b951a,0.07,false,false,near_mint,fr,EUR
Lord of the Rings,binder,Grey Havens Navigator,LTR,The Lord of the Rings: Tales of Middle-earth,53,foil,common,1,83068,4dd89994-bdff-47ca-a65d-10afcc7e773e,0.17,false,false,near_mint,fr,EUR
Lord of the Rings,binder,Nimrodel Watcher,LTR,The Lord of the Rings: Tales of Middle-earth,63,foil,common,1,83473,c253ee40-41c9-4cb5-a1a3-94b0aaed09d4,0.16,false,false,near_mint,fr,EUR
Lord of the Rings,binder,Pelargir Survivor,LTR,The Lord of the Rings: Tales of Middle-earth,64,foil,common,1,83384,aa59141a-4645-4316-b714-bbf2c139786e,0.1,false,false,near_mint,fr,EUR
Lord of the Rings,binder,Knights of Dol Amroth,LTR,The Lord of the Rings: Tales of Middle-earth,59,foil,common,1,83146,661338ff-a192-4007-a144-63d00f2e9ecb,0.15,false,false,near_mint,fr,EUR
Lord of the Rings,binder,Knights of Dol Amroth,LTR,The Lord of the Rings: Tales of Middle-earth,432,foil,common,1,82848,0c511371-97d7-47cc-934c-939dfbdd1c0b,0.22,false,false,near_mint,fr,EUR
Lord of the Rings,binder,"Gandalf, Friend of the Shire",LTR,The Lord of the Rings: Tales of Middle-earth,308,normal,uncommon,1,83615,eae80537-f355-4aa3-8952-b08f3d1a1e41,0.05,false,false,near_mint,fr,EUR
Lord of the Rings,binder,Knights of Dol Amroth,LTR,The Lord of the Rings: Tales of Middle-earth,432,normal,common,7,82848,0c511371-97d7-47cc-934c-939dfbdd1c0b,0.11,false,false,near_mint,fr,EUR
Lord of the Rings,binder,Saruman the White,LTR,The Lord of the Rings: Tales of Middle-earth,67,foil,uncommon,1,82903,1bfccbab-29fa-4e92-8919-6cd4815fb655,0.24,false,false,near_mint,fr,EUR
Lord of the Rings,binder,Captain of Umbar,LTR,The Lord of the Rings: Tales of Middle-earth,45,normal,common,2,83472,c222577d-a3c7-41d9-b11b-62065bdb98ef,0.05,false,false,near_mint,fr,EUR
Lord of the Rings,binder,Pelargir Survivor,LTR,The Lord of the Rings: Tales of Middle-earth,64,normal,common,2,83384,aa59141a-4645-4316-b714-bbf2c139786e,0.02,false,false,near_mint,fr,EUR
Lord of the Rings,binder,"Bill Ferny, Bree Swindler",LTR,The Lord of the Rings: Tales of Middle-earth,42,foil,uncommon,1,82919,20ac63cb-fa4d-4340-8062-1029c8bd5ec8,0.19,false,false,near_mint,fr,EUR
Lord of the Rings,binder,"Bill Ferny, Bree Swindler",LTR,The Lord of the Rings: Tales of Middle-earth,42,normal,uncommon,3,82919,20ac63cb-fa4d-4340-8062-1029c8bd5ec8,0.04,false,false,near_mint,fr,EUR
Lord of the Rings,binder,"Elrond, Lord of Rivendell",LTR,The Lord of the Rings: Tales of Middle-earth,49,foil,uncommon,1,83369,a62a5e55-fa1b-4c70-9293-740dd513d52e,0.28,false,false,near_mint,fr,EUR
Lord of the Rings,binder,"Elrond, Lord of Rivendell",LTR,The Lord of the Rings: Tales of Middle-earth,307,normal,uncommon,1,82968,308465a9-2143-49f2-b9d0-a09272dd1b62,0.07,false,false,near_mint,fr,EUR
Lord of the Rings,binder,Gift of Strands,LTR,The Lord of the Rings: Tales of Middle-earth,170,foil,uncommon,1,83277,8c54ee0c-1432-4f20-9a92-2cdfcbab30ac,0.12,false,false,near_mint,fr,EUR
Lord of the Rings,binder,Galadhrim Bow,LTR,The Lord of the Rings: Tales of Middle-earth,167,foil,common,1,83340,9df34f21-798f-440d-8b09-ec5b5c0b8c12,0.18,false,false,near_mint,fr,EUR
Lord of the Rings,binder,Many Partings,LTR,The Lord of the Rings: Tales of Middle-earth,445,foil,common,1,83204,7769f0ce-b31b-4cb5-8635-2b9b70114180,0.19,false,false,near_mint,fr,EUR
Lord of the Rings,binder,Mirrormere Guardian,LTR,The Lord of the Rings: Tales of Middle-earth,179,normal,common,4,83244,8315d7cc-fc2c-45b1-8340-11ff2af3beb5,0.02,false,false,near_mint,fr,EUR
Lord of the Rings,binder,Bag End Porter,LTR,The Lord of the Rings: Tales of Middle-earth,153,normal,common,6,83427,b7557170-39a2-49df-823e-958c3eb34801,0.02,false,false,near_mint,fr,EUR
Lord of the Rings,binder,Brandywine Farmer,LTR,The Lord of the Rings: Tales of Middle-earth,155,normal,common,3,82904,1c24b5fa-506d-4eaf-881b-bc282c74a16c,0.04,false,false,near_mint,fr,EUR
Lord of the Rings,binder,Lothlórien Lookout,LTR,The Lord of the Rings: Tales of Middle-earth,175,foil,common,1,83070,4e3639c1-ebc3-4a0b-ab93-549e45aff0f7,0.13,false,false,near_mint,fr,EUR
Lord of the Rings,binder,Dúnedain Rangers,LTR,The Lord of the Rings: Tales of Middle-earth,159,normal,uncommon,3,83133,630e1e36-2f5d-44d4-9ff2-19ae75295016,0.05,false,false,near_mint,fr,EUR
Lord of the Rings,binder,Peregrin Took,LTR,The Lord of the Rings: Tales of Middle-earth,315,normal,uncommon,2,83673,fbbdd288-83ec-4be9-b55f-17771fd5ecc4,0.15,false,false,near_mint,fr,EUR
Lord of the Rings,binder,Meriadoc Brandybuck,LTR,The Lord of the Rings: Tales of Middle-earth,314,foil,uncommon,1,83680,ff7cea33-4d46-450a-a54e-b8d70910eee8,0.26,false,false,near_mint,fr,EUR
Lord of the Rings,binder,"Quickbeam, Upstart Ent",LTR,The Lord of the Rings: Tales of Middle-earth,183,foil,uncommon,1,83434,b889037f-b95f-4756-80aa-04097d2818c3,0.15,false,false,near_mint,fr,EUR
Lord of the Rings,binder,"Quickbeam, Upstart Ent",LTR,The Lord of the Rings: Tales of Middle-earth,419,normal,uncommon,2,83024,402d829d-9d99-48ac-9ffe-14405ec56302,0.06,false,false,near_mint,fr,EUR
Lord of the Rings,binder,"Fangorn, Tree Shepherd",LTR,The Lord of the Rings: Tales of Middle-earth,415,normal,rare,1,83050,486c2171-aa41-47d4-a499-d6cff078a587,0.46,false,false,near_mint,fr,EUR
Lord of the Rings,binder,Bombadil's Song,LTR,The Lord of the Rings: Tales of Middle-earth,154,normal,common,2,83137,6391699e-987a-499f-9fec-96f2362760b9,0.07,false,false,near_mint,fr,EUR
Lord of the Rings,binder,Display of Power,LTR,The Lord of the Rings: Tales of Middle-earth,119,normal,rare,1,82950,295b8595-5b4e-4fc8-8249-486d36e15f67,0.21,false,false,near_mint,fr,EUR
Lord of the Rings,binder,Improvised Club,LTR,The Lord of the Rings: Tales of Middle-earth,137,foil,common,1,83432,b8397d13-eeaf-4b4e-b3cd-9a9ac231873a,0.18,false,false,near_mint,fr,EUR
Lord of the Rings,binder,Improvised Club,LTR,The Lord of the Rings: Tales of Middle-earth,137,normal,common,2,83432,b8397d13-eeaf-4b4e-b3cd-9a9ac231873a,0.1,false,false,near_mint,fr,EUR
Lord of the Rings,binder,Gimli's Axe,LTR,The Lord of the Rings: Tales of Middle-earth,130,foil,common,1,83550,d8999b6c-e501-48d0-ae51-a35b96f996ec,0.13,false,false,near_mint,fr,EUR
Lord of the Rings,binder,Rising of the Day,LTR,The Lord of the Rings: Tales of Middle-earth,145,foil,uncommon,1,83538,d4fbcac6-8ac9-44a8-9d1a-03d0799ac253,0.41,false,false,near_mint,fr,EUR
Lord of the Rings,binder,Gimli's Axe,LTR,The Lord of the Rings: Tales of Middle-earth,130,normal,common,4,83550,d8999b6c-e501-48d0-ae51-a35b96f996ec,0.11,false,false,near_mint,fr,EUR
Lord of the Rings,binder,Rising of the Day,LTR,The Lord of the Rings: Tales of Middle-earth,427,normal,uncommon,2,83208,7a06a653-eca1-4fee-add5-45d2594885c3,0.27,false,false,near_mint,fr,EUR
Lord of the Rings,binder,Olog-hai Crusher,LTR,The Lord of the Rings: Tales of Middle-earth,140,normal,common,4,83476,c33bf593-62e0-491a-a31a-328bce6d8735,0.05,false,false,near_mint,fr,EUR
Lord of the Rings,binder,Haradrim Spearmaster,LTR,The Lord of the Rings: Tales of Middle-earth,135,foil,common,1,83118,6050cf98-cdce-4825-9ab8-2294a2b63faf,0.1,false,false,near_mint,fr,EUR
Lord of the Rings,binder,Goblin Assailant,LTR,The Lord of the Rings: Tales of Middle-earth,295,normal,common,3,83414,b4bda198-7ab4-4c6b-9fb1-93ac54c06a85,0.13,false,false,near_mint,fr,EUR
Lord of the Rings,binder,Erebor Flamesmith,LTR,The Lord of the Rings: Tales of Middle-earth,122,normal,common,4,83086,552730c5-e3a6-468f-91b2-82c272dda400,0.11,false,false,near_mint,fr,EUR
Lord of the Rings,binder,Oliphaunt,LTR,The Lord of the Rings: Tales of Middle-earth,426,normal,common,2,83667,fa65958a-f601-472e-a9b6-42650b97fa44,0.11,false,false,near_mint,fr,EUR
Lord of the Rings,binder,Battle-Scarred Goblin,LTR,The Lord of the Rings: Tales of Middle-earth,115,foil,common,1,83436,b91859de-1983-4c9c-a9e6-289c7dba1eb4,0.04,false,false,near_mint,fr,EUR
Lord of the Rings,binder,Relentless Rohirrim,LTR,The Lord of the Rings: Tales of Middle-earth,144,foil,common,1,82924,21b7606a-6a4c-4bf0-b311-1883383161d2,0.08,false,false,near_mint,fr,EUR
Lord of the Rings,binder,"Gimli, Counter of Kills",LTR,The Lord of the Rings: Tales of Middle-earth,312,foil,uncommon,1,83426,b72c5bd1-cca1-4735-b4fc-7a5182fb8cd6,0.42,false,false,near_mint,fr,EUR
Lord of the Rings,binder,"Gimli, Counter of Kills",LTR,The Lord of the Rings: Tales of Middle-earth,312,normal,uncommon,4,83426,b72c5bd1-cca1-4735-b4fc-7a5182fb8cd6,0.06,false,false,near_mint,fr,EUR
Lord of the Rings,binder,Moria Marauder,LTR,The Lord of the Rings: Tales of Middle-earth,138,normal,rare,1,83637,f33d5394-2248-4654-bec5-33b144752586,0.42,false,false,near_mint,fr,EUR
Lord of the Rings,binder,Rally at the Hornburg,LTR,The Lord of the Rings: Tales of Middle-earth,142,foil,common,1,83622,ee7292f7-1c7e-449c-9c52-7584d6a14c2c,0.16,false,false,near_mint,fr,EUR
Lord of the Rings,binder,Fire of Orthanc,LTR,The Lord of the Rings: Tales of Middle-earth,127,foil,common,1,83332,9b5871c5-bb94-4803-93ba-cd1a630b00d6,0.13,false,false,near_mint,fr,EUR
Lord of the Rings,binder,Breaking of the Fellowship,LTR,The Lord of the Rings: Tales of Middle-earth,117,foil,common,1,82865,130f60d0-4fac-4e4e-a938-58f3b96e5335,0.18,false,false,near_mint,fr,EUR
Lord of the Rings,binder,Breaking of the Fellowship,LTR,The Lord of the Rings: Tales of Middle-earth,117,normal,common,2,82865,130f60d0-4fac-4e4e-a938-58f3b96e5335,0.08,false,false,near_mint,fr,EUR
Lord of the Rings,binder,Foray of Orcs,LTR,The Lord of the Rings: Tales of Middle-earth,128,foil,uncommon,1,83116,5fea0c66-c776-4dc7-a235-f3822521cacd,0.38,false,false,near_mint,fr,EUR
Lord of the Rings,binder,Foray of Orcs,LTR,The Lord of the Rings: Tales of Middle-earth,417,normal,uncommon,2,83626,ef083f43-4748-42e6-bc22-fc2570db5ca3,0.09,false,false,near_mint,fr,EUR
Lord of the Rings,binder,There and Back Again,LTR,The Lord of the Rings: Tales of Middle-earth,151,normal,rare,1,83303,939b0bd0-24ea-45de-a2d3-37bbf6a3e6f9,1.11,false,false,near_mint,fr,EUR
Lord of the Rings,binder,Forge Anew,LTR,The Lord of the Rings: Tales of Middle-earth,17,normal,rare,1,83088,56274b88-6e3f-4538-bb0c-eb5e52a58ef3,1.0,false,false,near_mint,fr,EUR
Lord of the Rings,binder,Took Reaper,LTR,The Lord of the Rings: Tales of Middle-earth,35,normal,common,2,82913,1da7fc15-f894-496e-ba18-a02d42e9bedc,0.06,false,false,near_mint,fr,EUR
Lord of the Rings,binder,Eastfarthing Farmer,LTR,The Lord of the Rings: Tales of Middle-earth,8,normal,common,3,82944,26bb65ba-d605-4b79-a700-4a08ec5a90b4,0.04,false,false,near_mint,fr,EUR
Lord of the Rings,binder,Nimble Hobbit,LTR,The Lord of the Rings: Tales of Middle-earth,23,normal,common,2,83479,c4cd0756-7bf3-4cb6-9687-1f9346b0bb92,0.07,false,false,near_mint,fr,EUR
Lord of the Rings,binder,Errand-Rider of Gondor,LTR,The Lord of the Rings: Tales of Middle-earth,11,normal,common,2,83534,d3f990e7-54a3-4893-8510-645b2065447b,0.07,false,false,near_mint,fr,EUR
Lord of the Rings,binder,Soldier of the Grey Host,LTR,The Lord of the Rings: Tales of Middle-earth,32,normal,common,2,83429,b79999df-af8c-4724-9631-20eee5a00e49,0.05,false,false,near_mint,fr,EUR
Lord of the Rings,binder,East-Mark Cavalier,LTR,The Lord of the Rings: Tales of Middle-earth,9,normal,common,3,83337,9be412c0-45d4-4856-a8cf-63a5a822dc5c,0.02,false,false,near_mint,fr,EUR
Lord of the Rings,binder,Knight of the Keep,LTR,The Lord of the Rings: Tales of Middle-earth,291,normal,common,3,83003,3af21576-3793-4796-ab60-112fbbb5fc0d,0.13,false,false,near_mint,fr,EUR
Lord of the Rings,binder,Westfold Rider,LTR,The Lord of the Rings: Tales of Middle-earth,37,foil,common,1,83187,71ed2e4b-c732-472a-a589-f1f53086d9ee,0.21,false,false,near_mint,fr,EUR
Lord of the Rings,binder,Samwise the Stouthearted,LTR,The Lord of the Rings: Tales of Middle-earth,306,normal,uncommon,2,83041,44c6a273-9307-432a-96f5-3e536da70f95,0.1,false,false,near_mint,fr,EUR
Lord of the Rings,binder,Eagles of the North,LTR,The Lord of the Rings: Tales of Middle-earth,7,foil,common,1,83470,c1bd3bc0-77bd-40fe-b4f1-835a04cb6e41,0.31,false,false,near_mint,fr,EUR
Lord of the Rings,binder,Rosie Cotton of South Lane,LTR,The Lord of the Rings: Tales of Middle-earth,27,foil,uncommon,1,83198,75338f49-1f02-4333-87e4-5779ef14e688,0.3,false,false,near_mint,fr,EUR
Lord of the Rings,binder,"Landroval, Horizon Witness",LTR,The Lord of the Rings: Tales of Middle-earth,21,foil,uncommon,1,83089,5684483b-9a6a-499b-a5e1-e2815ee03cdb,0.18,false,false,near_mint,fr,EUR
Lord of the Rings,binder,Shire Shirriff,LTR,The Lord of the Rings: Tales of Middle-earth,441,normal,uncommon,2,82861,11b50fec-28e0-4eaf-9184-73cc7234577f,0.07,false,false,near_mint,fr,EUR
Lord of the Rings,binder,Rosie Cotton of South Lane,LTR,The Lord of the Rings: Tales of Middle-earth,440,normal,uncommon,1,83100,5a56cbc2-6fc2-4443-90fe-59acd526f562,0.08,false,false,near_mint,fr,EUR
Lord of the Rings,binder,Protector of Gondor,LTR,The Lord of the Rings: Tales of Middle-earth,25,foil,common,1,83256,85708748-40ca-4066-a287-7a6a189ff3df,0.15,false,false,near_mint,fr,EUR
Lord of the Rings,binder,"Faramir, Field Commander",LTR,The Lord of the Rings: Tales of Middle-earth,303,normal,uncommon,1,82815,008b953a-da2b-4c30-9424-6d6e3e938251,0.1,false,false,near_mint,fr,EUR
Lord of the Rings,binder,Bill the Pony,LTR,The Lord of the Rings: Tales of Middle-earth,3,normal,uncommon,3,83328,9ac68519-ed7f-4f38-9549-c02975f88eed,0.11,false,false,near_mint,fr,EUR
Lord of the Rings,binder,"Frodo, Sauron's Bane",LTR,The Lord of the Rings: Tales of Middle-earth,304,normal,rare,1,83173,6d08e637-c2b3-4b38-9b07-5bba1f13efc3,0.38,false,false,near_mint,fr,EUR
Lord of the Rings,binder,Samwise the Stouthearted,LTR,The Lord of the Rings: Tales of Middle-earth,28,foil,uncommon,1,82922,214c270e-29ca-4d69-bea6-9252ae7707ad,0.34,false,false,near_mint,fr,EUR
Lord of the Rings,binder,Hobbit's Sting,LTR,The Lord of the Rings: Tales of Middle-earth,20,foil,common,1,82820,019eab42-9e0c-4958-ac97-74d3db5580f3,0.14,false,false,near_mint,fr,EUR
Lord of the Rings,binder,Lost to Legend,LTR,The Lord of the Rings: Tales of Middle-earth,22,normal,uncommon,3,83480,c4e40481-aeaa-4b3d-a020-e9b6d7c11992,0.03,false,false,near_mint,fr,EUR
Lord of the Rings,binder,Voracious Fell Beast,LTR,The Lord of the Rings: Tales of Middle-earth,422,normal,uncommon,4,83542,d6ce6be0-ebfe-4d50-87c6-8c1fc7536f1f,0.08,false,false,near_mint,fr,EUR
Lord of the Rings,binder,Mirkwood Bats,LTR,The Lord of the Rings: Tales of Middle-earth,421,foil,common,1,83265,882747f9-b4fe-42be-8fe9-f871cd0779bd,0.63,false,false,near_mint,fr,EUR
Lord of the Rings,binder,Mirkwood Bats,LTR,The Lord of the Rings: Tales of Middle-earth,421,normal,common,5,83265,882747f9-b4fe-42be-8fe9-f871cd0779bd,0.23,false,false,near_mint,fr,EUR
Lord of the Rings,binder,Cirith Ungol Patrol,LTR,The Lord of the Rings: Tales of Middle-earth,80,normal,common,2,83215,7cd03837-37cc-4f6c-8e22-e3b0ff635462,0.08,false,false,near_mint,fr,EUR
Lord of the Rings,binder,Mordor Trebuchet,LTR,The Lord of the Rings: Tales of Middle-earth,97,foil,common,1,83140,648bc8ae-1798-4c2f-a372-0487a90ba4d3,0.19,false,false,near_mint,fr,EUR
Lord of the Rings,binder,Dunland Crebain,LTR,The Lord of the Rings: Tales of Middle-earth,411,normal,common,5,83634,f1b90963-2a4c-4e0a-9d00-5d3df258c880,0.08,false,false,near_mint,fr,EUR
Lord of the Rings,binder,Gorbag of Minas Morgul,LTR,The Lord of the Rings: Tales of Middle-earth,86,normal,uncommon,3,83097,58aafdb6-1c8c-4fc4-a52e-3e601be7fb0c,0.09,false,false,near_mint,fr,EUR
Lord of the Rings,binder,"Gothmog, Morgul Lieutenant",LTR,The Lord of the Rings: Tales of Middle-earth,429,normal,uncommon,3,83055,4b9af0ce-db08-4ccf-a9f3-b7c1eea14423,0.16,false,false,near_mint,fr,EUR
Lord of the Rings,binder,"Gothmog, Morgul Lieutenant",LTR,The Lord of the Rings: Tales of Middle-earth,87,foil,uncommon,1,83353,a1c10e93-88eb-46b9-8adc-583661807990,0.14,false,false,near_mint,fr,EUR
Lord of the Rings,binder,"Sauron, the Necromancer",LTR,The Lord of the Rings: Tales of Middle-earth,310,normal,rare,1,82931,24521350-ffa6-46d9-95ed-6573c681e095,0.63,false,false,near_mint,fr,EUR
Lord of the Rings,binder,The Black Breath,LTR,The Lord of the Rings: Tales of Middle-earth,78,foil,common,1,82916,1e63983d-c36b-4440-b9e1-baaa6c7c0ba9,0.14,false,false,near_mint,fr,EUR
Lord of the Rings,binder,Mordor Muster,LTR,The Lord of the Rings: Tales of Middle-earth,96,foil,common,1,83385,aae2f15a-0629-453e-992c-a199af194a3c,0.09,false,false,near_mint,fr,EUR
Lord of the Rings,binder,Lash of the Balrog,LTR,The Lord of the Rings: Tales of Middle-earth,92,normal,common,2,83236,812fee97-e145-4458-b495-bc6ad227335b,0.09,false,false,near_mint,fr,EUR
Lord of the Rings,binder,Lash of the Balrog,LTR,The Lord of the Rings: Tales of Middle-earth,408,foil,common,1,83360,a3bb0051-3ba3-4e22-9098-42ee0d9b645c,0.12,false,false,near_mint,fr,EUR
Lord of the Rings,binder,Lash of the Balrog,LTR,The Lord of the Rings: Tales of Middle-earth,408,normal,common,1,83360,a3bb0051-3ba3-4e22-9098-42ee0d9b645c,0.04,false,false,near_mint,fr,EUR
Lord of the Rings,binder,Nasty End,LTR,The Lord of the Rings: Tales of Middle-earth,99,normal,common,3,83477,c34f88d7-15a1-434f-88d7-3d4fcf406d54,0.16,false,false,near_mint,fr,EUR
Lord of the Rings,binder,Nasty End,LTR,The Lord of the Rings: Tales of Middle-earth,416,normal,common,4,82993,37271b8b-3c58-43aa-b120-f0aa12fb3ad5,0.12,false,false,near_mint,fr,EUR
Lord of the Rings,binder,Call of the Ring,LTR,The Lord of the Rings: Tales of Middle-earth,79,foil,rare,1,83376,a92a2c5a-e450-494a-b23b-7ac0a6c50535,2.59,false,false,near_mint,fr,EUR
Lord of the Rings,binder,"Legolas, Counter of Kills",LTR,The Lord of the Rings: Tales of Middle-earth,324,normal,uncommon,1,82970,30fe0cb4-71f0-4acb-af1a-a48775826487,0.07,false,false,near_mint,fr,EUR
Lord of the Rings,binder,"Mauhúr, Uruk-hai Captain",LTR,The Lord of the Rings: Tales of Middle-earth,214,normal,uncommon,3,83145,65e9a757-7ed4-4cc0-bb6f-a59fa69b32a5,0.13,false,false,near_mint,fr,EUR
Lord of the Rings,binder,Uglúk of the White Hand,LTR,The Lord of the Rings: Tales of Middle-earth,235,foil,uncommon,1,83610,e914c7fc-be3c-4346-bf37-6e10f4998204,0.12,false,false,near_mint,fr,EUR
Lord of the Rings,binder,Prince Imrahil the Fair,LTR,The Lord of the Rings: Tales of Middle-earth,431,normal,uncommon,1,83349,a0c9c814-df6b-4b54-a233-9bed31009bed,0.12,false,false,near_mint,fr,EUR
Lord of the Rings,binder,"Denethor, Ruling Steward",LTR,The Lord of the Rings: Tales of Middle-earth,198,foil,uncommon,1,83669,fa8654cf-431c-427b-b78f-0e48f6007e9e,0.23,false,false,near_mint,fr,EUR
Lord of the Rings,binder,Gwaihir the Windlord,LTR,The Lord of the Rings: Tales of Middle-earth,210,foil,uncommon,1,82897,1a42c951-1146-4f49-a690-7d385962b191,0.3,false,false,near_mint,fr,EUR
Lord of the Rings,binder,"Denethor, Ruling Steward",LTR,The Lord of the Rings: Tales of Middle-earth,198,normal,uncommon,2,83669,fa8654cf-431c-427b-b78f-0e48f6007e9e,0.1,false,false,near_mint,fr,EUR
Lord of the Rings,binder,Frodo Baggins,LTR,The Lord of the Rings: Tales of Middle-earth,320,normal,uncommon,1,83196,741a266c-b2e9-4981-93ef-843cea95ca76,0.08,false,false,near_mint,fr,EUR
Lord of the Rings,binder,"Elrond, Master of Healing",LTR,The Lord of the Rings: Tales of Middle-earth,318,normal,rare,1,83047,476e2a30-4410-432d-9c8a-beaaa40220c1,1.03,false,false,near_mint,fr,EUR
Lord of the Rings,binder,King of the Oathbreakers,LTR,The Lord of the Rings: Tales of Middle-earth,211,normal,rare,1,83509,cc857755-62e6-4d29-95f5-82f5d4bde522,0.24,false,false,near_mint,fr,EUR
Lord of the Rings,binder,"Lotho, Corrupt Shirriff",LTR,The Lord of the Rings: Tales of Middle-earth,213,normal,rare,1,83515,ce01ff8f-a037-484f-9148-c847ffaabc5a,3.72,false,false,near_mint,fr,EUR
Lord of the Rings,binder,Gandalf the Grey,LTR,The Lord of the Rings: Tales of Middle-earth,322,normal,rare,1,83525,d0ff7dea-1ed2-4987-b42a-6d1d8c493f5a,0.3,false,false,near_mint,fr,EUR
Lord of the Rings,binder,"The Balrog, Durin's Bane",LTR,The Lord of the Rings: Tales of Middle-earth,405,normal,rare,1,83268,88a2d7f8-0055-4d53-8e1e-9810d384cdb8,0.54,false,false,near_mint,fr,EUR
Lord of the Rings,binder,"Gimli, Mournful Avenger",LTR,The Lord of the Rings: Tales of Middle-earth,323,normal,rare,1,83192,72778dc1-0d93-4ba8-a194-51df78d4beba,0.5,false,false,near_mint,fr,EUR
Lord of the Rings,binder,"Éowyn, Fearless Knight",LTR,The Lord of the Rings: Tales of Middle-earth,430,foil,rare,1,82989,35b6da81-dc24-45b3-b94c-0d6fa00fad0c,1.29,false,false,near_mint,fr,EUR
Lord of the Rings,binder,"Éowyn, Fearless Knight",LTR,The Lord of the Rings: Tales of Middle-earth,201,foil,rare,1,83391,adffb389-c9a3-41c4-b078-292a2bcf870d,0.78,false,false,near_mint,fr,EUR
Lord of the Rings,binder,Tom Bombadil,LTR,The Lord of the Rings: Tales of Middle-earth,234,normal,mythic,2,82954,2ab04c49-76a1-4896-8dca-8cb4c615f489,1.2,false,false,near_mint,fr,EUR
Lord of the Rings,binder,"Aragorn and Arwen, Wed",LTR,The Lord of the Rings: Tales of Middle-earth,287,foil,mythic,1,83546,d7d4c97a-9319-4534-9a49-da000f41a02d,4.2,false,false,near_mint,fr,EUR
Lord of the Rings,binder,Saruman of Many Colors,LTR,The Lord of the Rings: Tales of Middle-earth,223,normal,mythic,2,83279,8cfcc7ec-87a2-4712-8d82-217bd8600891,0.76,false,false,near_mint,fr,EUR
Lord of the Rings,binder,Shadow Summoning,LTR,The Lord of the Rings: Tales of Middle-earth,226,normal,uncommon,3,83619,ec0984b2-bed6-41b1-9087-2cfd16749037,0.08,false,false,near_mint,fr,EUR
Lord of the Rings,binder,Rise of the Witch-king,LTR,The Lord of the Rings: Tales of Middle-earth,221,foil,uncommon,1,83020,3f440fa1-5387-41d6-a80f-5b19dbb21514,0.56,false,false,near_mint,fr,EUR
Lord of the Rings,binder,Flame of Anor,LTR,The Lord of the Rings: Tales of Middle-earth,406,foil,rare,1,83608,e882ef7d-ddff-40f5-a4f5-bff5c8169dc1,7.23,false,false,near_mint,fr,EUR
Lord of the Rings,binder,Mind Stone,LTC,Tales of Middle-earth Commander,282,normal,uncommon,1,82929,23dd6cb6-31ee-467e-9f67-39046197bcb6,0.18,false,false,near_mint,fr,EUR
Lord of the Rings,binder,Stone of Erech,LTR,The Lord of the Rings: Tales of Middle-earth,251,normal,uncommon,2,83452,bc02e193-df33-4eb1-adc1-b51ee931218a,0.14,false,false,near_mint,fr,EUR
Lord of the Rings,binder,Inherited Envelope,LTR,The Lord of the Rings: Tales of Middle-earth,242,foil,common,1,83418,b590d028-ea6a-4550-b5e2-ba328a81bbc0,0.14,false,false,near_mint,fr,EUR
Lord of the Rings,binder,Mountain,LTR,The Lord of the Rings: Tales of Middle-earth,268,foil,common,1,83589,e3731001-4e6a-4a91-9e7d-fc2ea039a60b,0.07,false,false,near_mint,fr,EUR
Lord of the Rings,binder,Swamp,LTR,The Lord of the Rings: Tales of Middle-earth,267,foil,common,1,83548,d86cd8fb-4ba7-4311-b0f3-b06fa112eda5,0.11,false,false,near_mint,fr,EUR
Lord of the Rings,binder,Plains,LTR,The Lord of the Rings: Tales of Middle-earth,263,foil,common,1,83106,5bb495cc-9908-455e-bec9-3993d595f4f9,0.13,false,false,near_mint,fr,EUR
Lord of the Rings,binder,Swamp,LTR,The Lord of the Rings: Tales of Middle-earth,277,normal,common,1,83535,d412d727-4fe8-4c21-a2cb-609395935dd8,0.42,false,false,near_mint,fr,EUR
Lord of the Rings,binder,Island,LTR,The Lord of the Rings: Tales of Middle-earth,275,foil,common,1,83289,8fee8302-39ca-43c3-b139-62e591559306,0.71,false,false,near_mint,fr,EUR
Lord of the Rings,binder,Island,LTR,The Lord of the Rings: Tales of Middle-earth,274,foil,common,1,83618,eba0c7c5-ed63-41a5-93e1-a979a6f983b9,0.61,false,false,near_mint,fr,EUR
Lord of the Rings,binder,The Grey Havens,LTR,The Lord of the Rings: Tales of Middle-earth,443,normal,uncommon,2,83319,9714aa30-1db2-4670-9a0b-72acfc3f703c,0.18,false,false,near_mint,fr,EUR
Lord of the Rings,binder,Mountain,LTR,The Lord of the Rings: Tales of Middle-earth,278,foil,common,1,83401,b1902b98-7579-4b7a-8cb8-9bd0e0da5f67,0.65,false,false,near_mint,fr,EUR
Lord of the Rings,binder,Minas Tirith,LTR,The Lord of the Rings: Tales of Middle-earth,420,normal,rare,1,83006,3baa1dea-e74f-44c4-bfed-7dfaa3ecd332,4.63,false,false,near_mint,fr,EUR
Lord of the Rings,binder,Cavern of Souls,LTC,Tales of Middle-earth Commander,362,normal,mythic,1,83163,69d55219-32b0-4281-a020-52107db6d16a,61.19,false,false,near_mint,fr,EUR
Lord of the Rings,binder,"Boseiju, Who Shelters All",LTC,Tales of Middle-earth Commander,359,normal,mythic,1,83445,bafe3253-feed-4cb9-a13c-9a9105462a8b,8.15,false,false,near_mint,fr,EUR
Lord of the Rings,binder,The Grey Havens,LTR,The Lord of the Rings: Tales of Middle-earth,255,foil,uncommon,1,83571,dd698f10-b0fc-42fc-84ec-f5a0d96bfa1d,0.31,false,false,near_mint,fr,EUR
Lord of the Rings,binder,Plains,LTR,The Lord of the Rings: Tales of Middle-earth,272,normal,common,1,83073,4ff9fbf5-de6f-4ef9-a6ab-56da4b341b77,0.26,false,false,near_mint,fr,EUR
Lord of the Rings,binder,Plains,LTR,The Lord of the Rings: Tales of Middle-earth,273,normal,common,1,83254,8538a97f-302d-468a-8a6c-50c800d614e5,0.31,false,false,near_mint,fr,EUR
Lord of the Rings,binder,Birthday Escape,LTR,The Lord of the Rings: Tales of Middle-earth,43,foil,common,1,83034,42db2313-b13d-4292-bef2-bf86f989d32f,0.26,false,false,near_mint,fr,EUR
Lord of the Rings,binder,Call of the Ring,LTR,The Lord of the Rings: Tales of Middle-earth,79,normal,rare,1,83376,a92a2c5a-e450-494a-b23b-7ac0a6c50535,1.86,false,false,near_mint,fr,EUR
Lord of the Rings,binder,Delighted Halfling,LTR,The Lord of the Rings: Tales of Middle-earth,158,normal,rare,1,83185,71384418-173a-4f77-adab-56e52fa23692,12.52,false,false,near_mint,fr,EUR
Lord of the Rings,binder,Eagles of the North,LTR,The Lord of the Rings: Tales of Middle-earth,7,normal,common,2,83470,c1bd3bc0-77bd-40fe-b4f1-835a04cb6e41,0.13,false,false,near_mint,fr,EUR
Lord of the Rings,binder,Escape from Orthanc,LTR,The Lord of the Rings: Tales of Middle-earth,12,normal,common,2,83644,f4ff3330-dcca-4435-87e7-871be91a68b0,0.02,false,false,near_mint,fr,EUR
Lord of the Rings,binder,"Frodo, Adventurous Hobbit",LTC,Tales of Middle-earth Commander,2,normal,mythic,1,82979,328df403-7428-4b17-bdd1-9759fc0f32d8,0.26,false,false,near_mint,fr,EUR
Lord of the Rings,binder,"Frodo, Sauron's Bane",LTR,The Lord of the Rings: Tales of Middle-earth,18,normal,rare,1,83218,7d86dc2e-6f0c-4714-9d30-5d099d3b895c,0.32,false,false,near_mint,fr,EUR
Lord of the Rings,binder,Hithlain Knots,LTR,The Lord of the Rings: Tales of Middle-earth,54,normal,common,2,83448,bbcc27e7-cbe4-45c2-b157-7251a10e7ba4,0.09,false,false,near_mint,fr,EUR
Lord of the Rings,binder,Hobbit's Sting,LTR,The Lord of the Rings: Tales of Middle-earth,20,normal,common,2,82820,019eab42-9e0c-4958-ac97-74d3db5580f3,0.1,false,false,near_mint,fr,EUR
Lord of the Rings,binder,Lobelia Sackville-Baggins,LTR,The Lord of the Rings: Tales of Middle-earth,93,normal,rare,1,83263,87500b92-3d68-42f3-afa9-f8206b2ebcbb,0.2,false,false,near_mint,fr,EUR
Lord of the Rings,binder,Samwise Gamgee,LTR,The Lord of the Rings: Tales of Middle-earth,222,normal,rare,1,83352,a1b6f13e-63d0-46bf-aa57-23c2dbdf62dd,1.14,false,false,near_mint,fr,EUR
Lord of the Rings,binder,Dawn of a New Age,LTR,The Lord of the Rings: Tales of Middle-earth,5,normal,mythic,1,83505,cb966ee6-bf1b-4bb6-9277-8de6f3918ae2,2.45,false,false,near_mint,fr,EUR
Lord of the Rings,binder,Flowering of the White Tree,LTR,The Lord of the Rings: Tales of Middle-earth,15,normal,rare,1,82925,2203b2cd-48e5-471a-85fe-dc81012e5d61,3.28,false,false,near_mint,fr,EUR
Lord of the Rings,binder,"Gandalf, White Rider",LTR,The Lord of the Rings: Tales of Middle-earth,290,normal,rare,1,83412,b422ce26-06fb-4748-9c01-32c4be914a77,1.54,false,false,near_mint,fr,EUR
Lord of the Rings,binder,Haradrim Spearmaster,LTR,The Lord of the Rings: Tales of Middle-earth,135,normal,common,2,83118,6050cf98-cdce-4825-9ab8-2294a2b63faf,0.06,false,false,near_mint,fr,EUR
Lord of the Rings,binder,Horn of the Mark,LTR,The Lord of the Rings: Tales of Middle-earth,241,normal,rare,1,83572,dd86b71f-d736-426f-bf15-013bc8da1a08,0.33,false,false,near_mint,fr,EUR
Lord of the Rings,binder,Knights of Dol Amroth,LTR,The Lord of the Rings: Tales of Middle-earth,59,normal,common,2,83146,661338ff-a192-4007-a144-63d00f2e9ecb,0.05,false,false,near_mint,fr,EUR
Lord of the Rings,binder,"Merry, Esquire of Rohan",LTR,The Lord of the Rings: Tales of Middle-earth,215,normal,rare,1,83430,b7c5fe73-1684-4edc-9f9b-976b2246d5ea,0.34,false,false,near_mint,fr,EUR
Lord of the Rings,binder,Minas Tirith,LTR,The Lord of the Rings: Tales of Middle-earth,256,normal,rare,1,83408,b38b6760-616f-4b11-8ce7-ac1223c7fd53,3.58,false,false,near_mint,fr,EUR
Lord of the Rings,binder,"Now for Wrath, Now for Ruin!",LTR,The Lord of the Rings: Tales of Middle-earth,24,normal,common,2,83475,c2e2c80d-7581-46ba-8237-7886b91c19b3,0.07,false,false,near_mint,fr,EUR
Lord of the Rings,binder,"Pippin, Guard of the Citadel",LTR,The Lord of the Rings: Tales of Middle-earth,218,normal,rare,1,82840,08b7a4d8-1183-430e-8ea4-016844f33200,0.51,false,false,near_mint,fr,EUR
Lord of the Rings,binder,Quarrel's End,LTR,The Lord of the Rings: Tales of Middle-earth,141,normal,common,2,83101,5a7e61a6-c602-4089-ae45-828d8e516a63,0.06,false,false,near_mint,fr,EUR
Lord of the Rings,binder,Rally at the Hornburg,LTR,The Lord of the Rings: Tales of Middle-earth,142,normal,common,2,83622,ee7292f7-1c7e-449c-9c52-7584d6a14c2c,0.11,false,false,near_mint,fr,EUR
Lord of the Rings,binder,Stalwarts of Osgiliath,LTR,The Lord of the Rings: Tales of Middle-earth,33,normal,common,2,82955,2acb8240-8e0e-4adf-a884-4986c116e704,0.02,false,false,near_mint,fr,EUR
Lord of the Rings,binder,"Éomer, Marshal of Rohan",LTR,The Lord of the Rings: Tales of Middle-earth,120,normal,rare,1,82845,0bd31ce9-9551-4efe-8bd2-b97d8efbf75e,0.27,false,false,near_mint,fr,EUR
Lord of the Rings,binder,"Éowyn, Fearless Knight",LTR,The Lord of the Rings: Tales of Middle-earth,201,normal,rare,1,83391,adffb389-c9a3-41c4-b078-292a2bcf870d,0.34,false,false,near_mint,fr,EUR
Kamigawa Dynastie Neon,binder,Spirit,TNEO,Kamigawa: Neon Dynasty Tokens,2,normal,common,2,67123,ca20548f-6324-4858-adbe-87303ff1ca52,0.14,false,false,near_mint,fr,EUR
Kamigawa Dynastie Neon,binder,Samurai,TNEO,Kamigawa: Neon Dynasty Tokens,3,normal,common,5,67130,f68e5337-6e44-4f8f-a102-2f97b433beea,0.11,false,false,near_mint,fr,EUR
Kamigawa Dynastie Neon,binder,Human Monk,TNEO,Kamigawa: Neon Dynasty Tokens,10,normal,common,1,67116,86dd086e-c757-4a6a-8838-51860f2095f8,0.14,false,false,near_mint,fr,EUR
Kamigawa Dynastie Neon,binder,Ninja,TNEO,Kamigawa: Neon Dynasty Tokens,4,normal,common,1,67106,14eb629e-f09f-4deb-b434-7615a3010a4d,2.27,false,false,near_mint,fr,EUR
Kamigawa Dynastie Neon,binder,Pilot,TNEO,Kamigawa: Neon Dynasty Tokens,1,normal,common,3,67121,be84f259-2809-48c9-9c70-861437f08c23,0.23,false,false,near_mint,fr,EUR
Kamigawa Dynastie Neon,binder,Construct,TNEO,Kamigawa: Neon Dynasty Tokens,6,normal,common,2,67124,cbafdfc0-380a-482b-b5f8-a7a00ecf8da6,0.05,false,false,near_mint,fr,EUR
Kamigawa Dynastie Neon,binder,Treasure,TNEO,Kamigawa: Neon Dynasty Tokens,17,normal,common,4,67113,6911181d-573b-41eb-96a4-799c96e008fc,0.11,false,false,near_mint,fr,EUR
Kamigawa Dynastie Neon,binder,Spirit,TNEO,Kamigawa: Neon Dynasty Tokens,9,normal,common,2,67122,c20e427c-efa5-476c-aa33-e3149648d207,0.19,false,false,near_mint,fr,EUR
Kamigawa Dynastie Neon,binder,Goblin Shaman,TNEO,Kamigawa: Neon Dynasty Tokens,8,normal,common,1,67103,0d9461c3-f545-4efb-926e-759961db0495,4.69,false,false,near_mint,fr,EUR
Kamigawa Dynastie Neon,binder,Spirit,TNEO,Kamigawa: Neon Dynasty Tokens,12,normal,common,1,67125,d237377d-b79b-4f27-a142-e2c1756e0d94,0.0,false,false,near_mint,fr,EUR
Kamigawa Dynastie Neon,binder,Construct,TNEO,Kamigawa: Neon Dynasty Tokens,15,normal,common,3,67107,2770f887-7e96-44d1-864a-8c0504a39785,0.16,false,false,near_mint,fr,EUR
Kamigawa Dynastie Neon,binder,Master's Rebuke,NEO,Kamigawa: Neon Dynasty,202,normal,common,3,66891,7d42ca7c-5b36-45a9-b235-4f90e66f4377,0.06,false,false,near_mint,fr,EUR
Kamigawa Dynastie Neon,binder,Ironhoof Boar,NEO,Kamigawa: Neon Dynasty,148,normal,common,4,66887,73abe574-6fb8-4809-9c18-0cf989f986f5,0.08,false,false,near_mint,fr,EUR
Kamigawa Dynastie Neon,binder,Kami of Transience,NEO,Kamigawa: Neon Dynasty,197,normal,rare,1,66736,7d038a59-e589-45f4-b5ef-6d2f9875d560,0.34,false,false,near_mint,fr,EUR
Kamigawa Dynastie Neon,binder,Mountain,NEO,Kamigawa: Neon Dynasty,299,normal,common,1,66485,03cd5953-37fc-4a8a-89f8-0b5dd8412dc9,1.8,false,false,near_mint,fr,EUR
Kamigawa Dynastie Neon,binder,Greater Tanuki,DSC,Duskmourn: House of Horror Commander,181,normal,common,1,99184,65a193bb-22f3-4732-93cd-877cd8c8417c,0.19,false,false,near_mint,fr,EUR
Kamigawa Dynastie Neon,binder,Disruption Protocol,NEO,Kamigawa: Neon Dynasty,51,normal,common,4,66631,053ab598-06a4-43ae-b9fd-c291bd05642c,0.09,false,false,near_mint,fr,EUR
Kamigawa Dynastie Neon,binder,The Modern Age // Vector Glider,NEO,Kamigawa: Neon Dynasty,66,normal,common,4,66475,ee60a8e9-3201-4a7e-8aa4-2c5e1042c8a5,0.15,false,false,near_mint,fr,EUR
Kamigawa Dynastie Neon,binder,Reality Heist,NEO,Kamigawa: Neon Dynasty,75,normal,uncommon,2,66544,5bc954d7-322a-45b8-9e25-6e9a97fbde61,0.14,false,false,near_mint,fr,EUR
Kamigawa Dynastie Neon,binder,Kindled Fury,NEO,Kamigawa: Neon Dynasty,151,normal,common,4,66876,58c8bdce-73a3-4266-b3d6-61dbf4534ea3,0.03,false,false,near_mint,fr,EUR
Kamigawa Dynastie Neon,binder,Surgehacker Mech,NEO,Kamigawa: Neon Dynasty,260,normal,rare,1,66353,3c4bf679-01cc-4786-a3bd-89c8ae70fdfa,0.11,false,false,near_mint,fr,EUR
Kamigawa Dynastie Neon,binder,Futurist Sentinel,NEO,Kamigawa: Neon Dynasty,54,normal,common,3,66746,8672f626-3e46-447b-841f-6a04cd380653,0.03,false,false,near_mint,fr,EUR
Kamigawa Dynastie Neon,binder,Patchwork Automaton,NEO,Kamigawa: Neon Dynasty,254,foil,uncommon,1,66734,7a4e1580-dd26-4f4b-ac98-3e6fa7b879d5,1.3,false,false,near_mint,fr,EUR
Kamigawa Dynastie Neon,binder,Moonfolk Puzzlemaker,NEO,Kamigawa: Neon Dynasty,68,normal,common,3,66802,c9fa6d4c-78dc-4b40-9ce8-a0e593d4001f,0.06,false,false,near_mint,fr,EUR
Kamigawa Dynastie Neon,binder,Okiba Reckoner Raid // Nezumi Road Captain,NEO,Kamigawa: Neon Dynasty,117,normal,common,3,66534,4f0582b4-d951-4450-b158-4a34109e48cd,0.08,false,false,near_mint,fr,EUR
Kamigawa Dynastie Neon,binder,Malicious Malfunction,NEO,Kamigawa: Neon Dynasty,110,normal,uncommon,1,66371,56e7415f-f014-4ece-81db-d8271444d9e9,0.07,false,false,near_mint,fr,EUR
Kamigawa Dynastie Neon,binder,Gravelighter,NEO,Kamigawa: Neon Dynasty,98,normal,uncommon,1,66703,532c5b14-75cf-4e4c-9b80-2d56a86e2844,0.13,false,false,near_mint,fr,EUR
Kamigawa Dynastie Neon,binder,Dokuchi Shadow-Walker,NEO,Kamigawa: Neon Dynasty,339,normal,common,1,66382,6d35bcc7-2280-4061-9a6c-e67038cfb114,0.07,false,false,near_mint,fr,EUR
Kamigawa Dynastie Neon,binder,Dokuchi Shadow-Walker,NEO,Kamigawa: Neon Dynasty,94,normal,common,3,66399,81496a81-c986-4749-a28c-45341764e28f,0.04,false,false,near_mint,fr,EUR
Kamigawa Dynastie Neon,binder,"Tatsunari, Toad Rider",NEO,Kamigawa: Neon Dynasty,123,normal,rare,1,66433,abf42833-43d0-4b05-b499-d13b2c577ee8,0.22,false,false,near_mint,fr,EUR
Kamigawa Dynastie Neon,binder,Inkrise Infiltrator,NEO,Kamigawa: Neon Dynasty,341,normal,common,1,66625,f66aaba3-4a28-4fcf-926a-34bbbf0dbeb4,0.02,false,false,near_mint,fr,EUR
Kamigawa Dynastie Neon,binder,Heir of the Ancient Fang,NEO,Kamigawa: Neon Dynasty,191,normal,common,2,66611,d45daa56-6ad8-4df7-9d81-3193fd32e574,0.05,false,false,near_mint,fr,EUR
Kamigawa Dynastie Neon,binder,Debt to the Kami,NEO,Kamigawa: Neon Dynasty,92,normal,common,4,66908,c1a7e728-ba01-4e3d-b269-9e2dd85a1d1b,0.12,false,false,near_mint,fr,EUR
Kamigawa Dynastie Neon,binder,Coiling Stalker,NEO,Kamigawa: Neon Dynasty,179,normal,common,3,66549,6eba24f6-8a9c-4398-b2ab-3924b107c7b7,0.08,false,false,near_mint,fr,EUR
Kamigawa Dynastie Neon,binder,Patchwork Automaton,NEO,Kamigawa: Neon Dynasty,254,normal,uncommon,2,66734,7a4e1580-dd26-4f4b-ac98-3e6fa7b879d5,0.51,false,false,near_mint,fr,EUR
Kamigawa Dynastie Neon,binder,Searchlight Companion,NEO,Kamigawa: Neon Dynasty,258,normal,common,4,66850,0b79b30e-e7aa-490e-b130-de7533e6e13b,0.06,false,false,near_mint,fr,EUR
Kamigawa Dynastie Neon,binder,Nezumi Bladeblesser,NEO,Kamigawa: Neon Dynasty,115,normal,common,3,66580,9a03d3f5-b32b-4814-b485-25f24e51609c,0.04,false,false,near_mint,fr,EUR
Kamigawa Dynastie Neon,binder,Virus Beetle,NEO,Kamigawa: Neon Dynasty,128,normal,common,3,66871,488ee202-0d28-4cc0-8a7d-644d9878e952,0.15,false,false,near_mint,fr,EUR
Kamigawa Dynastie Neon,binder,Inkrise Infiltrator,NEO,Kamigawa: Neon Dynasty,100,normal,common,3,66606,cbb6e447-5f40-4039-8a17-257b4a55382c,0.1,false,false,near_mint,fr,EUR
Kamigawa Dynastie Neon,binder,Boon of Boseiju,NEO,Kamigawa: Neon Dynasty,176,normal,uncommon,2,66633,06771591-0480-4232-bc67-216b2e0fe738,0.08,false,false,near_mint,fr,EUR
Kamigawa Dynastie Neon,binder,Spinning Wheel Kick,NEO,Kamigawa: Neon Dynasty,207,normal,uncommon,2,66545,5f36ddd7-82c1-45ef-a966-ae2a34c540e1,0.11,false,false,near_mint,fr,EUR
Kamigawa Dynastie Neon,binder,Spring-Leaf Avenger,NEO,Kamigawa: Neon Dynasty,208,normal,rare,1,66888,74b1ba9c-ee62-461f-8422-f791274e2f1c,0.17,false,false,near_mint,fr,EUR
Kamigawa Dynastie Neon,binder,Webspinner Cuff,NEO,Kamigawa: Neon Dynasty,214,normal,uncommon,2,66830,e73cc6a7-0a18-488c-b52a-787da95a2e6b,0.16,false,false,near_mint,fr,EUR
Kamigawa Dynastie Neon,binder,Gift of Wrath,NEO,Kamigawa: Neon Dynasty,143,normal,common,3,66868,3c33f6d9-be29-4698-96f9-d393a2c8ad68,0.06,false,false,near_mint,fr,EUR
Kamigawa Dynastie Neon,binder,Akki War Paint,NEO,Kamigawa: Neon Dynasty,132,normal,common,3,66478,f110698e-a343-4eff-ba23-ed7ac5a3f87b,0.12,false,false,near_mint,fr,EUR
Kamigawa Dynastie Neon,binder,Thirst for Knowledge,NEO,Kamigawa: Neon Dynasty,85,normal,uncommon,1,66723,6b927837-8252-4ea7-b2d0-ab624de65bd7,0.07,false,false,near_mint,fr,EUR
Kamigawa Dynastie Neon,binder,Moonsnare Prototype,NEO,Kamigawa: Neon Dynasty,69,normal,common,3,66423,9d8bc0e9-a536-4bca-92a6-8dca85e1e984,0.14,false,false,near_mint,fr,EUR
Kamigawa Dynastie Neon,binder,Awakened Awareness,NEO,Kamigawa: Neon Dynasty,47,normal,uncommon,1,66537,51378e10-2f17-445b-97e9-5c373234ba52,0.05,false,false,near_mint,fr,EUR
Kamigawa Dynastie Neon,binder,Guardians of Oboro,NEO,Kamigawa: Neon Dynasty,56,normal,common,2,66618,e9c44d4e-742f-4e4f-9bf4-921075bc427c,0.04,false,false,near_mint,fr,EUR
Kamigawa Dynastie Neon,binder,Guardians of Oboro,NEO,Kamigawa: Neon Dynasty,317,normal,common,1,66578,95dbd59e-a2f0-4031-b6c6-1b59fb7cb067,0.05,false,false,near_mint,fr,EUR
Kamigawa Dynastie Neon,binder,Covert Technician,NEO,Kamigawa: Neon Dynasty,49,normal,uncommon,1,66464,dbae9991-43a2-4afb-a882-fff6b0d89d12,0.11,false,false,near_mint,fr,EUR
Kamigawa Dynastie Neon,binder,Towashi Songshaper,NEO,Kamigawa: Neon Dynasty,167,normal,common,3,66928,f7ff9be1-765f-4001-a0ac-39c8099924eb,0.05,false,false,near_mint,fr,EUR
Kamigawa Dynastie Neon,binder,Unstoppable Ogre,NEO,Kamigawa: Neon Dynasty,169,normal,common,3,66385,719f20d9-2baa-49b3-8c6a-89f21a07d538,0.04,false,false,near_mint,fr,EUR
Kamigawa Dynastie Neon,binder,Twinshot Sniper,NEO,Kamigawa: Neon Dynasty,168,normal,uncommon,1,66322,08a86009-4637-4b6c-9d36-367151583668,0.24,false,false,near_mint,fr,EUR
Kamigawa Dynastie Neon,binder,Bronzeplate Boar,NEO,Kamigawa: Neon Dynasty,135,normal,uncommon,1,66398,7c8f5da8-13a8-4b39-8ddc-7661892924af,0.1,false,false,near_mint,fr,EUR
Kamigawa Dynastie Neon,binder,"Atsushi, the Blazing Sky",NEO,Kamigawa: Neon Dynasty,134,normal,mythic,1,66387,73b64c17-8a52-4d9d-a28b-7e0e945be059,5.14,false,false,near_mint,fr,EUR
Kamigawa Dynastie Neon,binder,Peerless Samurai,NEO,Kamigawa: Neon Dynasty,156,normal,common,2,66616,e5b2176d-8925-4474-9d3e-1c97192715fb,0.03,false,false,near_mint,fr,EUR
Kamigawa Dynastie Neon,binder,The Fall of Lord Konda // Fragment of Konda,NEO,Kamigawa: Neon Dynasty,12,normal,uncommon,2,66532,4d784409-df6d-45d4-8f8b-6e3fd57a8fde,0.02,false,false,near_mint,fr,EUR
Kamigawa Dynastie Neon,binder,Spirited Companion,BLC,Bloomburrow Commander,155,normal,common,1,96423,ada3dc9c-2f83-4f52-8776-ef23d45cc4eb,0.15,false,false,near_mint,fr,EUR
Kamigawa Dynastie Neon,binder,Blade-Blizzard Kitsune,NEO,Kamigawa: Neon Dynasty,331,normal,uncommon,1,66704,53d244d4-c2c4-4032-b249-794556d79429,0.07,false,false,near_mint,fr,EUR
Kamigawa Dynastie Neon,binder,"Tamiyo, Compleated Sage",NEO,Kamigawa: Neon Dynasty,238,normal,mythic,1,66334,222a736e-d819-452d-aeda-eb848c4b2302,0.78,false,false,near_mint,fr,EUR
Kamigawa Dynastie Neon,binder,Imperial Subduer,NEO,Kamigawa: Neon Dynasty,19,normal,common,2,66327,13246172-7554-4edc-b6db-23dc91e4290a,0.03,false,false,near_mint,fr,EUR
Kamigawa Dynastie Neon,binder,Mothrider Patrol,NEO,Kamigawa: Neon Dynasty,30,normal,common,3,66845,f657f2dc-adc8-4a66-b081-a71b3a127389,0.08,false,false,near_mint,fr,EUR
Kamigawa Dynastie Neon,binder,Futurist Operative,NEO,Kamigawa: Neon Dynasty,53,normal,uncommon,2,66450,c5858176-9f85-403c-8338-48eb55db5c3d,0.14,false,false,near_mint,fr,EUR
Kamigawa Dynastie Neon,binder,Armguard Familiar,NEO,Kamigawa: Neon Dynasty,46,normal,common,3,66388,7497f147-146d-4a76-b670-bd84e07352b3,0.04,false,false,near_mint,fr,EUR
Kamigawa Dynastie Neon,binder,Explosive Entry,NEO,Kamigawa: Neon Dynasty,139,normal,common,3,66890,7ba639ff-fe82-4ac3-9fb4-eac168bef053,0.13,false,false,near_mint,fr,EUR
Kamigawa Dynastie Neon,binder,Spirit,TNEO,Kamigawa: Neon Dynasty Tokens,11,normal,common,1,67105,0f48aaab-dd6e-4bcc-a8fb-d31dd4a098ba,0.0,false,false,near_mint,fr,EUR
Kamigawa Dynastie Neon,binder,Acquisition Octopus,NEO,Kamigawa: Neon Dynasty,44,normal,uncommon,1,66750,8e971a72-31db-4b7e-b9b9-9f45e8c3f87e,0.05,false,false,near_mint,fr,EUR
Kamigawa Dynastie Neon,binder,Azusa's Many Journeys // Likeness of the Seeker,NEO,Kamigawa: Neon Dynasty,172,normal,uncommon,1,66470,e8a51d2a-1582-4bad-995c-e7fe9f810149,0.09,false,false,near_mint,fr,EUR
Kamigawa Dynastie Neon,binder,Blossom Prancer,NEO,Kamigawa: Neon Dynasty,175,normal,uncommon,2,66808,d26abdf2-efd7-40e5-bfc6-d75fcadd26f8,0.08,false,false,near_mint,fr,EUR
Kamigawa Dynastie Neon,binder,Discover the Impossible,NEO,Kamigawa: Neon Dynasty,50,foil,uncommon,1,66568,8c201117-9850-4e92-9ecc-e4d71a70a959,0.15,false,false,near_mint,fr,EUR
Kamigawa Dynastie Neon,binder,Historian's Wisdom,NEO,Kamigawa: Neon Dynasty,192,normal,uncommon,1,66574,941f91bb-f5a3-4cca-85b5-b610502460bb,0.08,false,false,near_mint,fr,EUR
Kamigawa Dynastie Neon,binder,Invoke the Ancients,NEO,Kamigawa: Neon Dynasty,193,normal,rare,1,66786,b5c02102-3be7-462f-ab9c-ff404255002d,0.11,false,false,near_mint,fr,EUR
Kamigawa Dynastie Neon,binder,Invoke the Winds,NEO,Kamigawa: Neon Dynasty,370,normal,rare,1,66515,307380fe-7484-4513-8180-f10411ea7726,0.32,false,false,near_mint,fr,EUR
Kamigawa Dynastie Neon,binder,"Jin-Gitaxias, Progress Tyrant",NEO,Kamigawa: Neon Dynasty,59,normal,mythic,2,66449,c57b4876-5387-4f73-b8e2-8e7bdca8b0bc,6.82,false,false,near_mint,fr,EUR
Kamigawa Dynastie Neon,binder,"Kairi, the Swirling Sky",NEO,Kamigawa: Neon Dynasty,60,normal,mythic,1,66438,af7979d8-21f3-40ba-8a2e-7ebad210e48b,0.91,false,false,near_mint,fr,EUR
Kamigawa Dynastie Neon,binder,Orochi Merge-Keeper,NEO,Kamigawa: Neon Dynasty,203,normal,uncommon,2,66729,736c3278-6ee2-47f9-aab0-1457e90137b1,0.14,false,false,near_mint,fr,EUR
Kamigawa Dynastie Neon,binder,Roaring Earth,NEO,Kamigawa: Neon Dynasty,204,normal,uncommon,1,66749,8cbdd88e-c532-4fc0-a1fe-8aa0c26d1092,0.14,false,false,near_mint,fr,EUR
Kamigawa Dynastie Neon,binder,Thornwood Falls,NEO,Kamigawa: Neon Dynasty,279,normal,common,1,66916,d5af3569-3e66-4a50-aca0-c17c799dca28,0.07,false,false,near_mint,fr,EUR
Kamigawa Dynastie Neon,binder,Circuit Mender,NEO,Kamigawa: Neon Dynasty,242,normal,uncommon,1,66615,defaeb68-3f8a-4740-b13f-8c71c7e9c8b4,0.15,false,false,near_mint,fr,EUR
Kamigawa Dynastie Neon,binder,Containment Construct,NEO,Kamigawa: Neon Dynasty,243,normal,uncommon,1,66701,520e5505-429b-4da0-b25e-14b8d4e81ce3,0.46,false,false,near_mint,fr,EUR
Kamigawa Dynastie Neon,binder,Debt to the Kami,NEO,Kamigawa: Neon Dynasty,92,foil,common,1,66908,c1a7e728-ba01-4e3d-b269-9e2dd85a1d1b,0.23,false,false,near_mint,fr,EUR
Kamigawa Dynastie Neon,binder,Dragonspark Reactor,NEO,Kamigawa: Neon Dynasty,137,normal,uncommon,1,66715,5cf531dd-0a93-43e3-880b-f705fa5f533d,0.12,false,false,near_mint,fr,EUR
Kamigawa Dynastie Neon,binder,Enthusiastic Mechanaut,NEO,Kamigawa: Neon Dynasty,218,normal,uncommon,2,66434,ac00521f-1b7d-478d-afe8-6761ea512d8d,0.25,false,false,near_mint,fr,EUR
Kamigawa Dynastie Neon,binder,Go-Shintai of Ancient Wars,NEO,Kamigawa: Neon Dynasty,144,normal,uncommon,1,66543,5b915e8d-b972-4ae1-a1c3-74d6623963c8,0.12,false,false,near_mint,fr,EUR
Kamigawa Dynastie Neon,binder,Go-Shintai of Boundless Vigor,NEO,Kamigawa: Neon Dynasty,187,normal,uncommon,1,66722,691016a1-8630-423c-9a57-061593d170fd,0.17,false,false,near_mint,fr,EUR
Kamigawa Dynastie Neon,binder,Go-Shintai of Hidden Cruelty,NEO,Kamigawa: Neon Dynasty,97,normal,uncommon,1,66526,45e1ff1e-916b-4455-84cb-4125a79d76de,0.12,false,false,near_mint,fr,EUR
Kamigawa Dynastie Neon,binder,Go-Shintai of Lost Wisdom,NEO,Kamigawa: Neon Dynasty,55,normal,uncommon,1,66739,7ec1192c-25b8-4975-ae6c-86be28ac1840,0.12,false,false,near_mint,fr,EUR
Kamigawa Dynastie Neon,binder,Go-Shintai of Shared Purpose,NEO,Kamigawa: Neon Dynasty,14,normal,uncommon,1,66323,0ab91962-ebad-46f6-9f90-7477c224d93d,0.11,false,false,near_mint,fr,EUR
Kamigawa Dynastie Neon,binder,"Hinata, Dawn-Crowned",NEO,Kamigawa: Neon Dynasty,222,normal,rare,1,66623,f25aff90-56fd-4f70-bb3b-cabf2900c391,0.24,false,false,near_mint,fr,EUR
Kamigawa Dynastie Neon,binder,"Isshin, Two Heavens as One",NEO,Kamigawa: Neon Dynasty,224,normal,rare,1,66767,a062a004-984e-4b62-960c-af7288f7a3e9,1.87,false,false,near_mint,fr,EUR
Kamigawa Dynastie Neon,binder,"Otawara, Soaring City",NEO,Kamigawa: Neon Dynasty,271,normal,rare,1,66528,486d7edc-d983-41f0-8b78-c99aecd72996,17.87,false,false,near_mint,fr,EUR
Kamigawa Dynastie Neon,binder,Plains,NEO,Kamigawa: Neon Dynasty,294,normal,common,1,66488,7a76d8ee-28fc-49ac-951c-a4d29822f91e,1.06,false,false,near_mint,fr,EUR
Kamigawa Dynastie Neon,binder,Secluded Courtyard,NEO,Kamigawa: Neon Dynasty,275,normal,uncommon,2,66321,0539b1a5-8704-476f-ba1f-2fe01190e157,0.43,false,false,near_mint,fr,EUR
Kamigawa Dynastie Neon,binder,Shrine Steward,NEO,Kamigawa: Neon Dynasty,259,normal,common,3,66889,75e8d71c-3a0b-4042-a0f7-e99e92a79dc2,0.06,false,false,near_mint,fr,EUR
Kamigawa Dynastie Neon,binder,"Sokenzan, Crucible of Defiance",NEO,Kamigawa: Neon Dynasty,415,normal,rare,1,66346,327333cc-2cc9-44ba-a0e6-d01329c416a3,4.7,false,false,near_mint,fr,EUR
Kamigawa Dynastie Neon,binder,Swamp,NEO,Kamigawa: Neon Dynasty,298,normal,common,1,66486,57ef531e-2a8f-4d40-b509-92e3a86b2257,2.52,false,false,near_mint,fr,EUR
Kamigawa Dynastie Neon,binder,Swamp,NEO,Kamigawa: Neon Dynasty,288,foil,common,1,66626,fdfebc79-5d84-4ce5-8bff-d09fe333f4a3,0.46,false,false,near_mint,fr,EUR
Kamigawa Dynastie Neon,binder,Swiftwater Cliffs,NEO,Kamigawa: Neon Dynasty,277,normal,common,1,66926,ea6c2670-e6fd-40d6-afe0-7d3c4db96a4d,0.07,false,false,near_mint,fr,EUR
Kamigawa Dynastie Neon,binder,"Tatsunari, Toad Rider",NEO,Kamigawa: Neon Dynasty,345,foil,rare,1,66429,a89b3345-d09c-46ec-b450-f52fbcac5233,1.97,false,false,near_mint,fr,EUR
Kamigawa Dynastie Neon,binder,Towashi Guide-Bot,NEO,Kamigawa: Neon Dynasty,262,normal,uncommon,1,66818,da4ccf70-b661-46ea-bea9-4466a3a35562,0.14,false,false,near_mint,fr,EUR
Kamigawa Dynastie Neon,binder,Befriending the Moths // Imperial Moth,NEO,Kamigawa: Neon Dynasty,4,foil,common,1,66406,8ad44884-ae0d-40ae-87a9-bad043d4e9ad,0.11,false,false,near_mint,fr,EUR
Kamigawa Dynastie Neon,binder,Blossoming Sands,NEO,Kamigawa: Neon Dynasty,265,normal,common,1,66914,d290ec6b-15a6-49e8-abd2-b8c4d0f556eb,0.04,false,false,near_mint,fr,EUR
Kamigawa Dynastie Neon,binder,Fang of Shigeki,NEO,Kamigawa: Neon Dynasty,347,normal,common,1,66576,94c8e2d5-2706-4137-bfdc-d65f1cd33bda,0.15,false,false,near_mint,fr,EUR
Kamigawa Dynastie Neon,binder,Farewell,NEO,Kamigawa: Neon Dynasty,365,normal,rare,1,66762,98c664bc-9585-47a7-9514-b3e30a4e1b59,7.89,false,false,near_mint,fr,EUR
Kamigawa Dynastie Neon,binder,Generous Visitor,NEO,Kamigawa: Neon Dynasty,185,normal,uncommon,1,66609,d1066ccd-a932-4d05-98da-11ae4675364e,0.17,false,false,near_mint,fr,EUR
Kamigawa Dynastie Neon,binder,Jukai Naturalist,NEO,Kamigawa: Neon Dynasty,225,normal,uncommon,1,66369,5366900b-2abf-4e5c-8507-f51aca9c7ce8,0.21,false,false,near_mint,fr,EUR
Kamigawa Dynastie Neon,binder,"Light-Paws, Emperor's Voice",NEO,Kamigawa: Neon Dynasty,25,normal,rare,1,66521,39555a72-a57b-45ee-9222-ce3b9e8de126,1.14,false,false,near_mint,fr,EUR
Kamigawa Dynastie Neon,binder,"Norika Yamazaki, the Poet",NEO,Kamigawa: Neon Dynasty,31,normal,uncommon,1,66500,09cb553c-58c1-4cfd-b441-297b5f09b263,0.06,false,false,near_mint,fr,EUR
Kamigawa Dynastie Neon,binder,"Satsuki, the Living Lore",NEO,Kamigawa: Neon Dynasty,399,foil,rare,1,66585,a0dd5813-8c6e-4fa3-b11d-e13f14ce8c4e,2.08,false,false,near_mint,fr,EUR
Kamigawa Dynastie Neon,binder,Sky-Blessed Samurai,NEO,Kamigawa: Neon Dynasty,314,foil,uncommon,1,66573,91d6a843-a1b7-4862-a2bf-8f8f66788126,0.2,false,false,near_mint,fr,EUR
Kamigawa Dynastie Neon,binder,Spirited Companion,NEO,Kamigawa: Neon Dynasty,38,normal,common,2,66375,5aa91a9e-2fe2-43bc-aa9c-cfb8a71829ff,0.26,false,false,near_mint,fr,EUR
Kamigawa Dynastie Neon,binder,Spring-Leaf Avenger,NEO,Kamigawa: Neon Dynasty,349,foil,rare,1,66731,77a144bb-df52-4d55-aecc-8c2ba644a942,0.58,false,false,near_mint,fr,EUR
Kamigawa Dynastie Neon,binder,Spring-Leaf Avenger,NEO,Kamigawa: Neon Dynasty,208,foil,rare,1,66888,74b1ba9c-ee62-461f-8422-f791274e2f1c,0.31,false,false,near_mint,fr,EUR
Kamigawa Dynastie Neon,binder,The Restoration of Eiganjo // Architect of Restoration,NEO,Kamigawa: Neon Dynasty,34,normal,rare,1,66586,a11a33ae-e7fa-4bd4-8cd8-3a3239a29bcc,0.6,false,false,near_mint,fr,EUR
Kamigawa Dynastie Neon,binder,Touch the Spirit Realm,NEO,Kamigawa: Neon Dynasty,40,normal,uncommon,1,66823,e16ab44e-4257-4c0c-b705-8ac1e9c1d835,0.72,false,false,near_mint,fr,EUR
Kamigawa Dynastie Neon,binder,Weaver of Harmony,NEO,Kamigawa: Neon Dynasty,395,normal,rare,1,66560,7e8c4b17-a804-4340-bb7e-5cd3183ecbef,1.39,false,false,near_mint,fr,EUR
Kamigawa Dynastie Neon,binder,Banishing Slash,NEO,Kamigawa: Neon Dynasty,3,normal,uncommon,1,66467,e4b8946b-6604-49ca-98db-18a540b1b4e5,0.07,false,false,near_mint,fr,EUR
Kamigawa Dynastie Neon,binder,Blade of the Oni,NEO,Kamigawa: Neon Dynasty,89,normal,mythic,1,66788,b6bc3f71-b4ce-4c05-be3c-7a0faad476c3,0.96,false,false,near_mint,fr,EUR
Kamigawa Dynastie Neon,binder,Brilliant Restoration,NEO,Kamigawa: Neon Dynasty,7,normal,rare,2,66547,64f7a506-0aa1-4c2d-b322-e0e9179d05fb,0.64,false,false,near_mint,fr,EUR
Kamigawa Dynastie Neon,binder,Enormous Energy Blade,NEO,Kamigawa: Neon Dynasty,96,normal,uncommon,2,66579,991370bd-a96a-4ed0-bdf9-f03b98191abf,0.03,false,false,near_mint,fr,EUR
Kamigawa Dynastie Neon,binder,"Greasefang, Okiba Boss",NEO,Kamigawa: Neon Dynasty,220,normal,rare,2,66711,56a0d43b-4d38-40a7-be6c-8324ab3bf773,0.27,false,false,near_mint,fr,EUR
Kamigawa Dynastie Neon,binder,"Greasefang, Okiba Boss",NEO,Kamigawa: Neon Dynasty,397,normal,rare,1,66754,9455cb27-89d3-4bb1-8af8-08c7712c2915,0.63,false,false,near_mint,fr,EUR
Kamigawa Dynastie Neon,binder,Lion Sash,NEO,Kamigawa: Neon Dynasty,26,normal,rare,1,66354,3e1766e9-2fa7-4446-a255-7beea1467ece,1.28,false,false,near_mint,fr,EUR
Kamigawa Dynastie Neon,binder,"Naomi, Pillar of Order",NEO,Kamigawa: Neon Dynasty,229,normal,uncommon,2,66357,4400fd66-1a24-47fb-bc94-37e0aae0e610,0.04,false,false,near_mint,fr,EUR
Kamigawa Dynastie Neon,binder,Nezumi Bladeblesser,NEO,Kamigawa: Neon Dynasty,318,normal,common,1,66517,317bdf0d-df7d-4ca2-8131-060ba7cf2602,0.06,false,false,near_mint,fr,EUR
Kamigawa Dynastie Neon,binder,Nezumi Bladeblesser,NEO,Kamigawa: Neon Dynasty,318,foil,common,1,66517,317bdf0d-df7d-4ca2-8131-060ba7cf2602,0.16,false,false,near_mint,fr,EUR
Kamigawa Dynastie Neon,binder,Soul Transfer,NEO,Kamigawa: Neon Dynasty,122,normal,rare,1,66506,1e5aba90-c8c7-4f06-b7b3-1b4758d2791a,0.18,false,false,near_mint,fr,EUR
Kamigawa Dynastie Neon,binder,When We Were Young,NEO,Kamigawa: Neon Dynasty,43,normal,uncommon,1,66725,6db14cb8-9ff8-41ee-a733-4f1130e73b29,0.04,false,false,near_mint,fr,EUR
Kamigawa Dynastie Neon,binder,Bloodfell Caves,NEO,Kamigawa: Neon Dynasty,264,normal,common,1,66906,ba06fcda-7ab8-48d4-8656-2a911e73dc44,0.12,false,false,near_mint,fr,EUR
Kamigawa Dynastie Neon,binder,Bloodfell Caves,DSC,Duskmourn: House of Horror Commander,264,normal,common,1,99132,47746248-1a8f-4123-a0d9-6cb61f4b394f,0.23,false,false,near_mint,fr,EUR
Kamigawa Dynastie Neon,binder,Dockside Chef,NEO,Kamigawa: Neon Dynasty,93,normal,uncommon,1,66814,d80100c3-c81e-4084-8dfe-f8610637fd91,0.17,false,false,near_mint,fr,EUR
Kamigawa Dynastie Neon,binder,Gloomshrieker,NEO,Kamigawa: Neon Dynasty,219,normal,uncommon,1,66424,a2b50751-7f65-4321-86da-eef735bf8b67,0.13,false,false,near_mint,fr,EUR
Kamigawa Dynastie Neon,binder,"Heiko Yamazaki, the General",NEO,Kamigawa: Neon Dynasty,146,normal,uncommon,1,66584,9ea5e61c-d903-410b-9acf-96a917ce05cc,0.09,false,false,near_mint,fr,EUR
Kamigawa Dynastie Neon,binder,Hidetsugu Consumes All // Vessel of the All-Consuming,NEO,Kamigawa: Neon Dynasty,361,normal,mythic,1,66566,887e6d1e-cb53-4964-ba0b-c15dffa5eb32,2.51,false,false,near_mint,fr,EUR
Kamigawa Dynastie Neon,binder,Kappa Tech-Wrecker,NEO,Kamigawa: Neon Dynasty,348,normal,uncommon,1,66442,b9017ff4-d63f-4dd2-9157-c93fe4866bef,0.08,false,false,near_mint,fr,EUR
Kamigawa Dynastie Neon,binder,Mukotai Soulripper,NEO,Kamigawa: Neon Dynasty,113,normal,rare,1,66644,166775be-c3b7-4a17-9376-aa4229b147f9,0.14,false,false,near_mint,fr,EUR
Kamigawa Dynastie Neon,binder,Okiba Salvage,NEO,Kamigawa: Neon Dynasty,118,normal,uncommon,1,66817,d9e4485d-c208-46b4-9b5d-48e55e2ee182,0.08,false,false,near_mint,fr,EUR
Kamigawa Dynastie Neon,binder,Oni-Cult Anvil,NEO,Kamigawa: Neon Dynasty,230,normal,uncommon,2,66601,c84db1e2-855c-4169-a9cc-a54c73c14e0c,0.14,false,false,near_mint,fr,EUR
Kamigawa Dynastie Neon,binder,Reinforced Ronin,NEO,Kamigawa: Neon Dynasty,158,normal,uncommon,1,66747,89a18961-8f0b-4e98-9de4-aba97e91ad9a,0.15,false,false,near_mint,fr,EUR
Kamigawa Dynastie Neon,binder,Runaway Trash-Bot,NEO,Kamigawa: Neon Dynasty,257,normal,uncommon,1,66355,3eebf6a6-f1fd-40a1-ac27-367deafa6f2a,0.07,false,false,near_mint,fr,EUR
Kamigawa Dynastie Neon,binder,Scrap Welder,NEO,Kamigawa: Neon Dynasty,159,foil,rare,1,66328,14057067-2325-4229-8580-d9a6397ae343,0.49,false,false,near_mint,fr,EUR
Kamigawa Dynastie Neon,binder,Sokenzan Smelter,NEO,Kamigawa: Neon Dynasty,164,normal,uncommon,1,66392,758724f9-93c9-4178-ae40-3fefc75a010e,0.07,false,false,near_mint,fr,EUR
Kamigawa Dynastie Neon,binder,Swamp,NEO,Kamigawa: Neon Dynasty,287,normal,common,2,66529,48f7492c-67f2-4ba3-848b-7a6a8df7e88b,0.22,false,false,near_mint,fr,EUR
Kamigawa Dynastie Neon,binder,Swamp,NEO,Kamigawa: Neon Dynasty,288,normal,common,1,66626,fdfebc79-5d84-4ce5-8bff-d09fe333f4a3,0.37,false,false,near_mint,fr,EUR
Kamigawa Dynastie Neon,binder,Unforgiving One,NEO,Kamigawa: Neon Dynasty,127,normal,uncommon,1,66806,cfb20c08-a84a-4773-a90c-fb007b94644b,0.16,false,false,near_mint,fr,EUR
Kamigawa Dynastie Neon,binder,Covert Technician,NEO,Kamigawa: Neon Dynasty,332,foil,uncommon,1,66343,2f268152-304a-4db8-a3f9-dd9d0f3319a1,0.24,false,false,near_mint,fr,EUR
Kamigawa Dynastie Neon,binder,Dokuchi Silencer,NEO,Kamigawa: Neon Dynasty,95,normal,uncommon,1,66770,a24d5664-e214-466d-bb53-4e8f6f75a009,0.14,false,false,near_mint,fr,EUR
Kamigawa Dynastie Neon,binder,Dokuchi Silencer,NEO,Kamigawa: Neon Dynasty,340,normal,uncommon,1,66843,f5103a49-806f-48de-ba44-e252bb6dd035,0.12,false,false,near_mint,fr,EUR
Kamigawa Dynastie Neon,binder,Essence Capture,NEO,Kamigawa: Neon Dynasty,52,normal,uncommon,2,66624,f39bf1fa-b530-4353-a683-843466227109,0.05,false,false,near_mint,fr,EUR
Kamigawa Dynastie Neon,binder,Futurist Operative,NEO,Kamigawa: Neon Dynasty,333,foil,uncommon,1,66359,47bad5c1-5804-4fba-91d9-3a49951f6e06,0.21,false,false,near_mint,fr,EUR
Kamigawa Dynastie Neon,binder,Inkrise Infiltrator,NEO,Kamigawa: Neon Dynasty,100,foil,common,1,66606,cbb6e447-5f40-4039-8a17-257b4a55382c,0.16,false,false,near_mint,fr,EUR
Kamigawa Dynastie Neon,binder,Inkrise Infiltrator,NEO,Kamigawa: Neon Dynasty,341,foil,common,1,66625,f66aaba3-4a28-4fcf-926a-34bbbf0dbeb4,0.12,false,false,near_mint,fr,EUR
Kamigawa Dynastie Neon,binder,"Kotose, the Silent Spider",NEO,Kamigawa: Neon Dynasty,228,normal,rare,1,66669,314e97b5-cd43-4f5e-acdd-a107208e061c,0.13,false,false,near_mint,fr,EUR
Kamigawa Dynastie Neon,binder,Mukotai Ambusher,NEO,Kamigawa: Neon Dynasty,342,normal,common,1,66673,357594c7-a9a6-468d-b262-e5f7d5e35f54,0.08,false,false,near_mint,fr,EUR
Kamigawa Dynastie Neon,binder,Nezumi Prowler,NEO,Kamigawa: Neon Dynasty,116,normal,uncommon,1,66451,ca911e9a-bd04-4531-a81e-3485e9cbe89e,0.09,false,false,near_mint,fr,EUR
Kamigawa Dynastie Neon,binder,Prosperous Thief,NEO,Kamigawa: Neon Dynasty,336,foil,uncommon,1,66591,b1e666d9-d2ba-49a6-a2c7-cd2639bf4663,0.23,false,false,near_mint,fr,EUR
Kamigawa Dynastie Neon,binder,Prosperous Thief,NEO,Kamigawa: Neon Dynasty,73,normal,uncommon,1,66613,da3f683e-5a28-4ae7-b53b-851b957123ba,0.17,false,false,near_mint,fr,EUR
Kamigawa Dynastie Neon,binder,Silver-Fur Master,NEO,Kamigawa: Neon Dynasty,236,normal,uncommon,1,66452,cacc36d9-4c4b-43b2-a8b4-d265deb1e6b2,0.16,false,false,near_mint,fr,EUR
Kamigawa Dynastie Neon,binder,Thousand-Faced Shadow,NEO,Kamigawa: Neon Dynasty,86,normal,rare,1,66405,89a698a5-f4ac-4b04-96dc-32e1eeef6ac7,1.05,false,false,near_mint,fr,EUR
Kamigawa Dynastie Neon,binder,Tribute to Horobi // Echo of Death's Wail,NEO,Kamigawa: Neon Dynasty,124,normal,rare,1,66539,54613f38-ca91-4764-b1fe-60cd83707fb4,0.23,false,false,near_mint,fr,EUR
Kamigawa Dynastie Neon,binder,Coiling Stalker,NEO,Kamigawa: Neon Dynasty,346,normal,common,2,66563,8297592c-3036-434a-9dbb-5f0af804dd13,0.08,false,false,near_mint,fr,EUR
Kamigawa Dynastie Neon,binder,Flame Discharge,NEO,Kamigawa: Neon Dynasty,142,normal,uncommon,2,66640,0b44534f-d10c-4754-8585-5fe9db5fd4ea,0.05,false,false,near_mint,fr,EUR
Kamigawa Dynastie Neon,binder,Heir of the Ancient Fang,NEO,Kamigawa: Neon Dynasty,325,normal,common,1,66538,54509524-92b9-41a3-8aba-a8955a7dfa1a,0.04,false,false,near_mint,fr,EUR
Kamigawa Dynastie Neon,binder,Heir of the Ancient Fang,NEO,Kamigawa: Neon Dynasty,325,foil,common,1,66538,54509524-92b9-41a3-8aba-a8955a7dfa1a,0.07,false,false,near_mint,fr,EUR
Kamigawa Dynastie Neon,binder,Invigorating Hot Spring,NEO,Kamigawa: Neon Dynasty,223,normal,uncommon,1,66713,59a118d1-30b8-42c0-ac42-6fba0778200a,0.1,false,false,near_mint,fr,EUR
Kamigawa Dynastie Neon,binder,Jugan Defends the Temple // Remnant of the Rising Star,NEO,Kamigawa: Neon Dynasty,194,normal,mythic,1,66769,a22b5f27-f9e7-49e1-8e96-dc5d8e7fbe27,1.57,false,false,near_mint,fr,EUR
Kamigawa Dynastie Neon,binder,Rabbit Battery,NEO,Kamigawa: Neon Dynasty,157,normal,uncommon,2,66716,5d33a5b7-797b-4079-8d62-edd124c0fb5a,0.2,false,false,near_mint,fr,EUR
Kamigawa Dynastie Neon,binder,Thundering Raiju,NEO,Kamigawa: Neon Dynasty,166,normal,rare,1,66834,ec1a2920-6d39-4276-921c-65cc16a45f17,0.25,false,false,near_mint,fr,EUR
Kamigawa Dynastie Neon,binder,Upriser Renegade,NEO,Kamigawa: Neon Dynasty,170,normal,uncommon,1,66378,62d878c2-a340-4751-adaa-e50b0bb85423,0.07,false,false,near_mint,fr,EUR
Kamigawa Dynastie Neon,binder,Anchor to Reality,NEO,Kamigawa: Neon Dynasty,45,normal,uncommon,1,66541,58141ad0-32ea-4e07-a133-ff7812d58c0e,0.18,false,false,near_mint,fr,EUR
Kamigawa Dynastie Neon,binder,Born to Drive,NEO,Kamigawa: Neon Dynasty,6,normal,uncommon,1,66627,ffdfad1f-d316-4023-9c79-8c24f1cd31d0,0.12,false,false,near_mint,fr,EUR
Kamigawa Dynastie Neon,binder,Hotshot Mechanic,NEO,Kamigawa: Neon Dynasty,16,normal,uncommon,2,66373,5a70e8fa-b71d-441e-b049-dacb09a9a7af,0.16,false,false,near_mint,fr,EUR
Kamigawa Dynastie Neon,binder,Imperial Recovery Unit,NEO,Kamigawa: Neon Dynasty,18,normal,uncommon,1,66779,ac9b2c7b-c93b-4b97-999e-86faed8a26ee,0.05,false,false,near_mint,fr,EUR
Kamigawa Dynastie Neon,binder,Inventive Iteration // Living Breakthrough,NEO,Kamigawa: Neon Dynasty,57,normal,rare,1,66619,ea6d3242-8059-4203-aa06-58a6a3925eda,0.21,false,false,near_mint,fr,EUR
Kamigawa Dynastie Neon,binder,Invoke Justice,NEO,Kamigawa: Neon Dynasty,21,normal,rare,1,66523,3a598ab6-3254-49fe-b69f-e7c759129599,0.1,false,false,near_mint,fr,EUR
Kamigawa Dynastie Neon,binder,Island,NEO,Kamigawa: Neon Dynasty,286,normal,common,1,66572,8eae091d-8bd3-44d0-a083-6b4078303bc3,0.09,false,false,near_mint,fr,EUR
Kamigawa Dynastie Neon,binder,Mech Hangar,NEO,Kamigawa: Neon Dynasty,270,normal,uncommon,1,66797,c093984d-38cd-4b49-b179-1e289ab442d1,0.25,false,false,near_mint,fr,EUR
Kamigawa Dynastie Neon,binder,Mindlink Mech,NEO,Kamigawa: Neon Dynasty,62,normal,rare,1,66661,28273a5b-57b3-4b7a-b017-5886c171c9c9,0.12,false,false,near_mint,fr,EUR
Kamigawa Dynastie Neon,binder,Mobilizer Mech,NEO,Kamigawa: Neon Dynasty,65,normal,uncommon,1,66608,cf4bb9de-ba7c-4916-b8ed-e2e644c06b58,0.14,false,false,near_mint,fr,EUR
Kamigawa Dynastie Neon,binder,Plains,NEO,Kamigawa: Neon Dynasty,284,normal,common,1,66533,4db21784-e56b-46bd-97a4-3770f2ef5caf,0.08,false,false,near_mint,fr,EUR
Kamigawa Dynastie Neon,binder,Plains,NEO,Kamigawa: Neon Dynasty,283,normal,common,1,66546,5fc26aa1-58b9-41b5-95b4-7e9bf2309b54,0.09,false,false,near_mint,fr,EUR
Kamigawa Dynastie Neon,binder,Prodigy's Prototype,NEO,Kamigawa: Neon Dynasty,231,normal,uncommon,1,66595,be046e0a-6509-450b-b34f-29d5a5e3472e,0.09,false,false,near_mint,fr,EUR
Kamigawa Dynastie Neon,binder,Replication Specialist,NEO,Kamigawa: Neon Dynasty,76,normal,uncommon,1,66690,475bb3b5-b648-460c-b0ea-89ecfe0ff226,0.18,false,false,near_mint,fr,EUR
Kamigawa Dynastie Neon,binder,Seven-Tail Mentor,NEO,Kamigawa: Neon Dynasty,313,normal,common,2,66509,267efff1-cbe6-40b0-959e-72b81cbda1d0,0.04,false,false,near_mint,fr,EUR
Kamigawa Dynastie Neon,binder,"Tameshi, Reality Architect",NEO,Kamigawa: Neon Dynasty,375,foil,rare,1,66411,91c0467d-bc7b-4233-8ac1-adb9d88344fb,3.09,false,false,near_mint,fr,EUR
Kamigawa Dynastie Neon,binder,Tranquil Cove,NEO,Kamigawa: Neon Dynasty,280,normal,common,1,66885,68f822b7-efc5-42c8-93ea-7dd17b4c3e7a,0.05,false,false,near_mint,fr,EUR
Kamigawa Dynastie Neon,binder,Akki Ronin,NEO,Kamigawa: Neon Dynasty,319,normal,common,1,66847,fa16ee8e-d33a-40e9-9956-e345f0511819,0.07,false,false,near_mint,fr,EUR
Kamigawa Dynastie Neon,binder,Asari Captain,NEO,Kamigawa: Neon Dynasty,215,normal,uncommon,1,66400,834b4e6a-1812-4399-8fe4-bb1686ba49ef,0.06,false,false,near_mint,fr,EUR
Kamigawa Dynastie Neon,binder,Bronze Cudgels,NEO,Kamigawa: Neon Dynasty,240,normal,uncommon,1,66686,45fa226c-cc31-4c22-a167-40985706557b,0.07,false,false,near_mint,fr,EUR
Kamigawa Dynastie Neon,binder,Eiganjo Exemplar,NEO,Kamigawa: Neon Dynasty,309,normal,common,1,66724,6c85917c-60ea-44d3-8483-fa639564e881,0.06,false,false,near_mint,fr,EUR
Kamigawa Dynastie Neon,binder,Eiganjo Uprising,NEO,Kamigawa: Neon Dynasty,217,normal,rare,1,66519,35203138-5237-49aa-a335-7a32829548a1,0.13,false,false,near_mint,fr,EUR
Kamigawa Dynastie Neon,binder,"Goro-Goro, Disciple of Ryusei",NEO,Kamigawa: Neon Dynasty,145,normal,rare,1,66331,1ca736c7-35a9-48c7-b5a9-69b2a6e33ad0,0.9,false,false,near_mint,fr,EUR
Kamigawa Dynastie Neon,binder,"Heiko Yamazaki, the General",NEO,Kamigawa: Neon Dynasty,321,normal,uncommon,1,66603,c91040c0-f025-4843-8c0e-3ac1b76c8582,0.05,false,false,near_mint,fr,EUR
Kamigawa Dynastie Neon,binder,Mountain,NEO,Kamigawa: Neon Dynasty,290,normal,common,1,66531,4b8489c0-b01c-466e-b33b-239406d7ea69,0.15,false,false,near_mint,fr,EUR
Kamigawa Dynastie Neon,binder,"Norika Yamazaki, the Poet",NEO,Kamigawa: Neon Dynasty,311,normal,uncommon,2,66518,344df5c2-a963-42e3-b61b-1712f15e1eb9,0.1,false,false,near_mint,fr,EUR
Kamigawa Dynastie Neon,binder,"Raiyuu, Storm's Edge",NEO,Kamigawa: Neon Dynasty,329,normal,rare,1,66504,1026485e-3df5-4ac7-baa1-06bff537a506,0.74,false,false,near_mint,fr,EUR
Kamigawa Dynastie Neon,binder,Selfless Samurai,NEO,Kamigawa: Neon Dynasty,312,normal,uncommon,1,66564,82f1ade5-06ff-41ab-9a68-bf901959b01f,0.13,false,false,near_mint,fr,EUR
Kamigawa Dynastie Neon,binder,Sunblade Samurai,NEO,Kamigawa: Neon Dynasty,315,normal,common,1,66588,a32e2ad3-c5fb-4072-aabf-6cb9538db3ca,0.03,false,false,near_mint,fr,EUR
Kamigawa Dynastie Neon,binder,Tempered in Solitude,NEO,Kamigawa: Neon Dynasty,165,normal,uncommon,1,66340,2cfd0693-6dba-4c0d-8c42-859d7bf38c40,0.05,false,false,near_mint,fr,EUR
Lord of the Rings,binder,Fiery Inscription,LTR,The Lord of the Rings: Tales of Middle-earth,126,normal,uncommon,2,83276,8c321159-43e5-40fc-9f0c-4ecc4f6cfd20,0.23,false,false,near_mint,fr,EUR
Lord of the Rings,binder,Fires of Mount Doom,LTR,The Lord of the Rings: Tales of Middle-earth,294,normal,rare,1,83439,b9db8702-fc72-453b-afc8-62266f7cd1c2,0.67,false,false,near_mint,fr,EUR
Lord of the Rings,binder,Isildur's Fateful Strike,LTR,The Lord of the Rings: Tales of Middle-earth,91,normal,rare,1,83057,4bf08071-fbf8-463e-9a57-59dbf0280dd8,0.13,false,false,near_mint,fr,EUR
Lord of the Rings,binder,Mines of Moria,LTR,The Lord of the Rings: Tales of Middle-earth,342,normal,rare,1,82911,1d6cbb58-8c82-49b5-ae9c-f3baaa8bcc22,0.99,false,false,near_mint,fr,EUR
Lord of the Rings,binder,Mount Doom,LTR,The Lord of the Rings: Tales of Middle-earth,343,normal,mythic,1,83612,e9a087f9-57c3-4743-b03b-7bfd2b86eefd,5.26,false,false,near_mint,fr,EUR
Lord of the Rings,binder,Nazgûl,LTR,The Lord of the Rings: Tales of Middle-earth,100,normal,uncommon,1,83245,833936c6-9381-4c0b-a81c-4a938be95040,10.01,false,false,near_mint,fr,EUR
Lord of the Rings,binder,One Ring to Rule Them All,LTR,The Lord of the Rings: Tales of Middle-earth,102,normal,rare,1,83447,bb2dc2e0-f393-4442-818b-d3b860bfffd0,1.03,false,false,near_mint,fr,EUR
Lord of the Rings,binder,Ringwraiths,LTR,The Lord of the Rings: Tales of Middle-earth,284,normal,rare,1,82953,2a8495c3-96cf-40ab-b68a-1b5711b7659e,0.81,false,false,near_mint,fr,EUR
Lord of the Rings,binder,Sauron's Ransom,LTR,The Lord of the Rings: Tales of Middle-earth,225,normal,rare,1,83170,6b98850c-ad69-42da-b91a-8dc5e226c444,0.63,false,false,near_mint,fr,EUR
Lord of the Rings,binder,"Sauron, the Lidless Eye",LTR,The Lord of the Rings: Tales of Middle-earth,288,foil,mythic,1,83547,d82a4c78-d2fc-425a-8d0e-2e64509a08f1,2.61,false,false,near_mint,fr,EUR
Lord of the Rings,binder,Spiteful Banditry,LTR,The Lord of the Rings: Tales of Middle-earth,149,normal,mythic,1,83606,e85a82bc-49f3-4694-b688-808a541146db,4.57,false,false,near_mint,fr,EUR
Lord of the Rings,binder,"The Balrog, Durin's Bane",LTR,The Lord of the Rings: Tales of Middle-earth,195,normal,rare,1,83028,416880c3-cefb-45ea-bcc3-2ec7a70c8097,0.53,false,false,near_mint,fr,EUR
Lord of the Rings,binder,"The Balrog, Flame of Udûn",LTR,The Lord of the Rings: Tales of Middle-earth,297,normal,rare,1,83292,905e7424-2d0b-4877-a7dc-272ea9392ff0,0.49,false,false,near_mint,fr,EUR
Lord of the Rings,binder,The Black Breath,LTR,The Lord of the Rings: Tales of Middle-earth,78,normal,common,2,82916,1e63983d-c36b-4440-b9e1-baaa6c7c0ba9,0.14,false,false,near_mint,fr,EUR
Lord of the Rings,binder,Witch-king of Angmar,LTR,The Lord of the Rings: Tales of Middle-earth,114,normal,mythic,1,83368,a55e6508-0b59-4573-bc4e-67b27279cfed,5.18,false,false,near_mint,fr,EUR
Lord of the Rings,binder,"Witch-king, Bringer of Ruin",LTR,The Lord of the Rings: Tales of Middle-earth,293,normal,rare,1,83295,90da1d3e-dbcb-4b1e-a606-d4fc1a60a8fe,4.43,false,false,near_mint,fr,EUR
Lord of the Rings,binder,Arwen's Gift,LTR,The Lord of the Rings: Tales of Middle-earth,39,normal,common,2,82969,30e1ec49-ad4f-4623-aeeb-dba07d6e6251,0.05,false,false,near_mint,fr,EUR
Lord of the Rings,binder,"Elrond, Master of Healing",LTR,The Lord of the Rings: Tales of Middle-earth,200,foil,rare,1,83530,d26ffb2c-f7a5-4a4f-9b99-c8de9dfd49da,0.54,false,false,near_mint,fr,EUR
Lord of the Rings,binder,Elven Chorus,LTR,The Lord of the Rings: Tales of Middle-earth,160,normal,rare,1,83125,616cfb94-3faf-44fe-bf04-e90643765e48,2.19,false,false,near_mint,fr,EUR
Lord of the Rings,binder,Elvish Mariner,LTR,The Lord of the Rings: Tales of Middle-earth,283,normal,rare,2,83199,7604d357-4196-421f-a5c3-c7cbe79f35cb,0.88,false,false,near_mint,fr,EUR
Lord of the Rings,binder,Gift of Strands,LTR,The Lord of the Rings: Tales of Middle-earth,170,normal,uncommon,2,83277,8c54ee0c-1432-4f20-9a92-2cdfcbab30ac,0.05,false,false,near_mint,fr,EUR
Lord of the Rings,binder,Grey Havens Navigator,LTR,The Lord of the Rings: Tales of Middle-earth,53,normal,common,2,83068,4dd89994-bdff-47ca-a65d-10afcc7e773e,0.03,false,false,near_mint,fr,EUR
Lord of the Rings,binder,Island,LTR,The Lord of the Rings: Tales of Middle-earth,274,normal,common,3,83618,eba0c7c5-ed63-41a5-93e1-a979a6f983b9,0.26,false,false,near_mint,fr,EUR
Lord of the Rings,binder,Press the Enemy,LTR,The Lord of the Rings: Tales of Middle-earth,65,normal,rare,1,83580,dfa5380a-480c-4c61-ac52-5debc49c5df9,0.24,false,false,near_mint,fr,EUR
Lord of the Rings,binder,"Aragorn, Company Leader",LTR,The Lord of the Rings: Tales of Middle-earth,191,normal,rare,1,83194,73ca5f48-0117-49d6-8b00-b8482e3545b3,0.2,false,false,near_mint,fr,EUR
Lord of the Rings,binder,Bilbo's Ring,LTR,The Lord of the Rings: Tales of Middle-earth,298,normal,rare,1,83297,91dbeac4-1c39-4a4f-84e7-1b71f7468c8f,4.86,false,false,near_mint,fr,EUR
Lord of the Rings,binder,Birthday Escape,LTR,The Lord of the Rings: Tales of Middle-earth,43,normal,common,2,83034,42db2313-b13d-4292-bef2-bf86f989d32f,0.12,false,false,near_mint,fr,EUR
Lord of the Rings,binder,Borne Upon a Wind,LTR,The Lord of the Rings: Tales of Middle-earth,44,normal,rare,1,83378,a9379675-1a32-4e2b-8aaf-5f908c595f31,0.86,false,false,near_mint,fr,EUR
Lord of the Rings,binder,Doors of Durin,LTR,The Lord of the Rings: Tales of Middle-earth,199,normal,rare,2,83285,8ebd8813-4aaf-48bf-9243-3ec4099b8372,0.35,false,false,near_mint,fr,EUR
Lord of the Rings,binder,Flame of Anor,LTR,The Lord of the Rings: Tales of Middle-earth,203,normal,rare,1,82828,04779a7e-b453-48b9-b392-6d6fd0b8d283,3.62,false,false,near_mint,fr,EUR
Lord of the Rings,binder,"Frodo, Determined Hero",LTR,The Lord of the Rings: Tales of Middle-earth,289,normal,rare,1,83248,83d1b37c-a8c6-4690-8701-3395397711e7,0.78,false,false,near_mint,fr,EUR
Lord of the Rings,binder,"Galadriel, Gift-Giver",LTR,The Lord of the Rings: Tales of Middle-earth,296,normal,rare,1,83239,8229264e-af6c-4f1f-b86a-257889ace9ce,2.63,false,false,near_mint,fr,EUR
Lord of the Rings,binder,Gandalf the Grey,LTR,The Lord of the Rings: Tales of Middle-earth,207,normal,rare,1,83588,e2b975e6-e709-481f-bfbc-41a832508283,0.24,false,false,near_mint,fr,EUR
Lord of the Rings,binder,Gandalf the White,LTR,The Lord of the Rings: Tales of Middle-earth,19,normal,mythic,1,83590,e384c20b-d0c1-4781-9d11-e89e5a6bf3fc,4.31,false,false,near_mint,fr,EUR
Lord of the Rings,binder,"Gimli, Mournful Avenger",LTR,The Lord of the Rings: Tales of Middle-earth,209,normal,rare,1,83579,df4be38c-3f93-4ff4-bff4-94753b96f2f3,0.14,false,false,near_mint,fr,EUR
Lord of the Rings,binder,Graypelt Refuge,LTC,Tales of Middle-earth Commander,316,normal,uncommon,2,82835,07e81ace-4d75-4d79-ab99-c42288580def,0.12,false,false,near_mint,fr,EUR
Lord of the Rings,binder,"Legolas, Master Archer",LTR,The Lord of the Rings: Tales of Middle-earth,173,normal,rare,1,83379,a9405577-c1dc-48e0-b2aa-6237c569d02e,0.24,false,false,near_mint,fr,EUR
Lord of the Rings,binder,Mithril Coat,LTR,The Lord of the Rings: Tales of Middle-earth,245,normal,rare,1,82856,0fd1fc09-a09d-45e6-8a07-3a8a83b4e6ec,11.79,false,false,near_mint,fr,EUR
Land Station,binder,Forest,10E,Tenth Edition,381,normal,common,1,25644,b70e30de-fc01-4512-b218-a1411cb50789,0.2,false,false,near_mint,fr,EUR
Land Station,binder,Forest,10E,Tenth Edition,383,normal,common,2,25642,40d4cf1d-6101-40e7-8e0a-a6ad5bd5d3fc,0.25,false,false,near_mint,fr,EUR
Land Station,binder,Forest,M20,Core Set 2020,280,normal,common,1,45180,43e7e6ec-9bfe-4062-a538-2a748d2eed1f,0.05,false,false,near_mint,fr,EUR
Land Station,binder,Forest,M20,Core Set 2020,277,normal,common,1,45183,42352899-f2f2-4dea-863b-8d685e63b454,0.03,false,false,near_mint,fr,EUR
Land Station,binder,Swamp,M20,Core Set 2020,270,normal,common,1,45190,4f3a387a-4bc1-4338-9d1e-0fbcb6f03b82,0.04,false,false,near_mint,fr,EUR
Land Station,binder,Swamp,M20,Core Set 2020,272,normal,common,1,45188,6ba77dad-f157-4e31-9654-921967ea98c0,0.04,false,false,near_mint,fr,EUR
Land Station,binder,Swamp,M20,Core Set 2020,271,normal,common,2,45189,a9023215-035f-4f12-9f75-04b995b5d24a,0.05,false,false,near_mint,fr,EUR
Land Station,binder,Mountain,10E,Tenth Edition,378,normal,common,1,25647,38c1e97b-4d7a-4a76-8999-5c76b4bae9cb,0.18,false,false,near_mint,fr,EUR
Land Station,binder,Island,10E,Tenth Edition,371,normal,common,1,25654,f3d3de4f-dfef-4c04-a297-4fd90884087e,0.31,false,false,near_mint,fr,EUR
Land Station,binder,Island,TSP,Time Spiral,286,normal,common,1,26614,e5fdeb2c-afb8-4850-bcdc-86283ffa3486,0.1,false,false,near_mint,fr,EUR
Land Station,binder,Swamp,10E,Tenth Edition,374,normal,common,1,25651,9eaedaf2-a9a3-44c6-84c1-4cc2da1da459,0.18,false,false,near_mint,fr,EUR
Land Station,binder,Swamp,7ED,Seventh Edition,348,normal,common,1,32458,c956611e-5748-42ff-b8ea-bca0c3d94de4,0.6,false,false,near_mint,fr,EUR
Land Station,binder,Swamp,PHUK,Hachette UK,11,normal,common,1,27660,ca921179-f6ca-43f2-bd15-2250adc0c622,0.11,false,false,near_mint,fr,EUR
Land Station,binder,Forest,10E,Tenth Edition,380,normal,common,1,25645,d99d5685-538d-4e6a-809b-3ebeab634363,0.15,false,false,near_mint,fr,EUR
Land Station,binder,Swamp,PHUK,Hachette UK,9,normal,common,1,27662,555d2f6a-1360-4462-8554-0b1055c2cf89,0.12,false,false,near_mint,fr,EUR
Land Station,binder,Swamp,PHUK,Hachette UK,46,normal,common,1,27625,e9693c4c-897d-46b0-9730-b2e656498751,0.31,false,false,near_mint,fr,EUR
Land Station,binder,Swamp,PHUK,Hachette UK,48,normal,common,1,27623,36ec637b-00b6-478d-b1b1-782ee47c6809,0.28,false,false,near_mint,fr,EUR
Land Station,binder,Swamp,PHUK,Hachette UK,22,normal,common,1,27649,8ae8b805-3e41-4592-9c24-0530e28d8d96,0.13,false,false,near_mint,fr,EUR
Land Station,binder,Mountain,BRB,Battle Royale Box Set,121,normal,common,1,33939,cddb5370-68a7-4914-b1c5-34cd3e8412a9,2.13,false,false,near_mint,fr,EUR
Land Station,binder,Mountain,BRB,Battle Royale Box Set,120,normal,common,1,33940,a49144e6-47fd-4f5f-abfc-96ed008a7eb9,2.31,false,false,near_mint,fr,EUR
Land Station,binder,Swamp,ONS,Onslaught,339,normal,common,1,30964,0356ae45-e5ca-46b9-8ebc-42bf4776e89c,0.43,false,false,near_mint,fr,EUR
Land Station,binder,Swamp,ONS,Onslaught,341,normal,common,1,30962,7aa97b25-1ea0-4351-ab9f-f06c8bb4d044,0.58,false,false,near_mint,fr,EUR
Land Station,binder,Swamp,ONS,Onslaught,342,normal,common,1,30961,8e10b125-eaa6-4630-a6fe-6b1805921f07,0.56,false,false,near_mint,fr,EUR
Land Station,binder,Island,9ED,Ninth Edition,336,normal,common,1,28027,9d5ab443-b415-45e5-a9f7-539a5299bf27,0.07,false,false,near_mint,fr,EUR
Land Station,binder,Island,9ED,Ninth Edition,335,normal,common,1,28028,e0eac72f-915b-41a2-a9cf-1707b65d9ac9,0.13,false,false,near_mint,fr,EUR
Land Station,binder,Island,MRD,Mirrodin,293,normal,common,1,29752,9db3309e-2893-4a39-876f-fd68ea057e22,0.14,false,false,near_mint,fr,EUR
Land Station,binder,Swamp,PHUK,Hachette UK,47,normal,common,2,27624,16ebe270-422b-4f9d-8c46-bef94e1e5b4f,0.17,false,false,near_mint,fr,EUR
Land Station,binder,Swamp,PHUK,Hachette UK,21,normal,common,1,27650,b8f73f42-e3bb-4f4c-8000-f9c5e3751575,0.21,false,false,near_mint,fr,EUR
Land Station,binder,Swamp,PHUK,Hachette UK,45,normal,common,1,27626,3c081de6-16b3-4a03-ac0c-b1d967c3d516,0.38,false,false,near_mint,fr,EUR
Land Station,binder,Mountain,9ED,Ninth Edition,345,normal,common,1,28018,d2655e7b-ae35-45f0-b86d-c2f74ef3ee04,0.17,false,false,near_mint,fr,EUR
Land Station,binder,Mountain,BRB,Battle Royale Box Set,123,normal,common,1,33937,1781ca3f-3b7f-4811-9028-bdf0abfee596,3.57,false,false,near_mint,fr,EUR
Land Station,binder,Forest,7ED,Seventh Edition,328,normal,common,1,32478,a8ba6d68-19da-4b85-9852-681c0fc1e400,0.44,false,false,near_mint,fr,EUR
Land Station,binder,Island,6ED,Classic Sixth Edition,335,normal,common,1,35042,b3f9ffc8-8115-4858-bd71-deaca9889f72,0.17,false,false,near_mint,fr,EUR
Land Station,binder,Island,ODY,Odyssey,337,normal,common,1,31840,ba30bfc3-5aec-480d-a80a-fe71b098b14b,0.46,false,false,near_mint,fr,EUR
Land Station,binder,Island,7ED,Seventh Edition,335,normal,common,1,32471,ff68b640-e194-4894-b9c0-76ed619c764d,0.27,false,false,near_mint,fr,EUR
Land Station,binder,Seat of the Synod,MRD,Mirrodin,283,normal,common,1,29762,5da5587d-6b6c-4645-8cc9-2866d1e6911b,0.8,false,false,near_mint,fr,EUR
Land Station,binder,Island,7ED,Seventh Edition,334,normal,common,1,32472,cfb83039-9a06-4d79-abcc-6f36eec6f29e,0.38,false,false,near_mint,fr,EUR
Land Station,binder,Island,RAV,Ravnica: City of Guilds,291,normal,common,1,27719,db6c8056-f155-434c-a4cb-a532a4707245,0.12,false,false,near_mint,fr,EUR
Land Station,binder,Forest,ODY,Odyssey,350,normal,common,1,31827,65e8080f-9e4a-4fad-9ea3-09d5e0e1c816,0.65,false,false,near_mint,fr,EUR
Land Station,binder,Forest,7ED,Seventh Edition,331,normal,common,1,32475,a69545e9-7219-43f1-8a31-5035d87dca68,0.35,false,false,near_mint,fr,EUR
Land Station,binder,Mountain,S99,Starter 1999,166,normal,common,1,34536,8553fa38-6e36-428f-b5bf-14a4b982f7b1,0.57,false,false,near_mint,fr,EUR
Land Station,binder,Island,ODY,Odyssey,338,normal,common,1,31839,bf964c1b-941f-4a02-895b-0608bddc1ce7,0.45,false,false,near_mint,fr,EUR
Land Station,binder,Swamp,ODY,Odyssey,342,normal,common,1,31835,82f74cd0-cd73-4b08-8544-5f56b6d96f78,0.51,false,false,near_mint,fr,EUR
Land Station,binder,Swamp,ODY,Odyssey,339,normal,common,3,31838,276b18fb-66cb-4dc0-9c67-60cee1502c7f,0.48,false,false,near_mint,fr,EUR
Land Station,binder,Mountain,MRD,Mirrodin,302,normal,common,1,29743,22965406-d8d7-46ad-992e-7fc0e994698d,0.14,false,false,near_mint,fr,EUR
Land Station,binder,Mountain,RAV,Ravnica: City of Guilds,299,normal,common,1,27711,dad3662a-f7b4-45d5-a35e-fc6c38474692,0.15,false,false,near_mint,fr,EUR
Land Station,binder,Mountain,10E,Tenth Edition,376,normal,common,1,25649,a7aae748-27d8-48f8-beb2-8e0192d7cc5c,0.15,false,false,near_mint,fr,EUR
Land Station,binder,Forest,ODY,Odyssey,347,normal,common,2,31830,73029d4b-f073-4df0-a6cc-8014284a1ced,0.59,false,false,near_mint,fr,EUR
Land Station,binder,Island,M20,Core Set 2020,268,normal,common,4,45192,f3448b8b-8baf-492a-a1d6-4bb676c43cab,0.02,false,false,near_mint,fr,EUR
Land Station,binder,Swamp,9ED,Ninth Edition,342,normal,common,4,28021,d6190620-f88c-4eaf-853f-bfa0ea8f96d3,0.31,false,false,near_mint,fr,EUR
Land Station,binder,Swamp,ONS,Onslaught,340,normal,common,2,30963,a6285f63-a5d8-4b8b-a6dd-51ce7968fbaf,0.52,false,false,near_mint,fr,EUR
Land Station,binder,Forest,ONS,Onslaught,348,normal,common,4,30955,4d8edfee-7837-450a-bcf3-a7bb25670056,0.45,false,false,near_mint,fr,EUR
Land Station,binder,Swamp,9ED,Ninth Edition,341,normal,common,3,28022,438a54b0-49e6-4f79-8379-ccb30d06fb60,0.16,false,false,near_mint,fr,EUR
Land Station,binder,Swamp,ODY,Odyssey,340,normal,common,2,31837,907ff242-885f-4948-b95c-61cf033d0969,0.54,false,false,near_mint,fr,EUR
Land Station,binder,Island,TSP,Time Spiral,287,normal,common,4,26613,e08915c9-78ff-450b-a47f-0c9678d16bbd,0.13,false,false,near_mint,fr,EUR
Land Station,binder,Mountain,M20,Core Set 2020,276,normal,common,6,45184,514f8188-3d9e-4937-bfcb-b73acd80878d,0.05,false,false,near_mint,fr,EUR
Land Station,binder,Mountain,M20,Core Set 2020,274,normal,common,4,45186,cbe67eb3-f10d-4f34-b4b0-fd00ee8cc325,0.03,false,false,near_mint,fr,EUR
Land Station,binder,Island,M20,Core Set 2020,266,normal,common,3,45194,c8a516f8-861b-4c3b-9d9b-0adc04ec689f,0.03,false,false,near_mint,fr,EUR
Land Station,binder,Island,M20,Core Set 2020,267,normal,common,2,45193,9db3bac6-81c9-4bb5-aca6-371cec8efa0d,0.04,false,false,near_mint,fr,EUR
Land Station,binder,Island,RAV,Ravnica: City of Guilds,292,normal,common,3,27718,1d603978-3877-454e-8910-53a4cc95431d,0.14,false,false,near_mint,fr,EUR
Land Station,binder,Forest,ONS,Onslaught,350,normal,common,2,30953,835a4eed-a308-428d-ac85-e385b5d47d8e,0.58,false,false,near_mint,fr,EUR
Land Station,binder,Mountain,M20,Core Set 2020,273,normal,common,5,45187,399f7531-e137-463b-bec3-e86756b6ed71,0.02,false,false,near_mint,fr,EUR
Land Station,binder,Island,TSP,Time Spiral,289,normal,common,2,26611,ac1a989a-38d4-4225-a41f-37d54f2f42ae,0.04,false,false,near_mint,fr,EUR
Land Station,binder,Forest,ONS,Onslaught,347,normal,common,3,30956,b361b42d-401f-440a-bae9-35338b5dde0e,0.41,false,false,near_mint,fr,EUR
Land Station,binder,Island,TSP,Time Spiral,288,normal,common,3,26612,89f8c7cf-6705-4ff7-8aa8-113c1400ffda,0.06,false,false,near_mint,fr,EUR
Land Station,binder,Swamp,9ED,Ninth Edition,339,normal,common,4,28024,4fc9d935-2a33-4928-b4b2-25c48544bf24,0.18,false,false,near_mint,fr,EUR
Land Station,binder,Mountain,M20,Core Set 2020,275,normal,common,6,45185,4cf7d0ad-8fe2-4065-89e3-c2ee04062695,0.02,false,false,near_mint,fr,EUR
Land Station,binder,Mountain,10E,Tenth Edition,379,normal,common,3,25646,91df0ada-4828-41ca-9000-5132fcb29e6b,0.14,false,false,near_mint,fr,EUR
Land Station,binder,Swamp,9ED,Ninth Edition,340,normal,common,2,28023,4e964e2e-8bc5-423c-ac85-4f0c860afb8a,0.12,false,false,near_mint,fr,EUR
Land Station,binder,Forest,ONS,Onslaught,349,normal,common,2,30954,7b0af992-80e0-4ac6-a828-5eaac47eaff6,0.4,false,false,near_mint,fr,EUR
Land Station,binder,Island,MRD,Mirrodin,294,normal,common,2,29751,de46f610-fab8-4819-b86a-d1defed319a1,0.11,false,false,near_mint,fr,EUR
Land Station,binder,Mountain,10E,Tenth Edition,377,normal,common,2,25648,253c7d53-e34b-493b-8d46-da946245bebb,0.13,false,false,near_mint,fr,EUR
Land Station,binder,Island,ODY,Odyssey,335,normal,common,3,31842,527f36a0-80b8-4492-b1c3-20a34953ceb7,0.41,false,false,near_mint,fr,EUR
Land Station,binder,Island,M20,Core Set 2020,265,normal,common,3,45195,fe7f4393-38f9-43b5-873b-58246183b874,0.09,false,false,near_mint,fr,EUR
Land Station,binder,Island,MRD,Mirrodin,292,normal,common,2,29753,12dd90bb-b5d1-47a3-b566-3407db04dd55,0.15,false,false,near_mint,fr,EUR
Land Station,binder,Island,9ED,Ninth Edition,338,normal,common,2,28025,c1cf7cd5-3c25-4760-b783-36e7827154e2,0.21,false,false,near_mint,fr,EUR
Land Station,binder,Island,MRD,Mirrodin,291,normal,common,2,29754,9a5235cd-5d25-498d-8e36-7a7c0791f212,0.09,false,false,near_mint,fr,EUR
Kamigawa Dynastie Neon,binder,Return to Action,NEO,Kamigawa: Neon Dynasty,121,normal,common,3,66862,342ec072-e581-490c-b5ae-a625bd35a153,0.12,false,false,near_mint,fr,EUR
Kamigawa Dynastie Neon,binder,Ancestral Katana,NEO,Kamigawa: Neon Dynasty,1,normal,common,3,66463,d9b1ed43-ee6c-43a2-ba94-5bf71c63e070,0.06,false,false,near_mint,fr,EUR
Kamigawa Dynastie Neon,binder,Seven-Tail Mentor,NEO,Kamigawa: Neon Dynasty,36,normal,common,3,66582,9d77d1e6-c804-46f7-ba00-6df6bca2ae08,0.02,false,false,near_mint,fr,EUR
Kamigawa Dynastie Neon,binder,Sky-Blessed Samurai,NEO,Kamigawa: Neon Dynasty,37,normal,uncommon,2,66604,c9c7ba6f-c58e-4347-92e4-51ae8f2d5a88,0.09,false,false,near_mint,fr,EUR
Kamigawa Dynastie Neon,binder,Michiko's Reign of Truth // Portrait of Michiko,NEO,Kamigawa: Neon Dynasty,29,normal,uncommon,2,66389,74f12c23-5c15-4ae6-8f4d-c5e6c1878817,0.18,false,false,near_mint,fr,EUR
Kamigawa Dynastie Neon,binder,Rugged Highlands,NEO,Kamigawa: Neon Dynasty,273,normal,common,4,66877,58d511be-60e0-4755-abec-18eebb530605,0.11,false,false,near_mint,fr,EUR
Kamigawa Dynastie Neon,binder,Iron Apprentice,NEO,Kamigawa: Neon Dynasty,248,normal,common,3,66852,13d6d9fc-509b-42db-8ac1-85066eb6e9c4,0.1,false,false,near_mint,fr,EUR
Kamigawa Dynastie Neon,binder,Plains,NEO,Kamigawa: Neon Dynasty,293,normal,common,2,66493,ca8fb179-7e81-4b20-8b81-ea1aa97afe58,1.77,false,false,near_mint,fr,EUR
Kamigawa Dynastie Neon,binder,Dismal Backwater,NEO,Kamigawa: Neon Dynasty,267,normal,common,3,66929,fab0660b-81f8-40ca-8098-5f8d51219a40,0.06,false,false,near_mint,fr,EUR
Kamigawa Dynastie Neon,binder,Uncharted Haven,NEO,Kamigawa: Neon Dynasty,281,normal,common,3,66854,1d4ad89a-3a00-4bf4-a357-4a8a089d4a82,0.07,false,false,near_mint,fr,EUR
Kamigawa Dynastie Neon,binder,Wind-Scarred Crag,NEO,Kamigawa: Neon Dynasty,282,normal,common,3,66912,cf9b1d47-11ef-4f06-94b2-94b6727de3bd,0.05,false,false,near_mint,fr,EUR
Kamigawa Dynastie Neon,binder,Jungle Hollow,NEO,Kamigawa: Neon Dynasty,269,normal,common,3,66921,deadca61-0be9-4eeb-ba12-bc73a49bae74,0.08,false,false,near_mint,fr,EUR
Kamigawa Dynastie Neon,binder,Mountain,NEO,Kamigawa: Neon Dynasty,300,normal,common,3,66489,7d75969d-c932-4b4e-8135-61968228bc32,1.14,false,false,near_mint,fr,EUR
Kamigawa Dynastie Neon,binder,Careful Cultivation,NEO,Kamigawa: Neon Dynasty,178,normal,common,4,66898,9e2ebad5-0a56-4166-80af-7ebd20ae565a,0.06,false,false,near_mint,fr,EUR
Kamigawa Dynastie Neon,binder,Greater Tanuki,NEO,Kamigawa: Neon Dynasty,189,normal,common,3,66440,b4fbaee3-a10f-4b2d-b07e-d041a96a7e27,0.08,false,false,near_mint,fr,EUR
Kamigawa Dynastie Neon,binder,Ecologist's Terrarium,NEO,Kamigawa: Neon Dynasty,246,normal,common,3,66855,1d981026-b2df-4d8d-a9b4-296b011d9925,0.11,false,false,near_mint,fr,EUR
Kamigawa Dynastie Neon,binder,Mnemonic Sphere,NEO,Kamigawa: Neon Dynasty,64,normal,common,3,66648,1a15d8d9-0575-4add-ae8d-4576e8ed2cbe,0.09,false,false,near_mint,fr,EUR
Kamigawa Dynastie Neon,binder,Skyswimmer Koi,NEO,Kamigawa: Neon Dynasty,79,normal,common,3,66819,db50259b-8ca8-4fbe-8ae3-6b0312d70980,0.06,false,false,near_mint,fr,EUR
Kamigawa Dynastie Neon,binder,Grafted Growth,NEO,Kamigawa: Neon Dynasty,188,normal,common,3,66925,e7a15010-1b70-4b4f-8b5d-cb2d764a1799,0.05,false,false,near_mint,fr,EUR
Kamigawa Dynastie Neon,binder,Fang of Shigeki,NEO,Kamigawa: Neon Dynasty,183,normal,common,3,66512,2dd0fef1-209f-4de5-a736-8f9bca2faa0a,0.09,false,false,near_mint,fr,EUR
Kamigawa Dynastie Neon,binder,Papercraft Decoy,NEO,Kamigawa: Neon Dynasty,253,normal,common,3,66863,3453084c-42cc-4241-b244-c79e704f96c8,0.05,false,false,near_mint,fr,EUR
Kamigawa Dynastie Neon,binder,Kami of Restless Shadows,NEO,Kamigawa: Neon Dynasty,104,normal,common,3,66881,62d3be4a-ab4f-46ef-837c-0f7559a701fe,0.1,false,false,near_mint,fr,EUR
Kamigawa Dynastie Neon,binder,Sunblade Samurai,NEO,Kamigawa: Neon Dynasty,39,normal,common,2,66617,e6c577bb-5e21-4a3e-b0a7-713a4ff7dce6,0.04,false,false,near_mint,fr,EUR
Kamigawa Dynastie Neon,binder,Kumano Faces Kakkazan // Etching of Kumano,NEO,Kamigawa: Neon Dynasty,152,normal,uncommon,3,66663,28d92cad-45b0-479d-97fc-c175f3a3f259,0.1,false,false,near_mint,fr,EUR
Kamigawa Dynastie Neon,binder,Lethal Exploit,NEO,Kamigawa: Neon Dynasty,107,normal,common,2,66409,8d8edf8f-c2bd-4fd1-8abf-d3162e068b17,0.02,false,false,near_mint,fr,EUR
Kamigawa Dynastie Neon,binder,Lucky Offering,NEO,Kamigawa: Neon Dynasty,27,normal,common,3,66660,24bbdeb0-9165-4874-a853-d19c20c250ef,0.04,false,false,near_mint,fr,EUR
Kamigawa Dynastie Neon,binder,"Hidetsugu, Devouring Chaos",NEO,Kamigawa: Neon Dynasty,99,normal,rare,2,66383,6f4142d3-f7ca-4613-a6e5-528cf1f22383,0.21,false,false,near_mint,fr,EUR
Kamigawa Dynastie Neon,binder,Golden-Tail Disciple,NEO,Kamigawa: Neon Dynasty,15,normal,common,4,66811,d631e7da-bd71-424a-a349-9bce0fd16b1f,0.05,false,false,near_mint,fr,EUR
Kamigawa Dynastie Neon,binder,Reckoner's Bargain,NEO,Kamigawa: Neon Dynasty,120,normal,common,3,66883,6338942d-d650-4571-8ec6-4d658792c53e,1.18,false,false,near_mint,fr,EUR
Kamigawa Dynastie Neon,binder,Peerless Samurai,NEO,Kamigawa: Neon Dynasty,322,normal,common,3,66507,247c362c-bf21-4bca-89d4-54eb60806f10,0.04,false,false,near_mint,fr,EUR
Kamigawa Dynastie Neon,binder,Twisted Embrace,NEO,Kamigawa: Neon Dynasty,125,normal,common,3,66922,e4c7919a-de62-46df-a937-593647473ef5,0.07,false,false,near_mint,fr,EUR
Kamigawa Dynastie Neon,binder,Jukai Preserver,NEO,Kamigawa: Neon Dynasty,195,normal,common,4,66924,e66120a5-95a3-4d15-873c-cfba221a2299,0.11,false,false,near_mint,fr,EUR
Kamigawa Dynastie Neon,binder,Dragonfly Suit,NEO,Kamigawa: Neon Dynasty,9,normal,common,4,66691,4900862f-90f4-450b-a775-219da4ce67ef,0.07,false,false,near_mint,fr,EUR
Kamigawa Dynastie Neon,binder,Network Terminal,NEO,Kamigawa: Neon Dynasty,251,normal,common,4,66917,d61e596f-97ef-4eb3-af42-ddfe50d07667,0.06,false,false,near_mint,fr,EUR
Kamigawa Dynastie Neon,binder,Colossal Skyturtle,NEO,Kamigawa: Neon Dynasty,216,normal,uncommon,2,66842,f40bd797-4d12-4098-a1a8-d7e5b7b82ac9,0.38,false,false,near_mint,fr,EUR
Kamigawa Dynastie Neon,binder,Automated Artificer,NEO,Kamigawa: Neon Dynasty,239,normal,common,3,66905,b8c30ffb-b4f5-40b0-87b8-800a42bded2b,0.11,false,false,near_mint,fr,EUR
Kamigawa Dynastie Neon,binder,Brute Suit,NEO,Kamigawa: Neon Dynasty,241,normal,common,3,66866,363cb43a-e358-4380-a42f-9b095ca522c6,0.04,false,false,near_mint,fr,EUR
Kamigawa Dynastie Neon,binder,Spell Pierce,NEO,Kamigawa: Neon Dynasty,80,normal,common,3,66596,beb42273-935b-4bda-849e-c163606cf89e,0.21,false,false,near_mint,fr,EUR
Kamigawa Dynastie Neon,binder,Reckoner Shakedown,NEO,Kamigawa: Neon Dynasty,119,normal,common,4,66911,cf57666f-366b-43bf-95c7-39c1f7f061e2,0.04,false,false,near_mint,fr,EUR
Kamigawa Dynastie Neon,binder,Favor of Jukai,NEO,Kamigawa: Neon Dynasty,184,normal,common,4,66851,1013266a-81f4-4441-8dcf-2764d14afceb,0.05,false,false,near_mint,fr,EUR
Kamigawa Dynastie Neon,binder,Island,NEO,Kamigawa: Neon Dynasty,296,normal,common,2,66487,7132999f-6e2d-4689-8131-7b12076a348d,1.95,false,false,near_mint,fr,EUR
Kamigawa Dynastie Neon,binder,Planar Incision,NEO,Kamigawa: Neon Dynasty,72,normal,common,4,66752,9163cb04-ee28-4127-b53a-89c546996d7d,0.12,false,false,near_mint,fr,EUR
Kamigawa Dynastie Neon,binder,Eiganjo Exemplar,NEO,Kamigawa: Neon Dynasty,10,normal,common,4,66680,3b0a9cc0-bb6d-47f7-b0d5-3956c46a1b3a,0.02,false,false,near_mint,fr,EUR
Kamigawa Dynastie Neon,binder,Blade-Blizzard Kitsune,NEO,Kamigawa: Neon Dynasty,5,normal,uncommon,2,66815,d8419d27-8c6e-4f38-98b4-60dd9a910c43,0.06,false,false,near_mint,fr,EUR
Kamigawa Dynastie Neon,binder,Mirror Box,NEO,Kamigawa: Neon Dynasty,250,normal,rare,2,66460,d507daa3-3f16-4ab1-81ea-794e5bb488fc,1.32,false,false,near_mint,fr,EUR
Kamigawa Dynastie Neon,binder,The Shattered States Era // Nameless Conqueror,NEO,Kamigawa: Neon Dynasty,162,normal,common,3,66365,517392f6-d3fd-4c59-8317-2a3595ab7562,0.07,false,false,near_mint,fr,EUR
Kamigawa Dynastie Neon,binder,Imperial Subduer,NEO,Kamigawa: Neon Dynasty,310,normal,common,3,66356,41e7420e-55d0-4f4b-84bb-e5b86616cbb3,0.02,false,false,near_mint,fr,EUR
Kamigawa Dynastie Neon,binder,Clawing Torment,NEO,Kamigawa: Neon Dynasty,91,normal,common,4,66880,621fce96-5933-4e2b-98ec-2589940e24cb,0.05,false,false,near_mint,fr,EUR
Kamigawa Dynastie Neon,binder,High-Speed Hoverbike,NEO,Kamigawa: Neon Dynasty,247,normal,uncommon,2,66397,7c619116-1eae-439d-9b1f-639643458a23,0.13,false,false,near_mint,fr,EUR
Kamigawa Dynastie Neon,binder,Assassin's Ink,NEO,Kamigawa: Neon Dynasty,87,normal,uncommon,2,66374,5a926c10-029d-4e24-8c3f-1808025e30aa,0.03,false,false,near_mint,fr,EUR
Kamigawa Dynastie Neon,binder,Undercity Scrounger,NEO,Kamigawa: Neon Dynasty,126,normal,common,4,66882,6319b84b-8a3d-4bc8-af48-8b500f124be1,0.07,false,false,near_mint,fr,EUR
Kamigawa Dynastie Neon,binder,Reito Sentinel,NEO,Kamigawa: Neon Dynasty,256,normal,uncommon,2,66629,0218923a-b685-4492-8fdd-2d2d22ef532e,0.07,false,false,near_mint,fr,EUR
Kamigawa Dynastie Neon,binder,Network Disruptor,NEO,Kamigawa: Neon Dynasty,71,normal,common,4,66542,5a37719a-2a87-4870-8f25-12544ca2f2cf,0.14,false,false,near_mint,fr,EUR
Kamigawa Dynastie Neon,binder,Kappa Tech-Wrecker,NEO,Kamigawa: Neon Dynasty,198,normal,uncommon,3,66459,d3a7bc69-4500-4e7e-94e4-67b85597bd82,0.16,false,false,near_mint,fr,EUR
Kamigawa Dynastie Neon,binder,Walking Skyscraper,NEO,Kamigawa: Neon Dynasty,263,normal,uncommon,2,66577,958af4ba-f29e-47ef-995e-3985982c75ad,0.05,false,false,near_mint,fr,EUR
Kamigawa Dynastie Neon,binder,Moon-Circuit Hacker,NEO,Kamigawa: Neon Dynasty,67,normal,common,4,66600,c6e466d1-943d-41e6-a47d-c9d951ca4262,0.31,false,false,near_mint,fr,EUR
Kamigawa Dynastie Neon,binder,Roadside Reliquary,NEO,Kamigawa: Neon Dynasty,272,normal,uncommon,3,66741,8002de90-93fb-48ea-a849-40fdad0aef5a,0.16,false,false,near_mint,fr,EUR
Kamigawa Dynastie Neon,binder,Wanderer's Intervention,NEO,Kamigawa: Neon Dynasty,41,normal,common,4,66684,43708ec9-a85a-4244-86b4-67b30b41d854,0.04,false,false,near_mint,fr,EUR
Kamigawa Dynastie Neon,binder,Fade into Antiquity,NEO,Kamigawa: Neon Dynasty,182,normal,common,5,66874,55174ab7-9f2e-42e5-a61b-57458cfd33f3,0.05,false,false,near_mint,fr,EUR
Kamigawa Dynastie Neon,binder,Ninja's Kunai,NEO,Kamigawa: Neon Dynasty,252,normal,common,3,66901,af6ae567-c77a-416a-b609-4df3d0dd2e18,0.03,false,false,near_mint,fr,EUR
Kamigawa Dynastie Neon,binder,The Long Reach of Night // Animus of Night's Reach,NEO,Kamigawa: Neon Dynasty,109,normal,uncommon,3,66694,4ec18bf7-bd80-408d-acc4-ffaaf7ef6b5b,0.09,false,false,near_mint,fr,EUR
Kamigawa Dynastie Neon,binder,Chainflail Centipede,NEO,Kamigawa: Neon Dynasty,90,normal,common,3,66857,24b8efe0-2f7b-4ada-a1b9-9c5f9e6a114d,0.05,false,false,near_mint,fr,EUR
Kamigawa Dynastie Neon,binder,Simian Sling,NEO,Kamigawa: Neon Dynasty,163,normal,common,3,66351,37a00f95-d563-4d51-a5f2-af139261921a,0.08,false,false,near_mint,fr,EUR
Kamigawa Dynastie Neon,binder,Storyweave,NEO,Kamigawa: Neon Dynasty,209,normal,uncommon,2,66536,50a77eed-aa03-43b7-b3c8-6aee4c96c648,0.09,false,false,near_mint,fr,EUR
Kamigawa Dynastie Neon,binder,Moonsnare Specialist,NEO,Kamigawa: Neon Dynasty,70,normal,common,5,66655,1e8b209f-f577-45cc-9d18-03c1d67d391e,0.02,false,false,near_mint,fr,EUR
Kamigawa Dynastie Neon,binder,Thundersteel Colossus,NEO,Kamigawa: Neon Dynasty,261,normal,common,3,66904,b7d49f9c-2dd3-4aed-9b78-e1bcad354a35,0.06,false,false,near_mint,fr,EUR
Kamigawa Dynastie Neon,binder,Mukotai Ambusher,NEO,Kamigawa: Neon Dynasty,112,normal,common,3,66639,0adf3293-c1e0-447c-8231-26fa9476a262,0.16,false,false,near_mint,fr,EUR
Kamigawa Dynastie Neon,binder,Dramatist's Puppet,NEO,Kamigawa: Neon Dynasty,244,normal,common,4,66903,b490e065-b54a-4015-9768-d0e62f0e2e84,0.05,false,false,near_mint,fr,EUR
Kamigawa Dynastie Neon,binder,Kami of Terrible Secrets,NEO,Kamigawa: Neon Dynasty,105,normal,common,4,66878,58f15af6-eaf5-41b8-b93d-5a90ca219478,0.07,false,false,near_mint,fr,EUR
Kamigawa Dynastie Neon,binder,Leech Gauntlet,NEO,Kamigawa: Neon Dynasty,106,normal,uncommon,3,66417,97986b67-5ae4-492f-a9e0-81f57a829d86,0.08,false,false,near_mint,fr,EUR
Kamigawa Dynastie Neon,binder,Kaito's Pursuit,NEO,Kamigawa: Neon Dynasty,103,normal,common,4,66920,dd73fa5a-be0f-49a4-a921-afefbc8fa9c5,0.17,false,false,near_mint,fr,EUR
Kamigawa Dynastie Neon,binder,Life of Toshiro Umezawa // Memory of Toshiro,NEO,Kamigawa: Neon Dynasty,108,normal,uncommon,3,66481,f7f4adf7-b871-417b-8904-7f024ca21486,0.05,false,false,near_mint,fr,EUR
Kamigawa Dynastie Neon,binder,You Are Already Dead,NEO,Kamigawa: Neon Dynasty,129,normal,common,3,66554,768727ce-4f84-4527-8d69-3c9b7877b748,0.11,false,false,near_mint,fr,EUR
Kamigawa Dynastie Neon,binder,Ambitious Assault,NEO,Kamigawa: Neon Dynasty,133,normal,common,4,66913,d00d618d-abad-475b-b938-e111282ea1c3,0.05,false,false,near_mint,fr,EUR
Kamigawa Dynastie Neon,binder,Scoured Barrens,NEO,Kamigawa: Neon Dynasty,274,normal,common,3,66848,00538414-90f3-41da-b67e-d81cfa643de3,0.06,false,false,near_mint,fr,EUR
Kamigawa Dynastie Neon,binder,Light the Way,NEO,Kamigawa: Neon Dynasty,24,normal,common,3,66522,3a2fd960-c4ec-4dfa-a61d-f8577b9d3519,0.05,false,false,near_mint,fr,EUR
Kamigawa Dynastie Neon,binder,Geothermal Kami,NEO,Kamigawa: Neon Dynasty,186,normal,common,3,66370,559d7162-39fc-4d99-8c5f-b40a765b883a,0.08,false,false,near_mint,fr,EUR
Kamigawa Dynastie Neon,binder,Tamiyo's Safekeeping,NEO,Kamigawa: Neon Dynasty,211,normal,common,3,66930,fd4b7ee2-de65-4288-872d-486065a4f226,2.48,false,false,near_mint,fr,EUR
Kamigawa Dynastie Neon,binder,Short Circuit,NEO,Kamigawa: Neon Dynasty,78,normal,common,3,66730,74fe0fb5-e994-41b1-a73d-4e68f7afdf34,0.04,false,false,near_mint,fr,EUR
Kamigawa Dynastie Neon,binder,Kami's Flare,NEO,Kamigawa: Neon Dynasty,150,normal,common,3,66907,bef5d58e-b490-4682-9a44-12cd61a94c0f,0.04,false,false,near_mint,fr,EUR
Kamigawa Dynastie Neon,binder,Bamboo Grove Archer,NEO,Kamigawa: Neon Dynasty,173,normal,common,3,66407,8b43bb9f-1b84-41cc-a4f9-5875ae6d207c,0.12,false,false,near_mint,fr,EUR
Kamigawa Dynastie Neon,binder,Saiba Trespassers,NEO,Kamigawa: Neon Dynasty,77,normal,common,3,66598,c3dd7f1a-5d43-4218-a9d8-7cc4f6a18ecd,0.02,false,false,near_mint,fr,EUR
Kamigawa Dynastie Neon,binder,Behold the Unspeakable // Vision of the Unspeakable,NEO,Kamigawa: Neon Dynasty,48,normal,uncommon,2,66468,e4d52701-e0dc-474e-b08f-88147200d210,0.07,false,false,near_mint,fr,EUR
Kamigawa Dynastie Neon,binder,Tales of Master Seshiro // Seshiro's Living Legacy,NEO,Kamigawa: Neon Dynasty,210,normal,common,5,66697,512bc867-3a86-4da2-93f0-dd76d6a6f30d,0.07,false,false,near_mint,fr,EUR
Kamigawa Dynastie Neon,binder,Voltage Surge,NEO,Kamigawa: Neon Dynasty,171,normal,common,4,66879,5a9b7141-45b9-4629-a4e4-b50f93929717,0.04,false,false,near_mint,fr,EUR
Kamigawa Dynastie Neon,binder,Harmonious Emergence,NEO,Kamigawa: Neon Dynasty,190,normal,common,3,66910,c92ff968-b436-4313-8375-8a3bb41f9892,0.07,false,false,near_mint,fr,EUR
Kamigawa Dynastie Neon,binder,Jukai Trainee,NEO,Kamigawa: Neon Dynasty,196,normal,common,3,66897,8be526cd-1480-4661-a05b-e004d7b4656c,0.04,false,false,near_mint,fr,EUR
Kamigawa Dynastie Neon,binder,Tamiyo's Compleation,NEO,Kamigawa: Neon Dynasty,83,normal,common,2,66436,aee62e43-6a82-4749-972b-e21802642abf,0.04,false,false,near_mint,fr,EUR
Kamigawa Dynastie Neon,binder,Boseiju Reaches Skyward // Branch of Boseiju,NEO,Kamigawa: Neon Dynasty,177,normal,uncommon,3,66325,1144014b-f13b-4397-97ed-a8de46371a2c,0.09,false,false,near_mint,fr,EUR
Kamigawa Dynastie Neon,binder,Regent's Authority,NEO,Kamigawa: Neon Dynasty,32,normal,common,3,66732,79243e97-fe45-4988-b299-f59a7c53ad31,0.06,false,false,near_mint,fr,EUR
Kamigawa Dynastie Neon,binder,Mirrorshell Crab,NEO,Kamigawa: Neon Dynasty,63,normal,common,3,66630,0394c8df-2e8a-4477-93b7-569934d7b936,0.17,false,false,near_mint,fr,EUR
Kamigawa Dynastie Neon,binder,Imperial Oath,NEO,Kamigawa: Neon Dynasty,17,normal,common,3,66681,3d6750dd-2303-493b-885d-1bfb5787b16c,0.1,false,false,near_mint,fr,EUR
Kamigawa Dynastie Neon,binder,Experimental Synthesizer,NEO,Kamigawa: Neon Dynasty,138,normal,common,3,66909,c47931c9-685d-4b83-8299-bc347224b4e8,0.74,false,false,near_mint,fr,EUR
Kamigawa Dynastie Neon,binder,Akki Ember-Keeper,NEO,Kamigawa: Neon Dynasty,130,normal,common,3,66363,4d83e837-fcd1-4833-9117-e6f1bb53caad,0.05,false,false,near_mint,fr,EUR
Kamigawa Dynastie Neon,binder,Akki Ronin,NEO,Kamigawa: Neon Dynasty,131,normal,common,2,66759,96f15754-1ca6-45b0-a7de-2fe507df2a1a,0.02,false,false,near_mint,fr,EUR
Kamigawa Dynastie Neon,binder,Intercessor's Arrest,NEO,Kamigawa: Neon Dynasty,20,normal,common,3,66832,e83f2148-bb5d-4236-8d12-150deed0577e,0.06,false,false,near_mint,fr,EUR
Kamigawa Dynastie Neon,binder,Era of Enlightenment // Hand of Enlightenment,NEO,Kamigawa: Neon Dynasty,11,normal,common,3,66390,74f43827-2b9b-4fc9-a6e2-c682dfbf14f7,0.05,false,false,near_mint,fr,EUR
Kamigawa Dynastie Neon,binder,Kitsune Ace,NEO,Kamigawa: Neon Dynasty,22,normal,common,3,66838,ef1d446a-8607-45b8-a01f-dad17bab76e7,0.05,false,false,near_mint,fr,EUR
Kamigawa Dynastie Neon,binder,Kami of Industry,NEO,Kamigawa: Neon Dynasty,149,normal,common,3,66809,d3d00e61-3007-43da-960b-823e9ead2acf,0.06,false,false,near_mint,fr,EUR
Kamigawa Dynastie Neon,binder,Discover the Impossible,NEO,Kamigawa: Neon Dynasty,50,normal,uncommon,2,66568,8c201117-9850-4e92-9ecc-e4d71a70a959,0.08,false,false,near_mint,fr,EUR
Kamigawa Dynastie Neon,binder,Crackling Emergence,NEO,Kamigawa: Neon Dynasty,136,normal,common,3,66886,6f77f987-ebb7-4105-a67c-0987f50fc676,0.03,false,false,near_mint,fr,EUR
Kamigawa Dynastie Neon,binder,Seismic Wave,NEO,Kamigawa: Neon Dynasty,161,normal,uncommon,2,66827,e55b8ffb-c2e4-4676-9051-ff6c686cad0b,0.04,false,false,near_mint,fr,EUR
Kamigawa Dynastie Neon,binder,Suit Up,NEO,Kamigawa: Neon Dynasty,81,normal,common,4,66696,50870bfd-7779-4a1c-b18f-57fac7e193b1,0.02,false,false,near_mint,fr,EUR
Kamigawa Dynastie Neon,binder,Season of Renewal,NEO,Kamigawa: Neon Dynasty,205,normal,common,4,66894,841f0ec2-94c7-4cec-94bb-b365084ca45f,0.1,false,false,near_mint,fr,EUR
Kamigawa Dynastie Neon,binder,Repel the Vile,NEO,Kamigawa: Neon Dynasty,33,normal,common,3,66763,9a37d5b4-af3a-48b0-895f-91b652108ef6,0.04,false,false,near_mint,fr,EUR
Kamigawa Dynastie Neon,binder,Befriending the Moths // Imperial Moth,NEO,Kamigawa: Neon Dynasty,4,normal,common,3,66406,8ad44884-ae0d-40ae-87a9-bad043d4e9ad,0.02,false,false,near_mint,fr,EUR
Kamigawa Dynastie Neon,binder,Scrapyard Steelbreaker,NEO,Kamigawa: Neon Dynasty,160,normal,common,3,66875,5776e576-5562-45ea-a29b-185410317e17,0.04,false,false,near_mint,fr,EUR
Kamigawa Dynastie Neon,binder,Commune with Spirits,NEO,Kamigawa: Neon Dynasty,180,normal,common,3,66899,a35ff4dd-bad3-4496-82b3-8253f48af06d,0.15,false,false,near_mint,fr,EUR
Kamigawa Dynastie Neon,binder,Bearer of Memory,NEO,Kamigawa: Neon Dynasty,174,normal,common,3,66873,540ba70a-bea8-4512-83ba-92dab6d25b52,0.03,false,false,near_mint,fr,EUR
Meurtre au Manoir Karlov,binder,Lumbering Laundry,MKM,Murders at Karlov Manor,253,normal,uncommon,2,90632,080ad039-1669-4735-9864-76f4c61fc59e,0.03,false,false,near_mint,fr,EUR
Meurtre au Manoir Karlov,binder,Forest,MKM,Murders at Karlov Manor,286,normal,common,3,90943,6cb8f264-cc26-476e-a3b7-53638dce7395,0.05,false,false,near_mint,fr,EUR
Meurtre au Manoir Karlov,binder,Forest,MKM,Murders at Karlov Manor,285,normal,common,3,91211,cc485069-e081-4e83-bbad-d5faf7a5bd03,0.03,false,false,near_mint,fr,EUR
Meurtre au Manoir Karlov,binder,Forest,MKM,Murders at Karlov Manor,286,foil,common,3,90943,6cb8f264-cc26-476e-a3b7-53638dce7395,0.16,false,false,near_mint,fr,EUR
Meurtre au Manoir Karlov,binder,Case of the Trampled Garden,MKM,Murders at Karlov Manor,156,normal,uncommon,2,91076,9e80f5c7-ae29-473c-ac64-04bcbc629385,0.14,false,false,near_mint,fr,EUR
Meurtre au Manoir Karlov,binder,Fanatical Strength,MKM,Murders at Karlov Manor,159,normal,common,2,90841,4941fa74-c7b9-4468-8080-de8057d3d27b,0.11,false,false,near_mint,fr,EUR
Meurtre au Manoir Karlov,binder,Pick Your Poison,MKM,Murders at Karlov Manor,170,normal,common,3,91312,f58cfb23-4d99-4133-bf4b-d7e7c7d17cea,0.43,false,false,near_mint,fr,EUR
Meurtre au Manoir Karlov,binder,Mountain,MKM,Murders at Karlov Manor,283,normal,common,4,91248,de754d20-5371-456b-9064-8f0687d2eab7,0.04,false,false,near_mint,fr,EUR
Meurtre au Manoir Karlov,binder,The Chase Is On,MKM,Murders at Karlov Manor,116,normal,common,3,90693,1d54d596-f7aa-4b05-ab13-19b246698c04,0.03,false,false,near_mint,fr,EUR
Meurtre au Manoir Karlov,binder,Case of the Gateway Express,MKM,Murders at Karlov Manor,8,normal,uncommon,3,90635,0862bf07-8a76-4e80-bba2-20d22f8eee30,0.17,false,false,near_mint,fr,EUR
Meurtre au Manoir Karlov,binder,On the Job,MKM,Murders at Karlov Manor,30,normal,common,3,90840,48b92629-4196-4943-91fd-8c8d5f3fcaef,0.04,false,false,near_mint,fr,EUR
Meurtre au Manoir Karlov,binder,Karlov Watchdog,MKM,Murders at Karlov Manor,20,normal,uncommon,3,90983,79cfb366-ae2a-4b3d-9a80-383a32db1509,0.05,false,false,near_mint,fr,EUR
Meurtre au Manoir Karlov,binder,Wrench,MKM,Murders at Karlov Manor,37,normal,uncommon,2,91183,c36cc39b-8f3b-4297-b118-86fa624308b4,0.07,false,false,near_mint,fr,EUR
Meurtre au Manoir Karlov,binder,Long Goodbye,MKM,Murders at Karlov Manor,92,normal,uncommon,2,91184,c3896705-bbd2-4ffb-a590-ee78e0eabdc5,0.32,false,false,near_mint,fr,EUR
Meurtre au Manoir Karlov,binder,Novice Inspector,MKM,Murders at Karlov Manor,29,normal,common,3,90643,0ad38866-fc5f-4f62-89c1-afc0f50765aa,0.23,false,false,near_mint,fr,EUR
Meurtre au Manoir Karlov,binder,Make Your Move,MKM,Murders at Karlov Manor,22,normal,common,4,90968,73475d29-2673-4614-86d3-404232426aa8,0.07,false,false,near_mint,fr,EUR
Meurtre au Manoir Karlov,binder,Plains,MKM,Murders at Karlov Manor,277,normal,common,4,91010,81a1a8a6-916b-4eef-8079-6775afcb63cf,0.15,false,false,near_mint,fr,EUR
Meurtre au Manoir Karlov,binder,Plains,MKM,Murders at Karlov Manor,277,foil,common,2,91010,81a1a8a6-916b-4eef-8079-6775afcb63cf,0.07,false,false,near_mint,fr,EUR
Meurtre au Manoir Karlov,binder,Plains,MKM,Murders at Karlov Manor,278,normal,common,3,91284,ec05cb6c-6e7f-4d40-ba38-a9fc06158094,0.14,false,false,near_mint,fr,EUR
Meurtre au Manoir Karlov,binder,Plains,MKM,Murders at Karlov Manor,278,foil,common,2,91284,ec05cb6c-6e7f-4d40-ba38-a9fc06158094,0.09,false,false,near_mint,fr,EUR
Meurtre au Manoir Karlov,binder,Tenth District Hero,MKM,Murders at Karlov Manor,34,normal,rare,2,90992,7c65a79e-f28a-4f30-95a4-1ea55fd84564,0.1,false,false,near_mint,fr,EUR
Meurtre au Manoir Karlov,binder,Due Diligence,MKM,Murders at Karlov Manor,14,normal,common,4,90630,076d9f76-a247-4727-9e0f-a0289c51059e,0.05,false,false,near_mint,fr,EUR
Meurtre au Manoir Karlov,binder,Curious Inquiry,MKM,Murders at Karlov Manor,51,normal,uncommon,2,90896,5a3603c6-92df-45c7-b402-1f0a552ea398,0.08,false,false,near_mint,fr,EUR
Meurtre au Manoir Karlov,binder,Not on My Watch,MKM,Murders at Karlov Manor,28,normal,uncommon,2,90956,700294fc-7c16-4f7d-bce0-7452d8e9c401,0.25,false,false,near_mint,fr,EUR
Meurtre au Manoir Karlov,binder,Griffnaut Tracker,MKM,Murders at Karlov Manor,17,normal,common,3,91061,95f5d048-226f-49a4-a2ce-a6fa99aa9e8a,0.02,false,false,near_mint,fr,EUR
Meurtre au Manoir Karlov,binder,Extract a Confession,MKM,Murders at Karlov Manor,84,normal,common,4,90724,256c8b6e-4031-458b-8eb9-bbfe58405a0c,0.16,false,false,near_mint,fr,EUR
Meurtre au Manoir Karlov,binder,Magnifying Glass,MKM,Murders at Karlov Manor,255,normal,common,4,91192,c606a71f-8fb0-486b-955f-727ebf436946,0.05,false,false,near_mint,fr,EUR
Meurtre au Manoir Karlov,binder,Hunted Bonebrute,MKM,Murders at Karlov Manor,87,normal,rare,2,91095,a4ca0e10-8b7c-4ce2-888b-752fc909757a,0.22,false,false,near_mint,fr,EUR
Meurtre au Manoir Karlov,binder,Presumed Dead,MKM,Murders at Karlov Manor,100,normal,uncommon,2,90853,4dd64e5c-ea0b-4ea0-aba3-88e7e96ac7ba,0.12,false,false,near_mint,fr,EUR
Meurtre au Manoir Karlov,binder,Person of Interest,MKM,Murders at Karlov Manor,139,normal,common,2,90997,7d56ebff-67c8-4bc7-a533-ddde4ce0c2af,0.04,false,false,near_mint,fr,EUR
Meurtre au Manoir Karlov,binder,Knife,MKM,Murders at Karlov Manor,134,normal,uncommon,2,91148,b6883788-e1ee-4ddd-add2-24d6bc367717,0.04,false,false,near_mint,fr,EUR
Meurtre au Manoir Karlov,binder,Demand Answers,MKM,Murders at Karlov Manor,122,normal,common,2,91286,eca092fc-7c67-4a73-989e-5297bbaaea76,0.36,false,false,near_mint,fr,EUR
Meurtre au Manoir Karlov,binder,Swamp,MKM,Murders at Karlov Manor,281,normal,common,4,90961,70d0ef58-c0b3-4bcd-b470-0cf41219a4e6,0.09,false,false,near_mint,fr,EUR
Meurtre au Manoir Karlov,binder,Swamp,MKM,Murders at Karlov Manor,282,normal,common,4,91136,b1cbccfc-3585-4895-94d1-c3a67205e5fe,0.1,false,false,near_mint,fr,EUR
Meurtre au Manoir Karlov,binder,Toxin Analysis,MKM,Murders at Karlov Manor,107,normal,common,4,90660,0eda1aff-c1f4-4171-a800-605396cc8168,0.21,false,false,near_mint,fr,EUR
Meurtre au Manoir Karlov,binder,Island,MKM,Murders at Karlov Manor,280,normal,common,3,91250,df18762d-9980-4344-9d4f-e9d2cd8e0456,0.02,false,false,near_mint,fr,EUR
Meurtre au Manoir Karlov,binder,Island,MKM,Murders at Karlov Manor,279,normal,common,4,90934,6908b583-4a52-4819-82a3-9db9c860aeb6,0.15,false,false,near_mint,fr,EUR
Meurtre au Manoir Karlov,binder,Slice from the Shadows,MKM,Murders at Karlov Manor,103,normal,common,2,90770,317800b3-6b2d-4de6-8e44-7e54dd623055,0.15,false,false,near_mint,fr,EUR
Meurtre au Manoir Karlov,binder,Murder,MKM,Murders at Karlov Manor,95,normal,common,2,90697,1ea6438b-0e6c-4d65-8bcd-34a988717c81,0.02,false,false,near_mint,fr,EUR
Meurtre au Manoir Karlov,binder,Swamp,MKM,Murders at Karlov Manor,282,foil,common,2,91136,b1cbccfc-3585-4895-94d1-c3a67205e5fe,0.16,false,false,near_mint,fr,EUR
Meurtre au Manoir Karlov,binder,Gravestone Strider,MKM,Murders at Karlov Manor,252,normal,common,4,90704,1f952d8d-c089-432c-822a-8ef1e605ae38,0.04,false,false,near_mint,fr,EUR
Meurtre au Manoir Karlov,binder,Unscrupulous Agent,MKM,Murders at Karlov Manor,109,normal,common,4,90789,37692f9a-3825-43aa-aacb-1bb92cb5bd07,0.02,false,false,near_mint,fr,EUR
Meurtre au Manoir Karlov,binder,Reenact the Crime,MKM,Murders at Karlov Manor,70,normal,rare,2,91230,d942e4ce-f582-4264-89aa-9b4a743e6b29,0.22,false,false,near_mint,fr,EUR
Meurtre au Manoir Karlov,binder,Nervous Gardener,MKM,Murders at Karlov Manor,169,normal,common,4,91056,93b747c7-b342-47f8-a190-16c393b20607,0.07,false,false,near_mint,fr,EUR
Meurtre au Manoir Karlov,binder,Airtight Alibi,MKM,Murders at Karlov Manor,149,normal,common,5,91173,bffbbe21-0a1d-48b9-903e-81c109aa11de,0.06,false,false,near_mint,fr,EUR
Meurtre au Manoir Karlov,binder,Eliminate the Impossible,MKM,Murders at Karlov Manor,54,normal,uncommon,2,90839,486f1cc2-c162-448e-91a9-577d7d796584,0.07,false,false,near_mint,fr,EUR
Meurtre au Manoir Karlov,binder,Topiary Panther,MKM,Murders at Karlov Manor,179,normal,common,4,90623,03d0365e-6dee-4236-a997-6761e3cde90d,0.05,false,false,near_mint,fr,EUR
Meurtre au Manoir Karlov,binder,Public Thoroughfare,MKM,Murders at Karlov Manor,265,normal,common,4,90703,1f8b915f-3e82-4b05-b963-01ebff7a8f7b,0.09,false,false,near_mint,fr,EUR
Meurtre au Manoir Karlov,binder,Nervous Gardener,MKM,Murders at Karlov Manor,169,foil,common,2,91056,93b747c7-b342-47f8-a190-16c393b20607,0.2,false,false,near_mint,fr,EUR
Meurtre au Manoir Karlov,binder,They Went This Way,MKM,Murders at Karlov Manor,178,normal,common,4,91307,f4a31d4a-34bc-46b4-b20f-a5460191b35d,0.15,false,false,near_mint,fr,EUR
Meurtre au Manoir Karlov,binder,Seat of the Synod,MRD,Mirrodin,283,normal,common,2,29762,5da5587d-6b6c-4645-8cc9-2866d1e6911b,0.69,false,false,near_mint,fr,EUR
Meurtre au Manoir Karlov,binder,Sudden Setback,MKM,Murders at Karlov Manor,72,normal,uncommon,3,90647,0b9e5fd6-a5ea-4ae5-83f5-89ed6a658dd3,0.11,false,false,near_mint,fr,EUR
Meurtre au Manoir Karlov,binder,Dramatic Accusation,MKM,Murders at Karlov Manor,53,normal,common,3,90755,2ca93438-a132-45ca-9fa8-364aeb519594,0.03,false,false,near_mint,fr,EUR
Meurtre au Manoir Karlov,binder,Unauthorized Exit,MKM,Murders at Karlov Manor,74,normal,common,3,91033,8a458474-d721-46d7-b487-6a47dc063cfd,0.11,false,false,near_mint,fr,EUR
Meurtre au Manoir Karlov,binder,Aftermath Analyst,MKM,Murders at Karlov Manor,148,normal,uncommon,3,90686,1c1aa6f8-2d34-4f4b-9184-0eab2e4745f7,1.55,false,false,near_mint,fr,EUR
Meurtre au Manoir Karlov,binder,Alley Assailant,MKM,Murders at Karlov Manor,76,normal,common,3,91293,edf238c9-61de-4f3a-b82f-05af46e5e81b,0.02,false,false,near_mint,fr,EUR
Meurtre au Manoir Karlov,binder,Auspicious Arrival,MKM,Murders at Karlov Manor,5,normal,common,4,90862,5180c85c-6add-4066-83c4-27fb1fd4de16,0.04,false,false,near_mint,fr,EUR
Meurtre au Manoir Karlov,binder,"Judith, Carnage Connoisseur",MKM,Murders at Karlov Manor,210,normal,rare,2,90814,3eaa19ce-cace-499e-8b23-ef9e56b23700,0.2,false,false,near_mint,fr,EUR
Meurtre au Manoir Karlov,binder,Basilica Stalker,MKM,Murders at Karlov Manor,78,normal,common,4,91336,fdafea8f-283d-4f19-a74a-669bfbdfed98,0.02,false,false,near_mint,fr,EUR
Meurtre au Manoir Karlov,binder,Burden of Proof,MKM,Murders at Karlov Manor,42,normal,uncommon,4,90855,4ea29c34-4b55-4170-9120-0a8dda61f2eb,0.03,false,false,near_mint,fr,EUR
Meurtre au Manoir Karlov,binder,Swamp,MKM,Murders at Karlov Manor,274,normal,common,6,90874,53d0a415-26b8-4ba2-9503-b4ee2b93617c,0.28,false,false,near_mint,fr,EUR
Meurtre au Manoir Karlov,binder,Snarling Gorehound,MKM,Murders at Karlov Manor,105,normal,common,4,91055,93ab3e11-8584-406f-b9ae-9e1df4396cbc,0.23,false,false,near_mint,fr,EUR
Meurtre au Manoir Karlov,binder,Thinking Cap,MKM,Murders at Karlov Manor,257,normal,common,4,90945,6d2565e1-dd7b-462b-8270-a17913277793,0.05,false,false,near_mint,fr,EUR
Meurtre au Manoir Karlov,binder,Murder,MKM,Murders at Karlov Manor,300,normal,common,2,90849,4c98fcd3-8273-459f-857d-d0a34a1d285a,0.08,false,false,near_mint,fr,EUR
Meurtre au Manoir Karlov,binder,Jaded Analyst,MKM,Murders at Karlov Manor,62,normal,common,4,90735,2807dcfb-d99c-483b-835f-2606eae4bd30,0.03,false,false,near_mint,fr,EUR
Meurtre au Manoir Karlov,binder,Suspicious Detonation,MKM,Murders at Karlov Manor,145,normal,common,3,90948,6e280482-ed7e-4011-899e-096ff7bd4c41,0.03,false,false,near_mint,fr,EUR
Meurtre au Manoir Karlov,binder,Bubble Smuggler,MKM,Murders at Karlov Manor,41,normal,common,5,90939,6b863ee0-d9f3-4b1e-993d-5212731d9353,0.09,false,false,near_mint,fr,EUR
Meurtre au Manoir Karlov,binder,Crime Novelist,MKM,Murders at Karlov Manor,121,normal,uncommon,2,90673,14a5cd7c-b0b1-4ffa-a806-bb0e73baffad,0.5,false,false,near_mint,fr,EUR
Meurtre au Manoir Karlov,binder,Offender at Large,MKM,Murders at Karlov Manor,138,normal,common,4,91301,f096ff4a-85f4-46f1-9478-e8921f21309d,0.04,false,false,near_mint,fr,EUR
Meurtre au Manoir Karlov,binder,Cerebral Confiscation,MKM,Murders at Karlov Manor,81,normal,common,6,90804,3c3c3d15-b775-44a2-91ea-4abcc3cf2dba,0.08,false,false,near_mint,fr,EUR
Meurtre au Manoir Karlov,binder,Reasonable Doubt,MKM,Murders at Karlov Manor,69,normal,common,3,90732,270570a3-8637-4e4e-92d9-e985474cd5d2,0.04,false,false,near_mint,fr,EUR
Meurtre au Manoir Karlov,binder,Island,MKM,Murders at Karlov Manor,273,normal,common,4,91340,fe5f01e9-f85f-41e8-9527-88f76e7bfc02,0.21,false,false,near_mint,fr,EUR
Meurtre au Manoir Karlov,binder,Cold Case Cracker,MKM,Murders at Karlov Manor,46,normal,common,3,91300,f082111b-9b1c-4a25-8c5d-d6ef77533a9b,0.02,false,false,near_mint,fr,EUR
Meurtre au Manoir Karlov,binder,Riftburst Hellion,MKM,Murders at Karlov Manor,228,normal,common,5,91081,9fae9044-a859-434d-8dc6-4f9d455ca5e1,0.07,false,false,near_mint,fr,EUR
Meurtre au Manoir Karlov,binder,Repeat Offender,MKM,Murders at Karlov Manor,101,normal,common,3,90651,0c2ca1e7-e0de-4d29-a81b-62185ccd295f,0.02,false,false,near_mint,fr,EUR
Meurtre au Manoir Karlov,binder,Relive the Past,MKM,Murders at Karlov Manor,226,normal,rare,3,90709,20948cd2-e40c-4648-832f-ab0f1cc21610,0.09,false,false,near_mint,fr,EUR
Meurtre au Manoir Karlov,binder,Glint Weaver,MKM,Murders at Karlov Manor,162,normal,uncommon,2,91203,c8eff4d0-67ad-4900-b33d-605659b59161,0.08,false,false,near_mint,fr,EUR
Meurtre au Manoir Karlov,binder,Frantic Scapegoat,MKM,Murders at Karlov Manor,126,normal,uncommon,2,91283,eb81e343-7242-44b1-9ce6-1dddd104f764,0.1,false,false,near_mint,fr,EUR
Meurtre au Manoir Karlov,binder,Macabre Reconstruction,MKM,Murders at Karlov Manor,93,normal,common,4,91117,abb6184c-e3d0-4275-b25b-95e4a64b26f3,0.02,false,false,near_mint,fr,EUR
Meurtre au Manoir Karlov,binder,Crowd-Control Warden,MKM,Murders at Karlov Manor,193,normal,common,4,91215,cdf0578f-4966-4ecd-81e1-83ae13126f13,0.08,false,false,near_mint,fr,EUR
Meurtre au Manoir Karlov,binder,Repulsive Mutation,MKM,Murders at Karlov Manor,227,normal,uncommon,3,90964,71701c28-f113-4d38-8fd3-a19cd9749661,0.28,false,false,near_mint,fr,EUR
Meurtre au Manoir Karlov,binder,Sanguine Savior,MKM,Murders at Karlov Manor,230,normal,common,4,91073,9cba5503-ba99-43d8-8062-66d905e0d86b,0.08,false,false,near_mint,fr,EUR
Meurtre au Manoir Karlov,binder,Hotshot Investigators,MKM,Murders at Karlov Manor,60,normal,common,5,91046,8dc3b23b-04d6-4ac0-b698-596ea90b7781,0.04,false,false,near_mint,fr,EUR
Meurtre au Manoir Karlov,binder,Bite Down on Crime,MKM,Murders at Karlov Manor,154,normal,common,4,90742,29bbfe93-8225-444c-835b-33ffa006ef66,0.05,false,false,near_mint,fr,EUR
Meurtre au Manoir Karlov,binder,Innocent Bystander,MKM,Murders at Karlov Manor,133,normal,common,5,90634,085f4595-4ae5-428e-a934-e918774df6fd,0.02,false,false,near_mint,fr,EUR
Meurtre au Manoir Karlov,binder,Polygraph Orb,MKM,Murders at Karlov Manor,99,normal,uncommon,2,91101,a6cc4c6f-4a84-4d42-89fa-7405f7ad6ba0,0.07,false,false,near_mint,fr,EUR
Meurtre au Manoir Karlov,binder,Vengeful Tracker,MKM,Murders at Karlov Manor,147,normal,uncommon,2,91086,a247c9a0-0c65-47bc-92fd-bebe95cd35a3,0.07,false,false,near_mint,fr,EUR
Meurtre au Manoir Karlov,binder,Mountain,MKM,Murders at Karlov Manor,275,normal,common,5,90871,5383b66e-e559-47d2-9967-9c2d5f898653,0.2,false,false,near_mint,fr,EUR
Meurtre au Manoir Karlov,binder,Vitu-Ghazi Inspector,MKM,Murders at Karlov Manor,183,normal,common,5,90927,664d15d7-2724-4a9b-b5a7-8042d4b7da7b,0.09,false,false,near_mint,fr,EUR
Meurtre au Manoir Karlov,binder,Vengeful Creeper,MKM,Murders at Karlov Manor,182,normal,common,4,90987,7a914416-effd-4eda-b609-2773c53a08ec,0.09,false,false,near_mint,fr,EUR
Meurtre au Manoir Karlov,binder,Case of the Burning Masks,MKM,Murders at Karlov Manor,113,normal,uncommon,2,90743,29ee07df-215f-45a6-9a5a-708143d73e45,0.06,false,false,near_mint,fr,EUR
Meurtre au Manoir Karlov,binder,Crimestopper Sprite,MKM,Murders at Karlov Manor,49,normal,common,4,91243,dc4ac597-38f0-48b5-ac2d-dfb0b169f834,0.02,false,false,near_mint,fr,EUR
Meurtre au Manoir Karlov,binder,Slice from the Shadows,MKM,Murders at Karlov Manor,301,normal,common,2,91220,d4e49c72-0fa2-4271-aabd-38a3e2b4779c,0.09,false,false,near_mint,fr,EUR
Meurtre au Manoir Karlov,binder,Granite Witness,MKM,Murders at Karlov Manor,206,normal,common,4,91235,daee9d98-f8c6-4980-8f23-c6c636b69430,0.02,false,false,near_mint,fr,EUR
Meurtre au Manoir Karlov,binder,A Killer Among Us,MKM,Murders at Karlov Manor,167,normal,uncommon,2,90750,2c1392c5-91a5-4e6e-803d-ed032e4d594b,0.03,false,false,near_mint,fr,EUR
Meurtre au Manoir Karlov,binder,Deduce,MKM,Murders at Karlov Manor,52,normal,common,4,90996,7cbb17af-e17e-438a-ad72-0c942e6706b6,0.14,false,false,near_mint,fr,EUR
Meurtre au Manoir Karlov,binder,Makeshift Binding,MKM,Murders at Karlov Manor,290,normal,common,2,91308,f512dafb-3cba-4415-9f26-9345f1935b1e,0.08,false,false,near_mint,fr,EUR
Meurtre au Manoir Karlov,binder,Agency Outfitter,MKM,Murders at Karlov Manor,38,normal,uncommon,2,91008,8112f133-535e-4264-8357-9cbf97957710,0.04,false,false,near_mint,fr,EUR
Meurtre au Manoir Karlov,binder,Case of the Filched Falcon,MKM,Murders at Karlov Manor,44,normal,uncommon,2,90729,266be5bd-71ba-4511-8b71-d0b03885a28d,0.1,false,false,near_mint,fr,EUR
Meurtre au Manoir Karlov,binder,Rakish Scoundrel,MKM,Murders at Karlov Manor,225,normal,common,4,90937,6aaa8c6b-7ef7-45db-99c9-4a6e7f177b94,0.03,false,false,near_mint,fr,EUR
Meurtre au Manoir Karlov,binder,Rubblebelt Maverick,MKM,Murders at Karlov Manor,174,normal,common,3,91011,81c7ff67-b9e1-4d2e-b1ae-da9b946da00b,0.06,false,false,near_mint,fr,EUR
Meurtre au Manoir Karlov,binder,Scene of the Crime,MKM,Murders at Karlov Manor,267,normal,uncommon,3,91247,de039992-631b-4feb-a522-acdb0a6d1f26,0.19,false,false,near_mint,fr,EUR
Meurtre au Manoir Karlov,binder,Makeshift Binding,MKM,Murders at Karlov Manor,23,normal,common,3,91261,e45d2e0c-d70d-40e5-8c3d-db6803393516,0.04,false,false,near_mint,fr,EUR
Meurtre au Manoir Karlov,binder,Shady Informant,MKM,Murders at Karlov Manor,231,normal,common,3,90659,0de36e63-8190-415f-b65b-bae1e595845d,0.03,false,false,near_mint,fr,EUR
Meurtre au Manoir Karlov,binder,Marketwatch Phantom,MKM,Murders at Karlov Manor,24,normal,common,4,91237,daf6a392-3fc4-45d1-b85d-3b1381b3ab7d,0.06,false,false,near_mint,fr,EUR
Meurtre au Manoir Karlov,binder,Gearbane Orangutan,MKM,Murders at Karlov Manor,129,normal,common,5,90933,6900a344-a155-4ee1-a3ac-d6c28e024270,0.06,false,false,near_mint,fr,EUR
Meurtre au Manoir Karlov,binder,Red Herring,MKM,Murders at Karlov Manor,142,normal,common,3,90942,6c137a44-9ab6-4e59-8324-34d9dca8f5a6,0.09,false,false,near_mint,fr,EUR
Meurtre au Manoir Karlov,binder,Bolrac-Clan Basher,MKM,Murders at Karlov Manor,112,normal,uncommon,2,91151,b87683f7-8a61-4e4a-8b8b-3bf812454096,0.06,false,false,near_mint,fr,EUR
Meurtre au Manoir Karlov,binder,Out Cold,MKM,Murders at Karlov Manor,66,normal,common,3,91114,aabfada0-3c1b-4237-b06c-573071ccd68d,0.05,false,false,near_mint,fr,EUR
Meurtre au Manoir Karlov,binder,Loxodon Eavesdropper,MKM,Murders at Karlov Manor,168,normal,common,4,91158,bbbf8c3a-6c74-42fd-bb8d-61e3f0a77848,0.04,false,false,near_mint,fr,EUR
Meurtre au Manoir Karlov,binder,Private Eye,MKM,Murders at Karlov Manor,223,normal,uncommon,3,91150,b6a50807-058e-45dc-847c-8ffd13b1bd48,0.08,false,false,near_mint,fr,EUR
Meurtre au Manoir Karlov,binder,Goblin Maskmaker,MKM,Murders at Karlov Manor,130,normal,common,4,90917,6154a991-c602-4fca-91a3-3830060da60e,0.03,false,false,near_mint,fr,EUR
Meurtre au Manoir Karlov,binder,Behind the Mask,MKM,Murders at Karlov Manor,39,normal,common,3,91264,e522b043-fbd8-48a4-9f20-39e2a66a35ec,0.02,false,false,near_mint,fr,EUR
Meurtre au Manoir Karlov,binder,Haazda Vigilante,MKM,Murders at Karlov Manor,18,normal,common,3,90866,5277fe72-dc33-4d19-a439-63b5344c6034,0.03,false,false,near_mint,fr,EUR
Meurtre au Manoir Karlov,binder,Rubblebelt Braggart,MKM,Murders at Karlov Manor,143,normal,common,4,91322,f90f8691-210a-4bf0-9fc2-fb2efcf057fb,0.03,false,false,near_mint,fr,EUR
Meurtre au Manoir Karlov,binder,Undercover Crocodelf,MKM,Murders at Karlov Manor,239,normal,common,4,90902,5bc669c8-6f39-4d52-82d3-a4005d41c8a5,0.06,false,false,near_mint,fr,EUR
Meurtre au Manoir Karlov,binder,Escape Tunnel,MKM,Murders at Karlov Manor,261,normal,common,3,91057,93ddde4f-d35e-4128-8f43-d0eadbd715de,0.2,false,false,near_mint,fr,EUR
Meurtre au Manoir Karlov,binder,Plains,MKM,Murders at Karlov Manor,272,normal,common,3,90895,598f857d-ee17-4478-bb39-cc3ab77ab8d8,0.25,false,false,near_mint,fr,EUR
Meurtre au Manoir Karlov,binder,Benthic Criminologists,MKM,Murders at Karlov Manor,40,normal,common,4,90736,283b6b5a-acdf-4255-a294-0964d9c62686,0.02,false,false,near_mint,fr,EUR
Meurtre au Manoir Karlov,binder,The Pride of Hull Clade,MKM,Murders at Karlov Manor,172,normal,mythic,2,91292,edb40ab9-e552-4eb5-9c35-09094136dd4f,1.43,false,false,near_mint,fr,EUR
Meurtre au Manoir Karlov,binder,Chalk Outline,MKM,Murders at Karlov Manor,157,normal,uncommon,2,91139,b3ff56c1-4153-4e15-9ac6-06d93fa2ae50,0.08,false,false,near_mint,fr,EUR
Meurtre au Manoir Karlov,binder,Culvert Ambusher,MKM,Murders at Karlov Manor,158,normal,uncommon,2,90756,2ccdc58b-1e7e-402c-88f9-c789ff1dae31,0.04,false,false,near_mint,fr,EUR
Meurtre au Manoir Karlov,binder,Museum Nightwatch,MKM,Murders at Karlov Manor,25,normal,common,5,90790,37860682-4973-4a0f-a43a-3056037bd2dc,0.05,false,false,near_mint,fr,EUR
Meurtre au Manoir Karlov,binder,Seasoned Consultant,MKM,Murders at Karlov Manor,33,normal,common,5,91175,c0ebfe5d-8819-495d-bf72-b9c28c6fd23e,0.02,false,false,near_mint,fr,EUR
Meurtre au Manoir Karlov,binder,Defenestrated Phantom,MKM,Murders at Karlov Manor,11,normal,common,3,91037,8b284304-c3bf-4413-9fd3-b44eb4eb642a,0.04,false,false,near_mint,fr,EUR
Meurtre au Manoir Karlov,binder,Rot Farm Mortipede,MKM,Murders at Karlov Manor,102,normal,common,5,90617,023b0142-663a-47e7-a9f1-0b565a172b60,0.06,false,false,near_mint,fr,EUR
Meurtre au Manoir Karlov,binder,Inside Source,MKM,Murders at Karlov Manor,19,normal,common,2,90675,1548d181-3f83-457a-b2d3-eb88cfb2afda,0.03,false,false,near_mint,fr,EUR
Meurtre au Manoir Karlov,binder,Case of the Pilfered Proof,MKM,Murders at Karlov Manor,9,normal,uncommon,3,90776,32927bf2-63c1-4402-99dc-3a0f2f8e0f9c,0.07,false,false,near_mint,fr,EUR
Meurtre au Manoir Karlov,binder,Galvanize,MKM,Murders at Karlov Manor,128,normal,common,4,90923,64ed3bfa-3294-45dd-825e-3afc2580f0d4,0.03,false,false,near_mint,fr,EUR
Meurtre au Manoir Karlov,binder,Faerie Snoop,MKM,Murders at Karlov Manor,203,normal,common,4,90707,20267dab-8898-4b44-8ef4-8a239967662c,0.06,false,false,near_mint,fr,EUR
Meurtre au Manoir Karlov,binder,Shock,MKM,Murders at Karlov Manor,144,normal,common,5,90741,298747bb-eb40-4b58-bb22-4ac2bc1d795c,0.02,false,false,near_mint,fr,EUR
Meurtre au Manoir Karlov,binder,Felonious Rage,MKM,Murders at Karlov Manor,125,normal,common,3,90830,4538d6a8-a24a-40e3-b894-45a30882c92a,0.07,false,false,near_mint,fr,EUR
Meurtre au Manoir Karlov,binder,Agency Coroner,MKM,Murders at Karlov Manor,75,normal,common,3,91223,d63f2c23-e877-42e3-9362-5d003a173c6d,0.04,false,false,near_mint,fr,EUR
Meurtre au Manoir Karlov,binder,Sanitation Automaton,MKM,Murders at Karlov Manor,256,normal,common,4,90864,52608ba4-c47d-44e4-b624-dee2a3a42ae2,0.07,false,false,near_mint,fr,EUR
Meurtre au Manoir Karlov,binder,Gadget Technician,MKM,Murders at Karlov Manor,204,normal,common,4,90802,3b489a54-ee43-4962-be7b-16e0e28800e0,0.03,false,false,near_mint,fr,EUR
Meurtre au Manoir Karlov,binder,Case of the Crimson Pulse,MKM,Murders at Karlov Manor,114,normal,rare,3,91157,bb18b1de-bc08-4522-b891-6117a8271534,0.4,false,false,near_mint,fr,EUR
Meurtre au Manoir Karlov,binder,Projektor Inspector,MKM,Murders at Karlov Manor,68,normal,common,4,91120,ad378843-e2b0-48d6-90dc-b584e857473d,0.03,false,false,near_mint,fr,EUR
Meurtre au Manoir Karlov,binder,Forest,MKM,Murders at Karlov Manor,276,normal,common,4,91009,8126b842-ea58-4988-8b3f-0394cf766b91,0.16,false,false,near_mint,fr,EUR
Meurtre au Manoir Karlov,binder,Festerleech,MKM,Murders at Karlov Manor,85,normal,uncommon,3,91017,83a6fa37-8351-403b-ae05-b67e9bf74bbb,0.05,false,false,near_mint,fr,EUR
Meurtre au Manoir Karlov,binder,Fanatical Strength,MKM,Murders at Karlov Manor,310,normal,common,2,90739,28ee8b5b-ab55-4a26-9491-a0dc20cf54c8,0.05,false,false,near_mint,fr,EUR
Lord of the Rings,binder,Lembas,LTR,The Lord of the Rings: Tales of Middle-earth,243,normal,common,2,83004,3b46aacf-b31a-4380-9e4b-82795fbaba3b,0.48,false,false,near_mint,fr,EUR
Lord of the Rings,binder,The Grey Havens,LTR,The Lord of the Rings: Tales of Middle-earth,255,normal,uncommon,2,83571,dd698f10-b0fc-42fc-84ec-f5a0d96bfa1d,0.15,false,false,near_mint,fr,EUR
Lord of the Rings,binder,Bewitching Leechcraft,LTR,The Lord of the Rings: Tales of Middle-earth,41,normal,common,2,83422,b612452e-b8a8-4a5a-82a8-01fd463cfc77,0.03,false,false,near_mint,fr,EUR
Lord of the Rings,binder,Island,LTR,The Lord of the Rings: Tales of Middle-earth,265,normal,common,7,83150,671516eb-b088-4a15-aec9-1781ca016e11,0.07,false,false,near_mint,fr,EUR
Lord of the Rings,binder,Island,LTR,The Lord of the Rings: Tales of Middle-earth,264,normal,common,6,83451,bbeca27a-6c5b-40b9-83a4-a3a2096ff6f8,0.07,false,false,near_mint,fr,EUR
Lord of the Rings,binder,"Boromir, Warden of the Tower",LTR,The Lord of the Rings: Tales of Middle-earth,4,normal,rare,2,83652,f6bc3720-2892-4dda-8f30-079a1ac8e1e2,2.51,false,false,near_mint,fr,EUR
Lord of the Rings,binder,Mountain,LTR,The Lord of the Rings: Tales of Middle-earth,269,normal,common,13,83390,adf13285-d127-4534-9f49-aa86914da175,0.09,false,false,near_mint,fr,EUR
Lord of the Rings,binder,The Bath Song,LTR,The Lord of the Rings: Tales of Middle-earth,40,normal,uncommon,2,83671,fb11c04f-6f17-4da4-bbf6-0bd09de6e544,0.05,false,false,near_mint,fr,EUR
Lord of the Rings,binder,Inherited Envelope,LTR,The Lord of the Rings: Tales of Middle-earth,242,normal,common,2,83418,b590d028-ea6a-4550-b5e2-ba328a81bbc0,0.12,false,false,near_mint,fr,EUR
Lord of the Rings,binder,"Gandalf, Friend of the Shire",LTR,The Lord of the Rings: Tales of Middle-earth,50,normal,uncommon,2,83510,cc9cfcc7-be64-4871-8d52-851e43fe3305,0.1,false,false,near_mint,fr,EUR
Lord of the Rings,binder,Frodo Baggins,LTR,The Lord of the Rings: Tales of Middle-earth,205,normal,uncommon,2,83576,de1c0399-9db8-4901-b72e-0010eb9b92b0,0.09,false,false,near_mint,fr,EUR
Lord of the Rings,binder,Fog on the Barrow-Downs,LTR,The Lord of the Rings: Tales of Middle-earth,16,normal,common,2,83446,bb0cda3a-20d7-425a-89fe-b0a3cd7ced03,0.03,false,false,near_mint,fr,EUR
Lord of the Rings,binder,Slip On the Ring,LTR,The Lord of the Rings: Tales of Middle-earth,31,normal,common,2,82961,2e20c2b8-ffe3-4d14-8588-f89719358e3d,0.13,false,false,near_mint,fr,EUR
Lord of the Rings,binder,Plains,LTR,The Lord of the Rings: Tales of Middle-earth,263,normal,common,9,83106,5bb495cc-9908-455e-bec9-3993d595f4f9,0.07,false,false,near_mint,fr,EUR
Lord of the Rings,binder,Mountain,LTR,The Lord of the Rings: Tales of Middle-earth,268,normal,common,12,83589,e3731001-4e6a-4a91-9e7d-fc2ea039a60b,0.09,false,false,near_mint,fr,EUR
Lord of the Rings,binder,Island,LTR,The Lord of the Rings: Tales of Middle-earth,275,normal,common,4,83289,8fee8302-39ca-43c3-b139-62e591559306,0.27,false,false,near_mint,fr,EUR
Lord of the Rings,binder,Gollum's Bite,LTR,The Lord of the Rings: Tales of Middle-earth,85,normal,uncommon,2,82900,1b1e790e-ff82-4888-8aee-9986c646241a,0.1,false,false,near_mint,fr,EUR
Lord of the Rings,binder,Ent-Draught Basin,LTR,The Lord of the Rings: Tales of Middle-earth,238,normal,uncommon,3,82875,1500126f-fbe4-4c39-bb06-1a36e2c4682f,0.06,false,false,near_mint,fr,EUR
Lord of the Rings,binder,Swamp,LTR,The Lord of the Rings: Tales of Middle-earth,266,normal,common,12,82951,2a0fba6e-54d2-498c-83bc-41024307e608,0.07,false,false,near_mint,fr,EUR
Lord of the Rings,binder,Forest,LTR,The Lord of the Rings: Tales of Middle-earth,271,normal,common,11,82833,07264de1-4322-4adb-8f08-c0aa236747c7,0.07,false,false,near_mint,fr,EUR
Lord of the Rings,binder,"Gollum, Patient Plotter",LTR,The Lord of the Rings: Tales of Middle-earth,84,normal,uncommon,2,83069,4ddda7d4-0226-404f-8418-f1f5720dcef8,0.12,false,false,near_mint,fr,EUR
Lord of the Rings,binder,Forest,LTR,The Lord of the Rings: Tales of Middle-earth,270,normal,common,14,83507,cbe793e4-c034-4a22-929d-d743c0255bf1,0.04,false,false,near_mint,fr,EUR
Lord of the Rings,binder,Swamp,LTR,The Lord of the Rings: Tales of Middle-earth,267,normal,common,11,83548,d86cd8fb-4ba7-4311-b0f3-b06fa112eda5,0.06,false,false,near_mint,fr,EUR
Lord of the Rings,binder,Ent's Fury,LTR,The Lord of the Rings: Tales of Middle-earth,164,normal,common,4,83494,c7946af6-69ab-47a1-955c-1954a04752df,0.03,false,false,near_mint,fr,EUR
Lord of the Rings,binder,Radagast the Brown,LTR,The Lord of the Rings: Tales of Middle-earth,184,normal,mythic,2,83409,b3988120-ebbe-4d24-9bb4-8c5331a14034,0.74,false,false,near_mint,fr,EUR
Lord of the Rings,binder,Revive the Shire,LTR,The Lord of the Rings: Tales of Middle-earth,185,normal,common,3,83045,46b7f493-1b57-4b07-8510-30703282f879,0.1,false,false,near_mint,fr,EUR
Lord of the Rings,binder,Mirkwood Spider,LTR,The Lord of the Rings: Tales of Middle-earth,178,normal,common,3,83388,ad961ba1-c74f-4a44-87fe-b30e2b63e378,0.09,false,false,near_mint,fr,EUR
Lord of the Rings,binder,Enraged Huorn,LTR,The Lord of the Rings: Tales of Middle-earth,162,normal,common,3,83383,a9b48836-6d37-46eb-8c41-a3eeecc72ae1,0.03,false,false,near_mint,fr,EUR
Lord of the Rings,binder,Many Partings,LTR,The Lord of the Rings: Tales of Middle-earth,176,normal,common,4,83528,d179dbbe-9c79-4dbc-955a-5209a3e2745a,0.14,false,false,near_mint,fr,EUR
Lord of the Rings,binder,Mirkwood Bats,LTR,The Lord of the Rings: Tales of Middle-earth,95,normal,common,3,82881,15f035df-784a-4dc8-b7f5-77139a4e6e99,0.24,false,false,near_mint,fr,EUR
Lord of the Rings,binder,Stew the Coneys,LTR,The Lord of the Rings: Tales of Middle-earth,189,normal,uncommon,4,83455,bcc7c41c-f416-457e-91ba-1f338f45eeac,0.08,false,false,near_mint,fr,EUR
Lord of the Rings,binder,Oath of the Grey Host,LTR,The Lord of the Rings: Tales of Middle-earth,101,normal,uncommon,3,83165,6a780abd-f276-40d3-b2af-d2e47d858d3d,0.06,false,false,near_mint,fr,EUR
Lord of the Rings,binder,Bitter Downfall,LTR,The Lord of the Rings: Tales of Middle-earth,77,normal,uncommon,2,83593,e4b83aa1-33ce-4b8d-ae5a-72f64eef5f09,0.07,false,false,near_mint,fr,EUR
Lord of the Rings,binder,Shelob's Ambush,LTR,The Lord of the Rings: Tales of Middle-earth,108,normal,common,3,82941,25e69fa8-7339-4bfa-8e35-9cbfe0001d8b,0.09,false,false,near_mint,fr,EUR
Lord of the Rings,binder,Mushroom Watchdogs,LTR,The Lord of the Rings: Tales of Middle-earth,180,normal,common,4,83526,d15fd66d-fa7e-411d-9014-a56caa879d93,0.05,false,false,near_mint,fr,EUR
Lord of the Rings,binder,Generous Ent,LTR,The Lord of the Rings: Tales of Middle-earth,169,normal,common,3,83258,85d22d5d-3875-42ff-b51e-c6e21db201f5,0.57,false,false,near_mint,fr,EUR
Lord of the Rings,binder,Claim the Precious,LTR,The Lord of the Rings: Tales of Middle-earth,81,normal,common,2,82862,121c12c4-83ea-463e-8fdf-30718968a2bd,0.11,false,false,near_mint,fr,EUR
Lord of the Rings,binder,Voracious Fell Beast,LTR,The Lord of the Rings: Tales of Middle-earth,113,normal,uncommon,4,83554,d9b7d7f8-503d-4660-9a18-6a8e2fcaa25f,0.02,false,false,near_mint,fr,EUR
Lord of the Rings,binder,Peregrin Took,LTR,The Lord of the Rings: Tales of Middle-earth,181,normal,uncommon,4,83648,f5baee8d-88e7-4468-94a9-66ca8e2caf15,0.19,false,false,near_mint,fr,EUR
Lord of the Rings,binder,Meriadoc Brandybuck,LTR,The Lord of the Rings: Tales of Middle-earth,177,normal,uncommon,4,83266,885a3277-ef10-4dcf-ac63-eb8971cd627c,0.08,false,false,near_mint,fr,EUR
Lord of the Rings,binder,Old Man Willow,LTR,The Lord of the Rings: Tales of Middle-earth,217,normal,uncommon,2,82826,0362b7c4-fff5-4bc2-b32d-913f85c23cc4,0.07,false,false,near_mint,fr,EUR
Lord of the Rings,binder,"Quickbeam, Upstart Ent",LTR,The Lord of the Rings: Tales of Middle-earth,183,normal,uncommon,3,83434,b889037f-b95f-4756-80aa-04097d2818c3,0.08,false,false,near_mint,fr,EUR
Lord of the Rings,binder,Rise of the Witch-king,LTR,The Lord of the Rings: Tales of Middle-earth,221,normal,uncommon,2,83020,3f440fa1-5387-41d6-a80f-5b19dbb21514,0.21,false,false,near_mint,fr,EUR
Lord of the Rings,binder,Entish Restoration,LTR,The Lord of the Rings: Tales of Middle-earth,163,normal,uncommon,3,83513,cd4dbf80-187b-40e3-9e0b-526f78d9a34e,0.98,false,false,near_mint,fr,EUR
Lord of the Rings,binder,Troll of Khazad-dûm,LTR,The Lord of the Rings: Tales of Middle-earth,111,normal,common,3,83371,a6539e26-b63b-4725-9407-caaf451de084,0.96,false,false,near_mint,fr,EUR
Lord of the Rings,binder,Long List of the Ents,LTR,The Lord of the Rings: Tales of Middle-earth,174,normal,uncommon,3,82946,27347256-2ac4-4b12-b288-0a8d578a1ff2,0.08,false,false,near_mint,fr,EUR
Lord of the Rings,binder,Pippin's Bravery,LTR,The Lord of the Rings: Tales of Middle-earth,182,normal,common,2,83453,bc60dc65-6813-4d57-877b-df195ed00d00,0.08,false,false,near_mint,fr,EUR
Lord of the Rings,binder,Uglúk of the White Hand,LTR,The Lord of the Rings: Tales of Middle-earth,235,normal,uncommon,4,83610,e914c7fc-be3c-4346-bf37-6e10f4998204,0.08,false,false,near_mint,fr,EUR
Lord of the Rings,binder,Saruman the White,LTR,The Lord of the Rings: Tales of Middle-earth,67,normal,uncommon,3,82903,1bfccbab-29fa-4e92-8919-6cd4815fb655,0.09,false,false,near_mint,fr,EUR
Lord of the Rings,binder,Mountain,LTR,The Lord of the Rings: Tales of Middle-earth,279,foil,common,2,83395,af1b83d9-078b-44dc-a118-4659201f4854,0.58,false,false,near_mint,fr,EUR
Lord of the Rings,binder,Snarling Warg,LTR,The Lord of the Rings: Tales of Middle-earth,109,normal,common,4,83351,a1ad561c-ccb4-480a-88a4-0555d0ef245e,0.03,false,false,near_mint,fr,EUR
Lord of the Rings,binder,Dunland Crebain,LTR,The Lord of the Rings: Tales of Middle-earth,82,normal,common,4,83160,695c05ab-e46e-46c7-bd2e-ef0b2307e449,0.07,false,false,near_mint,fr,EUR
Lord of the Rings,binder,March from the Black Gate,LTR,The Lord of the Rings: Tales of Middle-earth,94,normal,uncommon,3,82810,e57815d4-b21f-4ceb-a3f1-73cff5f0e612,0.14,false,false,near_mint,fr,EUR
Lord of the Rings,binder,Mordor Trebuchet,LTR,The Lord of the Rings: Tales of Middle-earth,97,normal,common,4,83140,648bc8ae-1798-4c2f-a372-0487a90ba4d3,0.03,false,false,near_mint,fr,EUR
Lord of the Rings,binder,Swarming of Moria,LTR,The Lord of the Rings: Tales of Middle-earth,150,normal,common,3,82842,0a1bd073-4351-4c56-9b07-4430d0d83084,0.2,false,false,near_mint,fr,EUR
Lord of the Rings,binder,Swamp,LTR,The Lord of the Rings: Tales of Middle-earth,276,foil,common,2,83333,9b5f68bc-1842-4efd-b85a-d897cfd63bde,0.49,false,false,near_mint,fr,EUR
Lord of the Rings,binder,Warbeast of Gorgoroth,LTR,The Lord of the Rings: Tales of Middle-earth,152,normal,common,2,83112,5eeecb9e-fbde-429b-b3da-18a4dbadf6de,0.03,false,false,near_mint,fr,EUR
Lord of the Rings,binder,Rush the Room,LTR,The Lord of the Rings: Tales of Middle-earth,147,normal,common,2,83646,f525b727-acde-427b-9c33-20964e8cf613,0.06,false,false,near_mint,fr,EUR
Lord of the Rings,binder,Easterling Vanguard,LTR,The Lord of the Rings: Tales of Middle-earth,83,normal,common,4,83607,e860dd40-07c5-47c3-92a8-1ee95a953c2f,0.02,false,false,near_mint,fr,EUR
Lord of the Rings,binder,Gríma Wormtongue,LTR,The Lord of the Rings: Tales of Middle-earth,88,normal,uncommon,3,83283,8e3bd86b-e8ca-4885-a823-78fb967e6caf,0.11,false,false,near_mint,fr,EUR
Lord of the Rings,binder,"Grishnákh, Brash Instigator",LTR,The Lord of the Rings: Tales of Middle-earth,134,normal,uncommon,4,83136,6385e769-f805-499d-9f47-494533362152,0.15,false,false,near_mint,fr,EUR
Lord of the Rings,binder,"Gothmog, Morgul Lieutenant",LTR,The Lord of the Rings: Tales of Middle-earth,87,normal,uncommon,4,83353,a1c10e93-88eb-46b9-8adc-583661807990,0.1,false,false,near_mint,fr,EUR
Lord of the Rings,binder,Oliphaunt,LTR,The Lord of the Rings: Tales of Middle-earth,139,normal,common,4,83161,6989018c-37b1-4282-a4af-9cc97f160b4d,0.15,false,false,near_mint,fr,EUR
Lord of the Rings,binder,Isolation at Orthanc,LTR,The Lord of the Rings: Tales of Middle-earth,57,normal,common,3,83084,54b9c323-ac9b-4864-bd57-81b557f44114,0.05,false,false,near_mint,fr,EUR
Lord of the Rings,binder,The Mouth of Sauron,LTR,The Lord of the Rings: Tales of Middle-earth,216,normal,uncommon,3,83201,76a88814-aa30-4297-b338-3d851bfe7256,0.07,false,false,near_mint,fr,EUR
Lord of the Rings,binder,Fire of Orthanc,LTR,The Lord of the Rings: Tales of Middle-earth,127,normal,common,4,83332,9b5871c5-bb94-4803-93ba-cd1a630b00d6,0.02,false,false,near_mint,fr,EUR
Lord of the Rings,binder,Saruman's Trickery,LTR,The Lord of the Rings: Tales of Middle-earth,68,normal,uncommon,3,83284,8eb6c23b-e52e-4533-9625-884eb0a4d866,0.11,false,false,near_mint,fr,EUR
Lord of the Rings,binder,Foray of Orcs,LTR,The Lord of the Rings: Tales of Middle-earth,128,normal,uncommon,6,83116,5fea0c66-c776-4dc7-a235-f3822521cacd,0.13,false,false,near_mint,fr,EUR
Lord of the Rings,binder,The Ring // The Ring Tempts You,TLTR,Tales of Middle-earth Tokens,H13,normal,common,5,82677,7215460e-8c06-47d0-94e5-d1832d0218af,0.18,false,false,near_mint,fr,EUR
Lord of the Rings,binder,Lórien Revealed,LTR,The Lord of the Rings: Tales of Middle-earth,60,normal,common,3,82850,0ce44270-a684-4489-9077-521456e6dfaa,2.0,false,false,near_mint,fr,EUR
Lord of the Rings,binder,Willow-Wind,LTR,The Lord of the Rings: Tales of Middle-earth,76,normal,common,2,82844,0adc3bff-0eb1-40e9-b954-5515babd07a3,0.02,false,false,near_mint,fr,EUR
Lord of the Rings,binder,Council's Deliberation,LTR,The Lord of the Rings: Tales of Middle-earth,46,normal,uncommon,2,83142,651503a2-5d1e-408a-9cdc-0cee05ab3ef0,0.05,false,false,near_mint,fr,EUR
Lord of the Rings,binder,Soothing of Sméagol,LTR,The Lord of the Rings: Tales of Middle-earth,70,normal,common,2,83459,be6400e8-7f99-4005-9a92-ffbc359d3871,0.05,false,false,near_mint,fr,EUR
Lord of the Rings,binder,Stern Scolding,LTR,The Lord of the Rings: Tales of Middle-earth,71,normal,uncommon,3,83012,3ca1e1de-b916-445f-b3b2-0f4d0cc7ceeb,0.37,false,false,near_mint,fr,EUR
Lord of the Rings,binder,Glorious Gale,LTR,The Lord of the Rings: Tales of Middle-earth,51,normal,common,2,83178,6e1057de-5710-415c-9a51-1d8bd86021a3,0.09,false,false,near_mint,fr,EUR
Lord of the Rings,binder,Horses of the Bruinen,LTR,The Lord of the Rings: Tales of Middle-earth,55,normal,uncommon,3,83659,f7725dc2-2654-4ffb-b6b3-510ae64ec6af,0.04,false,false,near_mint,fr,EUR
Lord of the Rings,binder,Dreadful as the Storm,LTR,The Lord of the Rings: Tales of Middle-earth,48,normal,common,2,83425,b6e0b4ff-85b5-485f-a78f-1a58bb343238,0.03,false,false,near_mint,fr,EUR
Lord of the Rings,binder,Nimrodel Watcher,LTR,The Lord of the Rings: Tales of Middle-earth,63,normal,common,3,83473,c253ee40-41c9-4cb5-a1a3-94b0aaed09d4,0.05,false,false,near_mint,fr,EUR
Lord of the Rings,binder,Many Partings,LTR,The Lord of the Rings: Tales of Middle-earth,445,normal,common,4,83204,7769f0ce-b31b-4cb5-8635-2b9b70114180,0.1,false,false,near_mint,fr,EUR
Lord of the Rings,binder,Celeborn the Wise,LTR,The Lord of the Rings: Tales of Middle-earth,156,normal,uncommon,3,82959,2daf449a-5f3e-44fd-968e-55d8517ae797,0.06,false,false,near_mint,fr,EUR
Lord of the Rings,binder,"Glorfindel, Dauntless Rescuer",LTR,The Lord of the Rings: Tales of Middle-earth,171,normal,uncommon,2,83444,baf7a546-8a8b-4396-ab64-9a5b9abffe79,0.08,false,false,near_mint,fr,EUR
Lord of the Rings,binder,Pippin's Bravery,LTR,The Lord of the Rings: Tales of Middle-earth,414,normal,common,4,82841,08dc9616-83e5-451f-aaa8-d0c81802fa13,0.06,false,false,near_mint,fr,EUR
Lord of the Rings,binder,Fall of Gil-galad,LTR,The Lord of the Rings: Tales of Middle-earth,165,normal,rare,2,83672,fbaab2c0-ea18-4b2f-b75b-506cbbea97e1,0.25,false,false,near_mint,fr,EUR
Lord of the Rings,binder,Galadhrim Guide,LTR,The Lord of the Rings: Tales of Middle-earth,168,normal,common,3,83642,f4603f59-f899-4caf-a874-bf234d2045fb,0.04,false,false,near_mint,fr,EUR
Lord of the Rings,binder,Galadhrim Bow,LTR,The Lord of the Rings: Tales of Middle-earth,167,normal,common,4,83340,9df34f21-798f-440d-8b09-ec5b5c0b8c12,0.04,false,false,near_mint,fr,EUR
Lord of the Rings,binder,"Meneldor, Swift Savior",LTR,The Lord of the Rings: Tales of Middle-earth,62,normal,uncommon,3,83131,62d2ee20-abbc-4a9d-8d30-4223242123e8,0.11,false,false,near_mint,fr,EUR
Lord of the Rings,binder,Wose Pathfinder,LTR,The Lord of the Rings: Tales of Middle-earth,190,normal,common,4,83144,6589b339-9067-4e9b-bfdb-c49f8b3ef2d4,0.02,false,false,near_mint,fr,EUR
Lord of the Rings,binder,Shower of Arrows,LTR,The Lord of the Rings: Tales of Middle-earth,188,normal,common,3,83300,92cd3884-18d1-4200-b28e-a52349ef37aa,0.09,false,false,near_mint,fr,EUR
Lord of the Rings,binder,Ranger's Firebrand,LTR,The Lord of the Rings: Tales of Middle-earth,143,normal,uncommon,2,82831,06541200-fa4c-4b98-bdc4-44708fd2ddf6,0.07,false,false,near_mint,fr,EUR
Lord of the Rings,binder,Chance-Met Elves,LTR,The Lord of the Rings: Tales of Middle-earth,157,normal,common,3,82843,0aa57431-39e2-4152-8a30-1c1e8faef153,0.04,false,false,near_mint,fr,EUR
Lord of the Rings,binder,Elven Farsight,LTR,The Lord of the Rings: Tales of Middle-earth,161,normal,common,3,83195,73d135b2-d2b8-499c-84d9-824370c19ccc,0.18,false,false,near_mint,fr,EUR
Lord of the Rings,binder,Shortcut to Mushrooms,LTR,The Lord of the Rings: Tales of Middle-earth,187,normal,uncommon,3,82870,13bc14f9-c90c-499d-9024-3182d78e0a88,0.03,false,false,near_mint,fr,EUR
Lord of the Rings,binder,Lothlórien Lookout,LTR,The Lord of the Rings: Tales of Middle-earth,175,normal,common,3,83070,4e3639c1-ebc3-4a0b-ab93-549e45aff0f7,0.07,false,false,near_mint,fr,EUR
Lord of the Rings,binder,"Elrond, Lord of Rivendell",LTR,The Lord of the Rings: Tales of Middle-earth,49,normal,uncommon,2,83369,a62a5e55-fa1b-4c70-9293-740dd513d52e,0.07,false,false,near_mint,fr,EUR
Lord of the Rings,binder,Battle-Scarred Goblin,LTR,The Lord of the Rings: Tales of Middle-earth,115,normal,common,3,83436,b91859de-1983-4c9c-a9e6-289c7dba1eb4,0.07,false,false,near_mint,fr,EUR
Lord of the Rings,binder,Smite the Deathless,LTR,The Lord of the Rings: Tales of Middle-earth,148,normal,common,3,83271,8b716fcc-c4cc-4987-be82-2897a9888d23,0.02,false,false,near_mint,fr,EUR
Lord of the Rings,binder,Rohirrim Lancer,LTR,The Lord of the Rings: Tales of Middle-earth,146,normal,common,2,82963,2f506f9f-4c0d-44e8-9f81-8403d808d0e4,0.05,false,false,near_mint,fr,EUR
Lord of the Rings,binder,"Gimli, Counter of Kills",LTR,The Lord of the Rings: Tales of Middle-earth,129,normal,uncommon,3,82948,28b41c48-0715-49d9-98e5-e82b706da816,0.15,false,false,near_mint,fr,EUR
Lord of the Rings,binder,Éomer of the Riddermark,LTR,The Lord of the Rings: Tales of Middle-earth,121,normal,uncommon,3,83552,d920fcaf-4988-4186-962d-cdda25d79e7b,0.04,false,false,near_mint,fr,EUR
Lord of the Rings,binder,Goblin Fireleaper,LTR,The Lord of the Rings: Tales of Middle-earth,133,normal,uncommon,5,83620,ec120dae-8c40-4053-9341-1f7774464634,0.08,false,false,near_mint,fr,EUR
Lord of the Rings,binder,"Erkenbrand, Lord of Westfold",LTR,The Lord of the Rings: Tales of Middle-earth,123,normal,uncommon,3,82999,38f81e68-cddd-47f4-b1d1-a297c3298c25,0.09,false,false,near_mint,fr,EUR
Lord of the Rings,binder,Relentless Rohirrim,LTR,The Lord of the Rings: Tales of Middle-earth,144,normal,common,2,82924,21b7606a-6a4c-4bf0-b311-1883383161d2,0.03,false,false,near_mint,fr,EUR
Lord of the Rings,binder,Gimli's Fury,LTR,The Lord of the Rings: Tales of Middle-earth,131,normal,common,4,83627,efde011d-8732-49b3-9204-8b114a3d81ba,0.08,false,false,near_mint,fr,EUR
Lord of the Rings,binder,Rising of the Day,LTR,The Lord of the Rings: Tales of Middle-earth,145,normal,uncommon,3,83538,d4fbcac6-8ac9-44a8-9d1a-03d0799ac253,0.21,false,false,near_mint,fr,EUR
Lord of the Rings,binder,"Fear, Fire, Foes!",LTR,The Lord of the Rings: Tales of Middle-earth,125,normal,uncommon,4,82995,37be98a4-0cba-46b4-be93-a9805fe77160,0.07,false,false,near_mint,fr,EUR
Lord of the Rings,binder,Tale of Tinúviel,LTR,The Lord of the Rings: Tales of Middle-earth,34,normal,uncommon,2,83330,9ae65f96-7bfd-4390-88bf-764c26bf4668,0.07,false,false,near_mint,fr,EUR
Lord of the Rings,binder,Banish from Edoras,LTR,The Lord of the Rings: Tales of Middle-earth,1,normal,common,2,83363,a4410076-e1fe-45f3-a0ca-a91ab0133ff4,0.09,false,false,near_mint,fr,EUR
Lord of the Rings,binder,Cast into the Fire,LTR,The Lord of the Rings: Tales of Middle-earth,118,normal,common,4,82962,2ef878cb-27b6-47d8-ad11-bd20529b0e7e,0.63,false,false,near_mint,fr,EUR
Lord of the Rings,binder,Reprieve,LTR,The Lord of the Rings: Tales of Middle-earth,26,normal,uncommon,3,82902,1bd3fa8a-6c50-4f7f-9ae3-0810eec5e3db,0.57,false,false,near_mint,fr,EUR
Lord of the Rings,binder,Samwise the Stouthearted,LTR,The Lord of the Rings: Tales of Middle-earth,28,normal,uncommon,2,82922,214c270e-29ca-4d69-bea6-9252ae7707ad,0.11,false,false,near_mint,fr,EUR
Lord of the Rings,binder,"Faramir, Field Commander",LTR,The Lord of the Rings: Tales of Middle-earth,14,normal,uncommon,3,82889,17c2250a-9af1-40de-9f09-7e8c7daec520,0.07,false,false,near_mint,fr,EUR
Lord of the Rings,binder,Protector of Gondor,LTR,The Lord of the Rings: Tales of Middle-earth,25,normal,common,4,83256,85708748-40ca-4066-a287-7a6a189ff3df,0.03,false,false,near_mint,fr,EUR
Lord of the Rings,binder,Esquire of the King,LTR,The Lord of the Rings: Tales of Middle-earth,13,normal,common,2,83503,caa6dded-ab08-43d0-b2fb-008854582cba,0.06,false,false,near_mint,fr,EUR
Lord of the Rings,binder,You Cannot Pass!,LTR,The Lord of the Rings: Tales of Middle-earth,38,normal,uncommon,4,82859,116d4030-acd2-4aa2-8254-aaaff1264459,0.08,false,false,near_mint,fr,EUR
Lord of the Rings,binder,Shire Shirriff,LTR,The Lord of the Rings: Tales of Middle-earth,30,normal,uncommon,3,83039,444b687f-2571-4c55-a497-d24b9e18bc0f,0.02,false,false,near_mint,fr,EUR
Lord of the Rings,binder,Rosie Cotton of South Lane,LTR,The Lord of the Rings: Tales of Middle-earth,27,normal,uncommon,4,83198,75338f49-1f02-4333-87e4-5779ef14e688,0.14,false,false,near_mint,fr,EUR
Lord of the Rings,binder,Westfold Rider,LTR,The Lord of the Rings: Tales of Middle-earth,37,normal,common,3,83187,71ed2e4b-c732-472a-a589-f1f53086d9ee,0.09,false,false,near_mint,fr,EUR
Lord of the Rings,binder,"Landroval, Horizon Witness",LTR,The Lord of the Rings: Tales of Middle-earth,21,normal,uncommon,4,83089,5684483b-9a6a-499b-a5e1-e2815ee03cdb,0.02,false,false,near_mint,fr,EUR
Lord of the Rings,binder,"Éowyn, Lady of Rohan",LTR,The Lord of the Rings: Tales of Middle-earth,10,normal,uncommon,3,83594,e59710c4-24de-419e-a8a0-e8392d450c23,0.12,false,false,near_mint,fr,EUR
Lord of the Rings,binder,Second Breakfast,LTR,The Lord of the Rings: Tales of Middle-earth,29,normal,common,3,82814,002f647a-25f8-461b-8617-52674f5d577c,0.05,false,false,near_mint,fr,EUR
Lord of the Rings,binder,War of the Last Alliance,LTR,The Lord of the Rings: Tales of Middle-earth,36,normal,rare,2,83120,60ddf2cd-5b33-4c8a-a610-8e6a15404dde,0.56,false,false,near_mint,fr,EUR
Lord of the Rings,binder,Uruk-hai Berserker,LTR,The Lord of the Rings: Tales of Middle-earth,112,normal,common,2,83302,936421a0-2c2a-4410-941d-4e6b88166bd1,0.05,false,false,near_mint,fr,EUR
Lord of the Rings,binder,Banishing Light,LTC,Tales of Middle-earth Commander,161,normal,uncommon,2,83315,961b1464-928e-41b9-bc73-c47df94e0e8e,0.12,false,false,near_mint,fr,EUR
Lord of the Rings,binder,Haunt of the Dead Marshes,LTR,The Lord of the Rings: Tales of Middle-earth,90,normal,common,3,83151,673c6c12-2513-4d1b-acf0-6a1f741d49dd,0.16,false,false,near_mint,fr,EUR
Lord of the Rings,binder,"Grond, the Gatebreaker",LTR,The Lord of the Rings: Tales of Middle-earth,89,normal,uncommon,3,83056,4bc61b28-afdd-4de9-829b-ffe5ca7c7f19,0.06,false,false,near_mint,fr,EUR
Lord of the Rings,binder,"Gollum, Patient Plotter",LTR,The Lord of the Rings: Tales of Middle-earth,309,normal,uncommon,2,83375,a881aa61-fc7c-4ffb-a129-f75be8b2e498,0.15,false,false,near_mint,fr,EUR
Lord of the Rings,binder,Arwen Undómiel,LTR,The Lord of the Rings: Tales of Middle-earth,194,normal,uncommon,2,83484,c544e301-13b4-4dec-b65c-d54809bb7736,0.23,false,false,near_mint,fr,EUR
Lord of the Rings,binder,"Bilbo, Retired Burglar",LTR,The Lord of the Rings: Tales of Middle-earth,196,normal,uncommon,2,83077,527df93e-cc2b-4216-909a-4ada1abcbfd3,0.13,false,false,near_mint,fr,EUR
Lord of the Rings,binder,"Legolas, Counter of Kills",LTR,The Lord of the Rings: Tales of Middle-earth,212,normal,uncommon,3,83496,c8bd408c-9e6d-436d-9c4f-9ef3203aeb64,0.06,false,false,near_mint,fr,EUR
Lord of the Rings,binder,Shadow of the Enemy,LTR,The Lord of the Rings: Tales of Middle-earth,107,normal,mythic,2,83591,e47cab70-55cb-481c-b4cd-32a41251f210,0.87,false,false,near_mint,fr,EUR
Lord of the Rings,binder,Feed the Swarm,LTC,Tales of Middle-earth Commander,200,normal,common,2,82823,029e2a27-46f2-44fa-ac7c-462c69feab95,0.33,false,false,near_mint,fr,EUR
Lord of the Rings,binder,"Sauron, the Necromancer",LTR,The Lord of the Rings: Tales of Middle-earth,106,normal,rare,2,82994,377d65d8-21c8-4292-97db-610e0173ba59,0.29,false,false,near_mint,fr,EUR
Lord of the Rings,binder,"Butterbur, Bree Innkeeper",LTR,The Lord of the Rings: Tales of Middle-earth,197,normal,uncommon,4,83640,f3fd9ff1-278b-4e6a-b30b-90250d8b5762,0.05,false,false,near_mint,fr,EUR
Lord of the Rings,binder,Sam's Desperate Rescue,LTR,The Lord of the Rings: Tales of Middle-earth,105,normal,common,3,83456,bdd4d735-8cda-47c1-865b-48b51ac8f666,0.13,false,false,near_mint,fr,EUR
Lord of the Rings,binder,Morgul-Knife Wound,LTR,The Lord of the Rings: Tales of Middle-earth,98,normal,common,2,83102,5ae08177-48ee-4404-834d-d3cd7482ae81,0.1,false,false,near_mint,fr,EUR
Lord of the Rings,binder,"Shadowfax, Lord of Horses",LTR,The Lord of the Rings: Tales of Middle-earth,227,normal,uncommon,3,83062,4c7d861d-7832-4c15-8d6c-8c07a9a57891,0.07,false,false,near_mint,fr,EUR
Lord of the Rings,binder,Galadriel of Lothlórien,LTR,The Lord of the Rings: Tales of Middle-earth,206,normal,rare,2,83373,a6e5c3b3-9a70-4a1c-bfb3-db27e51c4b8d,0.25,false,false,near_mint,fr,EUR
Lord of the Rings,binder,Gwaihir the Windlord,LTR,The Lord of the Rings: Tales of Middle-earth,210,normal,uncommon,3,82897,1a42c951-1146-4f49-a690-7d385962b191,0.08,false,false,near_mint,fr,EUR
Lord of the Rings,binder,Prince Imrahil the Fair,LTR,The Lord of the Rings: Tales of Middle-earth,219,normal,uncommon,3,83216,7d486def-7c3f-41e9-bb28-4582450a7b9e,0.07,false,false,near_mint,fr,EUR
Lord of the Rings,binder,"Théoden, King of Rohan",LTR,The Lord of the Rings: Tales of Middle-earth,233,normal,uncommon,3,83654,f6dcd1ca-4943-46e4-bb5d-c14949e21e23,0.09,false,false,near_mint,fr,EUR
Lord of the Rings,binder,"Strider, Ranger of the North",LTR,The Lord of the Rings: Tales of Middle-earth,232,normal,uncommon,3,83081,54461d61-a745-467f-9fbe-b5e7a8edbdbf,0.06,false,false,near_mint,fr,EUR
Lord of the Rings,binder,Horn of Gondor,LTR,The Lord of the Rings: Tales of Middle-earth,240,normal,rare,2,83400,b14eaeec-d7ce-462a-90d3-2ae5ff605fdb,1.05,false,false,near_mint,fr,EUR
Lord of the Rings,binder,Friendly Rivalry,LTR,The Lord of the Rings: Tales of Middle-earth,204,normal,uncommon,3,82930,24076763-88ba-4dee-b548-9c27bd34fdb7,0.08,false,false,near_mint,fr,EUR
Lord of the Rings,binder,Mirror of Galadriel,LTR,The Lord of the Rings: Tales of Middle-earth,244,normal,uncommon,3,83454,bc95036f-98f2-4ea7-93bb-542ad7064540,0.04,false,false,near_mint,fr,EUR
Lord of the Rings,binder,Wizard's Rockets,LTR,The Lord of the Rings: Tales of Middle-earth,252,normal,common,4,82906,1c6ed742-dfb1-41e2-8f19-184555109e34,0.1,false,false,near_mint,fr,EUR
Lord of the Rings,binder,Ringsight,LTR,The Lord of the Rings: Tales of Middle-earth,220,normal,uncommon,3,82992,3700a65c-6f54-4d56-9c6f-8364c45a058c,0.2,false,false,near_mint,fr,EUR
Lord of the Rings,binder,Phial of Galadriel,LTR,The Lord of the Rings: Tales of Middle-earth,248,normal,rare,2,83386,ac6d60fe-681b-495e-813c-c8418f3f29e5,0.31,false,false,near_mint,fr,EUR
Lord of the Rings,binder,Barrow-Blade,LTR,The Lord of the Rings: Tales of Middle-earth,237,normal,uncommon,2,83629,f0eb7284-78a5-4b5e-8f6d-6be540e0bef8,0.06,false,false,near_mint,fr,EUR
Lord of the Rings,binder,Shire Scarecrow,LTR,The Lord of the Rings: Tales of Middle-earth,249,normal,common,3,83421,b60b4f2e-ff47-4762-a803-30e81b665c09,0.05,false,false,near_mint,fr,EUR
Lord of the Rings,binder,Dúnedain Blade,LTR,The Lord of the Rings: Tales of Middle-earth,6,normal,common,3,83014,3d5f92bf-e4e7-487a-834c-964fdd6ad674,0.06,false,false,near_mint,fr,EUR
Lord of the Rings,binder,Gandalf's Sanction,LTR,The Lord of the Rings: Tales of Middle-earth,208,normal,uncommon,2,83286,8ebf2a25-9bee-4146-af83-f22aab6db2a8,0.14,false,false,near_mint,fr,EUR
Lord of the Rings,binder,"Sam, Loyal Attendant",LTC,Tales of Middle-earth Commander,7,normal,mythic,2,83157,687a2b76-3f05-4732-bd9b-513d06d16300,0.32,false,false,near_mint,fr,EUR
Lord of the Rings,binder,Forest,LTR,The Lord of the Rings: Tales of Middle-earth,281,normal,common,2,83018,3efeaa30-9db9-4e68-a658-9064d6e67516,0.42,false,false,near_mint,fr,EUR
Lord of the Rings,binder,Plains,LTR,The Lord of the Rings: Tales of Middle-earth,262,normal,common,9,83656,f724ae86-b968-4f49-8267-c2c34c22f1b6,0.05,false,false,near_mint,fr,EUR
Lord of the Rings,binder,Island,LTR,The Lord of the Rings: Tales of Middle-earth,264,foil,common,2,83451,bbeca27a-6c5b-40b9-83a4-a3a2096ff6f8,0.16,false,false,near_mint,fr,EUR
Lord of the Rings,binder,Forest,LTR,The Lord of the Rings: Tales of Middle-earth,280,normal,common,3,82964,2f5b488e-d725-4ef7-90f4-71091325c0b6,0.32,false,false,near_mint,fr,EUR
Lord of the Rings,binder,Great Hall of the Citadel,LTR,The Lord of the Rings: Tales of Middle-earth,254,normal,common,4,82923,219c7b57-b62b-42d1-85d9-4b57624a3f54,0.18,false,false,near_mint,fr,EUR
Lord of the Rings,binder,Evolving Wilds,LTC,Tales of Middle-earth Commander,306,normal,common,4,83586,e24ec4c1-5a28-450d-8e37-62a154749ee6,0.11,false,false,near_mint,fr,EUR
Lord of the Rings,binder,Shire Terrace,LTR,The Lord of the Rings: Tales of Middle-earth,261,normal,common,4,82936,25932483-58cd-4ae5-82bf-ab455177d117,0.1,false,false,near_mint,fr,EUR
Le commencement,binder,Leonin Scimitar,MRD,Mirrodin,193,normal,common,2,29852,8abf4bbe-5b1c-4f6f-be32-5f61c66e1830,0.04,false,false,near_mint,fr,EUR
Le commencement,binder,Bonesplitter,MRD,Mirrodin,146,normal,common,4,29899,465a7990-c9f9-4716-a833-fd41458b9cee,0.1,false,false,near_mint,fr,EUR
Le commencement,binder,Slagwurm Armor,MRD,Mirrodin,243,normal,common,3,29802,684a6e3f-909a-4ca0-a6aa-7354b9476df2,0.44,false,false,near_mint,fr,EUR
Le commencement,binder,Ancient Den,MRD,Mirrodin,278,normal,common,2,29767,cc857fbd-8e0f-4bff-8f14-561c9925c484,2.18,false,false,near_mint,fr,EUR
Le commencement,binder,Rolling Stones,7ED,Seventh Edition,35,normal,rare,3,32771,9993e9c6-2e30-4bf4-838d-751cbd153390,0.84,false,false,near_mint,fr,EUR
Le commencement,binder,Izzet Boilerworks,GPT,Guildpact,159,normal,common,2,27436,666f455e-3a3d-475d-b67a-a1fdd74820eb,0.21,false,false,near_mint,fr,EUR
Le commencement,binder,Verduran Enchantress,9ED,Ninth Edition,279,normal,rare,3,28084,c9d5f1c2-9f9c-416e-a0a2-6534b243e799,1.09,false,false,near_mint,fr,EUR
Le commencement,binder,Mind Rot,9ED,Ninth Edition,145,normal,common,2,28218,f3234588-d421-4548-879e-32574b613707,0.07,false,false,near_mint,fr,EUR
Le commencement,binder,Skyhunter Prowler,5DN,Fifth Dawn,15,normal,common,2,29480,7e4065bb-8deb-46d5-a57e-d61c77493274,0.1,false,false,near_mint,fr,EUR
Le commencement,binder,Leonin Bola,DST,Darksteel,127,normal,common,4,29534,a7eab112-20a6-414f-84c9-678580485420,0.05,false,false,near_mint,fr,EUR
Le commencement,binder,Norwood Ranger,9ED,Ninth Edition,260,normal,common,3,28103,4ebf3a7c-e065-468b-a73c-6f986cde3a3d,0.05,false,false,near_mint,fr,EUR
Le commencement,binder,Blanchwood Armor,9ED,Ninth Edition,232,normal,uncommon,4,28131,22e558f1-74ef-4d16-8135-2a8dc0c58fe9,0.12,false,false,near_mint,fr,EUR
Le commencement,binder,Overgrowth,9ED,Ninth Edition,262,normal,common,4,28101,cc6da1dd-4172-48df-a3b2-c6d383053f4f,0.25,false,false,near_mint,fr,EUR
Le commencement,binder,Canopy Spider,10E,Tenth Edition,254,normal,common,3,25805,ca3d403b-9b86-46f6-8a82-a69c754984e0,0.04,false,false,near_mint,fr,EUR
Le commencement,binder,Treetop Bracers,9ED,Ninth Edition,276,normal,common,5,28087,5312742c-0f35-4abc-97ec-fceda2658cec,0.14,false,false,near_mint,fr,EUR
Le commencement,binder,Emperor Crocodile,9ED,Ninth Edition,241,normal,rare,2,28122,8c4bf2db-b282-4c9d-8afe-053204271996,0.13,false,false,near_mint,fr,EUR
Le commencement,binder,Elvish Warrior,9ED,Ninth Edition,240,normal,common,3,28123,c18e79e9-39fc-426b-b64f-f20f6077a532,0.04,false,false,near_mint,fr,EUR
Le commencement,binder,Wirewood Guardian,SCG,Scourge,132,normal,common,3,30556,e8676b1f-e37c-4ae1-9dbe-d000369fa422,0.05,false,false,near_mint,fr,EUR
Le commencement,binder,Ghostfire,FUT,Future Sight,115,normal,common,2,26222,a60475e5-0d37-4af0-b717-da4c8dea45ac,0.02,false,false,near_mint,fr,EUR
Le commencement,binder,Smash,RAV,Ravnica: City of Guilds,143,normal,common,2,27867,692b1487-7752-4c40-ba91-09ef67016032,0.04,false,false,near_mint,fr,EUR
Le commencement,binder,Fighting Drake,8ED,Eighth Edition,77,normal,uncommon,2,30459,99c0a102-b31c-4cbd-894b-44b1c1e677d2,0.08,false,false,near_mint,fr,EUR
Le commencement,binder,Fighting Drake,7ED,Seventh Edition,73,normal,uncommon,2,32733,76952add-6ca8-4db0-97bd-4a85432be997,0.08,false,false,near_mint,fr,EUR
Le commencement,binder,Venser's Diffusion,FUT,Future Sight,47,normal,common,3,26290,fbedfc40-7c2f-4a6e-8157-219cafca3548,0.11,false,false,near_mint,fr,EUR
Land Station,binder,Island,J25,Foundations Jumpstart,84,normal,common,26,100221,1d8ff00f-62cc-4f71-b360-865ab2ac2599,0.06,false,false,near_mint,fr,EUR
Land Station,binder,Island,J25,Foundations Jumpstart,85,normal,common,27,100879,9b0bfe70-e584-42f2-9a32-984c17ba6d1a,0.05,false,false,near_mint,fr,EUR
Land Station,binder,Island,J25,Foundations Jumpstart,86,normal,common,27,100160,0e443748-edf1-4499-9507-3649dd57ee95,0.05,false,false,near_mint,fr,EUR
Land Station,binder,Mountain,J25,Foundations Jumpstart,92,normal,common,27,101176,d4606809-7066-4413-9dfd-e929004a71bb,0.04,false,false,near_mint,fr,EUR
Land Station,binder,Mountain,J25,Foundations Jumpstart,90,normal,common,26,100927,a3a4da7d-a703-4f91-9ef7-ce269c0b63fb,0.05,false,false,near_mint,fr,EUR
Land Station,binder,Mountain,J25,Foundations Jumpstart,91,normal,common,27,100756,83706d20-fbb0-4a0a-b9c3-70e6fa3fdcf9,0.02,false,false,near_mint,fr,EUR
Land Station,binder,Plains,J25,Foundations Jumpstart,83,normal,common,27,100240,20787f63-e310-4f2c-ab13-1bb108ae3eb2,0.06,false,false,near_mint,fr,EUR
Land Station,binder,Plains,J25,Foundations Jumpstart,81,normal,common,26,100929,a4446149-341b-449b-86e2-2b6b47b7a75e,0.12,false,false,near_mint,fr,EUR
Land Station,binder,Plains,J25,Foundations Jumpstart,82,normal,common,27,100919,a2125c3e-d52c-44b9-b9f1-89f02236d447,0.11,false,false,near_mint,fr,EUR
Land Station,binder,Forest,J25,Foundations Jumpstart,95,normal,common,27,100722,7df94d2c-7c1f-4461-8f70-c2bd4ebb95be,0.14,false,false,near_mint,fr,EUR
Land Station,binder,Forest,J25,Foundations Jumpstart,94,normal,common,27,100138,0a854256-e8f3-4715-aec2-3af3b8e8fd28,0.06,false,false,near_mint,fr,EUR
Land Station,binder,Forest,J25,Foundations Jumpstart,93,normal,common,26,100272,2581a074-00ab-4a2d-8699-25dcd8c76393,0.13,false,false,near_mint,fr,EUR
Land Station,binder,Swamp,J25,Foundations Jumpstart,87,normal,common,26,100852,95e9b77a-2d94-4c3b-a43a-b3755f5e7d11,0.08,false,false,near_mint,fr,EUR
Land Station,binder,Swamp,J25,Foundations Jumpstart,88,normal,common,27,101059,babd424c-38cf-45e8-9684-de7bfc1ed86a,0.11,false,false,near_mint,fr,EUR
Land Station,binder,Swamp,J25,Foundations Jumpstart,89,normal,common,27,100097,02fe3fdf-1d21-4e35-b0f3-3bcde7b05e23,0.12,false,false,near_mint,fr,EUR
Eternity,binder,Infinite Guideline Station,EOE,Edge of Eternities,219,normal,rare,1,107023,5688894a-bbec-476b-ae2e-94000be258d0,0.02,false,false,near_mint,fr,EUR
Eternity,binder,Cosmogoyf,EOE,Edge of Eternities,215,normal,rare,1,107030,5e07d3c6-60a5-44d1-a926-6414be85bd50,0.22,false,false,near_mint,fr,EUR
Eternity,binder,Cosmogoyf,EOE,Edge of Eternities,313,normal,rare,1,106961,15b98944-23c9-4609-b323-7925adaa9aac,2.11,false,false,near_mint,fr,EUR
Eternity,binder,"Tannuk, Memorial Ensign",EOE,Edge of Eternities,233,normal,uncommon,1,106779,52498b7b-0389-4e7b-b29f-7ac86aab9229,0.09,false,false,near_mint,fr,EUR
Eternity,binder,Station Monitor,EOE,Edge of Eternities,230,normal,uncommon,1,107529,ba9f6d16-ee3e-4fbb-b78a-6292188eb61f,0.11,false,false,near_mint,fr,EUR
Eternity,binder,"Mm'menon, Uthros Exile",EOE,Edge of Eternities,221,normal,uncommon,2,107597,5546c044-5826-48c3-9d28-866f3c3c5f2c,0.13,false,false,near_mint,fr,EUR
Eternity,binder,"Ragost, Deft Gastronaut",EOE,Edge of Eternities,224,normal,rare,1,106939,011374c3-f69d-4573-8c32-5bd0fe083d6a,0.02,false,false,near_mint,fr,EUR
Eternity,binder,Interceptor Mechan,EOE,Edge of Eternities,220,normal,uncommon,2,107235,198211af-f413-4e9b-9baf-4b4fcb81eadc,0.11,false,false,near_mint,fr,EUR
Eternity,binder,Biomechan Engineer,EOE,Edge of Eternities,213,normal,uncommon,1,107468,7edcef2c-029c-46bd-bfeb-ff56a57dd63a,0.1,false,false,near_mint,fr,EUR
Eternity,binder,Seedship Broodtender,EOE,Edge of Eternities,227,normal,uncommon,1,107379,1abc176f-2ccf-4371-b4b5-030dd99ff7fc,0.16,false,false,near_mint,fr,EUR
Eternity,binder,Genemorph Imago,EOE,Edge of Eternities,217,normal,rare,2,107008,40f0ecf7-f49e-46ff-aa5b-9ff5361b72c5,0.15,false,false,near_mint,fr,EUR
Eternity,binder,"Dyadrine, Synthesis Amalgam",EOE,Edge of Eternities,216,normal,rare,1,107498,994ca692-7138-4dcb-bf46-5da530f86036,0.16,false,false,near_mint,fr,EUR
Eternity,binder,"Syr Vondam, Sunstar Exemplar",EOE,Edge of Eternities,302,normal,rare,1,107500,9c39b081-ad53-4c43-93f4-3a4ebb24299b,0.02,false,false,near_mint,fr,EUR
Eternity,binder,"Haliya, Ascendant Cadet",EOE,Edge of Eternities,218,normal,uncommon,3,107451,683d6eba-7f98-4105-b318-7f2290012f32,0.13,false,false,near_mint,fr,EUR
Eternity,binder,"Sami, Wildcat Captain",EOE,Edge of Eternities,226,normal,mythic,1,107144,bed64207-9193-4770-8f8f-e3203289d5a6,0.23,false,false,near_mint,fr,EUR
Eternity,binder,"Sami, Ship's Engineer",EOE,Edge of Eternities,225,normal,uncommon,2,106764,75c38cc9-07de-46d4-8195-f04b2b7e0fee,0.08,false,false,near_mint,fr,EUR
Eternity,binder,"Alpharael, Dreaming Acolyte",EOE,Edge of Eternities,212,normal,uncommon,1,106884,349a2211-2b23-418d-a1ef-1c72ad2e171d,0.12,false,false,near_mint,fr,EUR
Eternity,binder,"Syr Vondam, the Lucent",EOE,Edge of Eternities,232,normal,uncommon,1,107198,ea954205-5ff5-493b-bf30-6212042c2bc9,0.11,false,false,near_mint,fr,EUR
Eternity,binder,Mutinous Massacre,EOE,Edge of Eternities,222,normal,rare,1,107012,42d5034f-18f0-4d57-9840-6be52c286247,0.09,false,false,near_mint,fr,EUR
Eternity,binder,Watery Grave,EOE,Edge of Eternities,286,normal,rare,2,107131,b248ff3a-e10d-4797-8c04-7f4094608d32,7.79,false,false,near_mint,fr,EUR
Eternity,binder,Watery Grave,EOE,Edge of Eternities,261,normal,rare,1,106762,5b8170dc-6a90-46fc-9989-7575f3d402b5,9.49,false,false,near_mint,fr,EUR
Eternity,binder,"Uthros, Titanic Godcore",EOE,Edge of Eternities,285,foil,mythic,1,107120,a76ecc4f-5e77-4d96-9df7-fe703bbc39df,14.67,false,false,near_mint,fr,EUR
Eternity,binder,Blast Zone,EOS,Edge of Eternities: Stellar Sights,2,normal,rare,1,107737,75a02940-4930-4cd6-ba20-a88efd6e82ce,0.31,false,false,near_mint,fr,EUR
Eternity,binder,Sunken Citadel,EOS,Edge of Eternities: Stellar Sights,41,normal,rare,1,107506,a12a9d09-7b6a-4207-96db-0d968cbdc09c,0.6,false,false,near_mint,fr,EUR
Eternity,binder,Cascading Cataracts,EOS,Edge of Eternities: Stellar Sights,5,normal,rare,1,107210,f74406a2-61f5-4ee4-bfea-8ba74f186e91,0.56,false,false,near_mint,fr,EUR
Eternity,binder,Scavenger Grounds,EOS,Edge of Eternities: Stellar Sights,37,normal,rare,1,107149,c287ec37-c54e-4df8-a7be-50d6c4ffc744,0.51,false,false,near_mint,fr,EUR
Eternity,binder,Lotus Field,EOS,Edge of Eternities: Stellar Sights,23,foil,mythic,1,107567,e2fdbc99-7696-434e-bbc5-366393ea7f04,12.53,false,false,near_mint,fr,EUR
Eternity,binder,"Adagia, Windswept Bastion",EOE,Edge of Eternities,250,normal,mythic,1,107156,c634273a-94b0-4104-9d10-ae522ece1fc7,3.5,false,false,near_mint,fr,EUR
Eternity,binder,Secluded Starforge,EOE,Edge of Eternities,257,normal,rare,1,107514,a997ff9f-045a-44a2-983d-f36414cef1ab,0.02,false,false,near_mint,fr,EUR
Eternity,binder,Godless Shrine,EOE,Edge of Eternities,254,normal,rare,1,106768,8c542ea4-98c3-4c2d-9066-205ab7aa697a,7.96,false,false,near_mint,fr,EUR
Eternity,binder,Command Bridge,EOE,Edge of Eternities,252,normal,common,5,106926,247670d2-a7cd-4ed7-9c77-704c7962b815,0.1,false,false,near_mint,fr,EUR
Eternity,binder,Pinnacle Kill-Ship,EOE,Edge of Eternities,244,normal,common,4,107533,bf784de8-5ae2-4c07-92bb-a5b7f593b773,0.1,false,false,near_mint,fr,EUR
Eternity,binder,Wurmwall Sweeper,EOE,Edge of Eternities,249,normal,common,3,107105,9ace282a-5901-4d36-ad21-17eb88bc5138,0.07,false,false,near_mint,fr,EUR
Eternity,binder,Extinguisher Battleship,EOE,Edge of Eternities,242,normal,rare,2,107022,5541cdd2-84a6-4667-83eb-fffbe5b3cd3d,0.02,false,false,near_mint,fr,EUR
Eternity,binder,"Dawnsire, Sunstar Dreadnought",EOE,Edge of Eternities,238,normal,mythic,1,107035,6133355c-3dcf-466a-b771-fe6c44d4fa4d,1.95,false,false,near_mint,fr,EUR
Eternity,binder,Chrome Companion,EOE,Edge of Eternities,236,normal,common,4,107088,8ef269a0-1cb9-4901-81e6-43db3ae3756c,0.09,false,false,near_mint,fr,EUR
Eternity,binder,Anticausal Vestige,EOE,Edge of Eternities,1,foil,rare,1,106995,35372b69-6086-44e0-9f7c-681e362e5142,1.44,false,false,near_mint,fr,EUR
Eternity,binder,Dauntless Scrapbot,EOE,Edge of Eternities,237,normal,uncommon,1,107374,0efe5342-42b7-4f49-b4b4-d77055508c4d,0.16,false,false,near_mint,fr,EUR
Eternity,binder,Anticausal Vestige,EOE,Edge of Eternities,1,normal,rare,1,106995,35372b69-6086-44e0-9f7c-681e362e5142,0.02,false,false,near_mint,fr,EUR
Eternity,binder,Bygone Colossus,EOE,Edge of Eternities,235,normal,uncommon,1,107016,4bb8f2ef-4398-4a07-9130-5005356a3b4a,0.13,false,false,near_mint,fr,EUR
Eternity,binder,Survey Mechan,EOE,Edge of Eternities,245,normal,uncommon,1,107499,9b4278ea-6cd8-45ad-b024-daf3dedd29e0,0.1,false,false,near_mint,fr,EUR
Eternity,binder,Virulent Silencer,EOE,Edge of Eternities,248,normal,uncommon,2,107009,4120fcfc-3547-4774-a15d-b9cccac04e76,0.15,false,false,near_mint,fr,EUR
Eternity,binder,Thaumaton Torpedo,EOE,Edge of Eternities,246,normal,common,4,107695,1817f1b5-960a-435c-bdec-8cc8cbcb3358,0.13,false,false,near_mint,fr,EUR
Eternity,binder,Auxiliary Boosters,EOE,Edge of Eternities,5,normal,common,3,107714,43706295-afd6-442c-8828-8cf978152701,0.05,false,false,near_mint,fr,EUR
Eternity,binder,Thaumaton Torpedo,EOE,Edge of Eternities,246,foil,common,1,107695,1817f1b5-960a-435c-bdec-8cc8cbcb3358,0.14,false,false,near_mint,fr,EUR
Eternity,binder,Nutrient Block,EOE,Edge of Eternities,243,normal,common,2,107114,a26064bb-c568-4ed6-86db-3aab69b050db,0.13,false,false,near_mint,fr,EUR
Eternity,binder,All-Fates Scroll,EOE,Edge of Eternities,234,normal,uncommon,1,107407,3a5ed010-cb17-45df-b169-ebc807dae534,0.21,false,false,near_mint,fr,EUR
Eternity,binder,Swamp,EOE,Edge of Eternities,264,foil,common,2,106778,3e724e54-a622-4c77-8183-5a397a7c14a9,0.66,false,false,near_mint,fr,EUR
Eternity,binder,Swamp,EOE,Edge of Eternities,271,foil,common,2,107024,58496a56-437f-4204-9691-f63795e5cdab,0.09,false,false,near_mint,fr,EUR
Eternity,binder,Swamp,EOE,Edge of Eternities,264,normal,common,4,106778,3e724e54-a622-4c77-8183-5a397a7c14a9,0.29,false,false,near_mint,fr,EUR
Eternity,binder,Swamp,EOE,Edge of Eternities,271,normal,common,4,107024,58496a56-437f-4204-9691-f63795e5cdab,0.1,false,false,near_mint,fr,EUR
Eternity,binder,Swamp,EOE,Edge of Eternities,272,foil,common,2,106944,07ab266b-ad6a-422e-9277-27d9f48d2c29,0.08,false,false,near_mint,fr,EUR
Eternity,binder,Susurian Dirgecraft,EOE,Edge of Eternities,117,foil,uncommon,1,107757,b67cdb6e-9a3b-4887-924d-318faa3c443d,0.12,false,false,near_mint,fr,EUR
Eternity,binder,Swamp,EOE,Edge of Eternities,272,normal,common,3,106944,07ab266b-ad6a-422e-9277-27d9f48d2c29,0.09,false,false,near_mint,fr,EUR
Eternity,binder,Susurian Dirgecraft,EOE,Edge of Eternities,117,normal,uncommon,1,107757,b67cdb6e-9a3b-4887-924d-318faa3c443d,0.11,false,false,near_mint,fr,EUR
Eternity,binder,Fell Gravship,EOE,Edge of Eternities,101,normal,uncommon,1,107348,e94b130d-3547-43c5-a319-5ebc571c2e2d,0.12,false,false,near_mint,fr,EUR
Eternity,binder,Hullcarver,EOE,Edge of Eternities,105,normal,common,4,107075,817b5b18-beb5-48c8-aa45-0515ff9ca5da,0.12,false,false,near_mint,fr,EUR
Eternity,binder,Voidforged Titan,EOE,Edge of Eternities,125,normal,uncommon,1,107034,6119c016-01b2-44f3-9550-6988324c1d1f,0.1,false,false,near_mint,fr,EUR
Eternity,binder,Monoist Sentry,EOE,Edge of Eternities,111,normal,uncommon,3,107753,acc503e2-5c3a-4200-beb0-7d193d6c869e,0.16,false,false,near_mint,fr,EUR
Eternity,binder,Umbral Collar Zealot,EOE,Edge of Eternities,123,normal,uncommon,2,107321,bbcc1d84-9772-475d-924a-75bb54c9bc20,1.96,false,false,near_mint,fr,EUR
Eternity,binder,Gravblade Heavy,EOE,Edge of Eternities,102,foil,common,1,107756,b3872341-d711-407b-85e4-46ccb99988e1,0.07,false,false,near_mint,fr,EUR
Eternity,binder,Beamsaw Prospector,EOE,Edge of Eternities,89,normal,common,3,107734,6f717a3f-c6db-4e8d-8b62-6361ab33d000,0.12,false,false,near_mint,fr,EUR
Eternity,binder,Gravblade Heavy,EOE,Edge of Eternities,102,normal,common,4,107756,b3872341-d711-407b-85e4-46ccb99988e1,0.04,false,false,near_mint,fr,EUR
Eternity,binder,Gravpack Monoist,EOE,Edge of Eternities,104,normal,common,3,107701,2a968f01-36ef-4cf6-b1db-630c9cde2064,0.07,false,false,near_mint,fr,EUR
Eternity,binder,Faller's Faithful,EOE,Edge of Eternities,100,normal,uncommon,1,107607,cbb1b46f-72e0-4c2f-8012-74529bd29a0d,0.16,false,false,near_mint,fr,EUR
Eternity,binder,"Xu-Ifit, Osteoharmonist",EOE,Edge of Eternities,127,normal,rare,1,107534,c0838f25-2193-4305-b73a-bf0c0bb4981a,0.02,false,false,near_mint,fr,EUR
Eternity,binder,Blade of the Swarm,EOE,Edge of Eternities,90,normal,uncommon,2,107604,b157330a-2652-4ed9-b8fa-8e72b4eda15c,0.11,false,false,near_mint,fr,EUR
Eternity,binder,Perigee Beckoner,EOE,Edge of Eternities,112,normal,common,4,107786,f3666a08-d449-496f-969a-bf21d4afbd77,0.09,false,false,near_mint,fr,EUR
Eternity,binder,Virus Beetle,EOE,Edge of Eternities,124,normal,common,4,107570,e96c986c-684c-4546-a9c9-b6b903bda101,0.08,false,false,near_mint,fr,EUR
Eternity,binder,Insatiable Skittermaw,EOE,Edge of Eternities,108,foil,common,1,107195,e9d30cca-ea33-418f-bba3-5103f1dbd751,0.15,false,false,near_mint,fr,EUR
Eternity,binder,Swarm Culler,EOE,Edge of Eternities,119,normal,common,5,107700,2a8f583c-88b6-4797-b93e-3086845fc326,0.04,false,false,near_mint,fr,EUR
Eternity,binder,Insatiable Skittermaw,EOE,Edge of Eternities,108,normal,common,3,107195,e9d30cca-ea33-418f-bba3-5103f1dbd751,0.08,false,false,near_mint,fr,EUR
Eternity,binder,Comet Crawler,EOE,Edge of Eternities,92,foil,common,1,107766,becca990-ab2e-4aa4-be7d-293ec727cb08,0.09,false,false,near_mint,fr,EUR
Eternity,binder,Susurian Voidborn,EOE,Edge of Eternities,118,normal,uncommon,2,107765,beb97e7b-0ae7-4b08-9ceb-6a7f825bcd49,0.19,false,false,near_mint,fr,EUR
Eternity,binder,Comet Crawler,EOE,Edge of Eternities,92,normal,common,4,107766,becca990-ab2e-4aa4-be7d-293ec727cb08,0.05,false,false,near_mint,fr,EUR
Eternity,binder,Timeline Culler,EOE,Edge of Eternities,121,normal,uncommon,2,106991,33410410-72f2-49c4-9e63-a72202cd075a,0.36,false,false,near_mint,fr,EUR
Eternity,binder,Monoist Circuit-Feeder,EOE,Edge of Eternities,110,normal,uncommon,1,107492,957ae7aa-98d6-402a-9b20-e3e5b7e8dfe3,0.09,false,false,near_mint,fr,EUR
Eternity,binder,Zero Point Ballad,EOE,Edge of Eternities,128,normal,rare,1,107722,59cf9f4d-54cd-4cda-9726-65e16100ab46,0.02,false,false,near_mint,fr,EUR
Eternity,binder,Tragic Trajectory,EOE,Edge of Eternities,122,normal,uncommon,2,107063,78c8bc60-1378-4028-8ab1-3286e459bffb,0.2,false,false,near_mint,fr,EUR
Eternity,binder,Embrace Oblivion,EOE,Edge of Eternities,98,normal,common,3,106927,3754fc20-7aaa-437d-97df-d6cf1c29586c,0.15,false,false,near_mint,fr,EUR
Eternity,binder,Vote Out,EOE,Edge of Eternities,126,normal,uncommon,2,107717,4f50bb47-cc4d-4b81-b5f1-817ca8744d12,0.09,false,false,near_mint,fr,EUR
Eternity,binder,Scrounge for Eternity,EOE,Edge of Eternities,114,normal,uncommon,2,107762,baeff907-017e-4dee-aae1-19dfaab309de,0.14,false,false,near_mint,fr,EUR
Eternity,binder,Hymn of the Faller,EOE,Edge of Eternities,107,normal,uncommon,2,107568,e468d528-6cf0-4563-9da2-e388ba56cb9d,0.22,false,false,near_mint,fr,EUR
Eternity,binder,Decode Transmissions,EOE,Edge of Eternities,94,normal,common,4,107166,cecb4936-14ca-49f9-b209-6519cab54b30,0.07,false,false,near_mint,fr,EUR
Eternity,binder,Temporal Intervention,EOE,Edge of Eternities,120,foil,common,1,107064,79f9525a-4cb7-411e-b7b5-2113e93bcbc3,0.3,false,false,near_mint,fr,EUR
Eternity,binder,Gravkill,EOE,Edge of Eternities,103,normal,common,3,107333,cfa6c57f-a193-48cc-9764-d8348548a111,0.07,false,false,near_mint,fr,EUR
Eternity,binder,Temporal Intervention,EOE,Edge of Eternities,120,normal,common,4,107064,79f9525a-4cb7-411e-b7b5-2113e93bcbc3,0.17,false,false,near_mint,fr,EUR
Eternity,binder,Depressurize,EOE,Edge of Eternities,95,normal,common,3,107697,25520d5a-1a83-42cc-8ace-8b1156019d64,0.1,false,false,near_mint,fr,EUR
Eternity,binder,Dark Endurance,EOE,Edge of Eternities,93,normal,common,3,107790,fac87b49-a0cd-42d5-b30a-efc6d5526fc3,0.03,false,false,near_mint,fr,EUR
Eternity,binder,Archenemy's Charm,EOE,Edge of Eternities,88,normal,rare,1,107184,dcde5f27-e2f0-4d2a-afa3-f300896ec4b1,0.62,false,false,near_mint,fr,EUR
Eternity,binder,Chorale of the Void,EOE,Edge of Eternities,91,foil,rare,1,107461,7389fe88-f6ff-4497-a037-9ca283fb89e3,0.14,false,false,near_mint,fr,EUR
Eternity,binder,Hylderblade,EOE,Edge of Eternities,106,normal,uncommon,1,107517,ac80cf18-0707-4358-bdd4-0c2b90d0a1d9,0.11,false,false,near_mint,fr,EUR
Eternity,binder,Chorale of the Void,EOE,Edge of Eternities,91,normal,rare,2,107461,7389fe88-f6ff-4497-a037-9ca283fb89e3,0.02,false,false,near_mint,fr,EUR
Eternity,binder,Dubious Delicacy,EOE,Edge of Eternities,96,normal,uncommon,1,107377,153265b4-0ca4-4245-9226-dd1a083ec91c,0.13,false,false,near_mint,fr,EUR
Eternity,binder,Mountain,EOE,Edge of Eternities,265,normal,common,1,106776,3204f401-1bcb-4d97-b15d-113a5d3c3e9f,0.31,false,false,near_mint,fr,EUR
Eternity,binder,Mountain,EOE,Edge of Eternities,273,foil,common,2,107028,5cd39b01-9a06-4575-9c63-9fb3ba9ef101,0.09,false,false,near_mint,fr,EUR
Eternity,binder,Mountain,EOE,Edge of Eternities,274,foil,common,2,107186,de0ac2b0-175b-4e71-9172-ce2a72234818,0.07,false,false,near_mint,fr,EUR
Eternity,binder,Mountain,EOE,Edge of Eternities,273,normal,common,5,107028,5cd39b01-9a06-4575-9c63-9fb3ba9ef101,0.08,false,false,near_mint,fr,EUR
Eternity,binder,Mountain,EOE,Edge of Eternities,274,normal,common,4,107186,de0ac2b0-175b-4e71-9172-ce2a72234818,0.11,false,false,near_mint,fr,EUR
Eternity,binder,Galvanizing Sawship,EOE,Edge of Eternities,136,normal,uncommon,2,107273,5bbce9fb-401f-4e78-acd5-9d3b506687fd,0.02,false,false,near_mint,fr,EUR
Eternity,binder,Debris Field Crusher,EOE,Edge of Eternities,131,normal,uncommon,2,107197,ea713f35-6442-4388-8839-2714374fb4b6,0.1,false,false,near_mint,fr,EUR
Eternity,binder,Roving Actuator,EOE,Edge of Eternities,157,normal,uncommon,2,107375,1111173b-ea49-4de4-b5b0-07d768c626b9,0.09,false,false,near_mint,fr,EUR
Eternity,binder,Red Tiger Mechan,EOE,Edge of Eternities,154,normal,common,4,107139,b7b2fa48-cd2d-42ea-afd8-8cbd7a1bcdab,0.05,false,false,near_mint,fr,EUR
Eternity,binder,Kavaron Turbodrone,EOE,Edge of Eternities,141,normal,common,4,107788,f5e92cdd-75df-499e-94f7-22287f1000b3,0.06,false,false,near_mint,fr,EUR
Eternity,binder,Zookeeper Mechan,EOE,Edge of Eternities,170,normal,common,5,107744,8d5cd0be-4337-4aba-a4f6-5adab7735a73,0.09,false,false,near_mint,fr,EUR
Eternity,binder,Oreplate Pangolin,EOE,Edge of Eternities,150,normal,common,3,107747,90209957-95db-4b59-979a-316d14ef876c,0.07,false,false,near_mint,fr,EUR
Eternity,binder,Slagdrill Scrapper,EOE,Edge of Eternities,160,foil,common,1,107694,155dcf54-8fdb-4715-97dc-4eb5d3d80d78,0.16,false,false,near_mint,fr,EUR
Eternity,binder,Kavaron Harrier,EOE,Edge of Eternities,139,normal,uncommon,1,107383,1da2a740-e4ff-4661-ba57-39b15c58e26e,0.14,false,false,near_mint,fr,EUR
Eternity,binder,Slagdrill Scrapper,EOE,Edge of Eternities,160,normal,common,4,107694,155dcf54-8fdb-4715-97dc-4eb5d3d80d78,0.11,false,false,near_mint,fr,EUR
Eternity,binder,Vaultguard Trooper,EOE,Edge of Eternities,166,normal,uncommon,1,107709,36afe3b1-43a2-47b4-bc0a-24efb1e2e5a0,0.1,false,false,near_mint,fr,EUR
Eternity,binder,Kavaron Skywarden,EOE,Edge of Eternities,140,foil,common,1,107726,617038a8-0544-4d0e-8ff1-c786e60ecd59,0.11,false,false,near_mint,fr,EUR
Eternity,binder,Kav Landseeker,EOE,Edge of Eternities,138,normal,common,3,107065,7a5a7e89-50e3-43cb-af93-d7d80a630c11,0.06,false,false,near_mint,fr,EUR
Eternity,binder,Kavaron Skywarden,EOE,Edge of Eternities,140,normal,common,3,107726,617038a8-0544-4d0e-8ff1-c786e60ecd59,0.05,false,false,near_mint,fr,EUR
Eternity,binder,Memorial Team Leader,EOE,Edge of Eternities,144,normal,uncommon,2,107413,3ddc240a-62df-4773-98d7-48a9adaf1846,0.11,false,false,near_mint,fr,EUR
Eternity,binder,Molecular Modifier,EOE,Edge of Eternities,146,normal,uncommon,2,107739,7b80b9c9-a871-4c04-b8be-feb81a900591,0.08,false,false,near_mint,fr,EUR
Eternity,binder,Possibility Technician,EOE,Edge of Eternities,153,normal,rare,1,107267,4b146c78-403f-48c8-941d-41114498bb89,0.12,false,false,near_mint,fr,EUR
Eternity,binder,Frontline War-Rager,EOE,Edge of Eternities,134,foil,common,1,107789,fa232943-818b-4944-be60-2d80c806bf62,0.15,false,false,near_mint,fr,EUR
Eternity,binder,Terrapact Intimidator,EOE,Edge of Eternities,164,foil,uncommon,1,106957,13fe3358-fd68-4245-a2ad-aa9200cf4655,0.18,false,false,near_mint,fr,EUR
Eternity,binder,Frontline War-Rager,EOE,Edge of Eternities,134,normal,common,4,107789,fa232943-818b-4944-be60-2d80c806bf62,0.03,false,false,near_mint,fr,EUR
Eternity,binder,Weftstalker Ardent,EOE,Edge of Eternities,169,normal,uncommon,2,107165,cddb48cc-8eb1-47ce-90f0-7aad1e93e2c4,0.33,false,false,near_mint,fr,EUR
Eternity,binder,Terrapact Intimidator,EOE,Edge of Eternities,164,normal,uncommon,1,106957,13fe3358-fd68-4245-a2ad-aa9200cf4655,0.07,false,false,near_mint,fr,EUR
Eternity,binder,Nebula Dragon,EOE,Edge of Eternities,147,normal,common,3,107692,0ee509dd-9fba-4b6d-a9d4-cc8bf5822ddd,0.09,false,false,near_mint,fr,EUR
Eternity,binder,Territorial Bruntar,EOE,Edge of Eternities,165,normal,uncommon,3,107776,dbb25585-6048-4a85-828e-675bf0da6508,0.09,false,false,near_mint,fr,EUR
Eternity,binder,Remnant Elemental,EOE,Edge of Eternities,155,normal,uncommon,3,107475,830d5532-3b24-470e-912f-f0f5df1cb530,0.06,false,false,near_mint,fr,EUR
Eternity,binder,Plasma Bolt,EOE,Edge of Eternities,152,normal,common,3,107307,a1a1834b-76c2-4496-b8c5-18b69ab34c4c,0.09,false,false,near_mint,fr,EUR
Eternity,binder,Ruinous Rampage,EOE,Edge of Eternities,158,normal,uncommon,1,107299,91d7a4c2-1a4b-4e9f-b543-225b6906752f,0.15,false,false,near_mint,fr,EUR
Eternity,binder,Systems Override,EOE,Edge of Eternities,161,normal,uncommon,1,106980,2a34c71b-8d3c-435b-9cf8-4902f997d10d,0.1,false,false,near_mint,fr,EUR
Eternity,binder,Orbital Plunge,EOE,Edge of Eternities,149,normal,common,5,107703,2dc7cc17-5319-4694-99c6-8c56a0b40a44,0.09,false,false,near_mint,fr,EUR
Eternity,binder,Terminal Velocity,EOE,Edge of Eternities,163,normal,rare,2,107696,1d18dc06-16f0-4a3b-8d52-dbf4aa2c393d,0.02,false,false,near_mint,fr,EUR
Eternity,binder,Devastating Onslaught,EOE,Edge of Eternities,132,normal,mythic,1,107587,fc779971-24e2-46a8-86be-16f0b244a3d2,1.29,false,false,near_mint,fr,EUR
Eternity,binder,Full Bore,EOE,Edge of Eternities,135,foil,uncommon,1,107549,cfee64ef-d22d-4024-bc65-59cbd1731d1c,0.25,false,false,near_mint,fr,EUR
Eternity,binder,Invasive Maneuvers,EOE,Edge of Eternities,137,normal,uncommon,1,107524,b68010e2-7810-43cb-a52e-e73b1834e54e,0.14,false,false,near_mint,fr,EUR
Eternity,binder,Full Bore,EOE,Edge of Eternities,135,normal,uncommon,1,107549,cfee64ef-d22d-4024-bc65-59cbd1731d1c,0.14,false,false,near_mint,fr,EUR
Eternity,binder,Drill Too Deep,EOE,Edge of Eternities,133,normal,common,3,107760,b9d3b6e8-47c8-49e3-b204-8b659e127bde,0.02,false,false,near_mint,fr,EUR
Eternity,binder,Rig for War,EOE,Edge of Eternities,156,foil,common,1,107710,3edd0515-dcc4-4cb5-8b54-9c00173d8a6d,0.06,false,false,near_mint,fr,EUR
Eternity,binder,Lithobraking,EOE,Edge of Eternities,142,normal,uncommon,1,107438,5a22024c-2c0f-4487-98d1-ee89cf3dba89,0.17,false,false,near_mint,fr,EUR
Eternity,binder,Rig for War,EOE,Edge of Eternities,156,normal,common,3,107710,3edd0515-dcc4-4cb5-8b54-9c00173d8a6d,0.05,false,false,near_mint,fr,EUR
Eternity,binder,Bombard,EOE,Edge of Eternities,129,foil,common,1,107698,29492df8-3077-4ded-a6e2-51d3bd4669b4,0.07,false,false,near_mint,fr,EUR
Eternity,binder,Weapons Manufacturing,EOE,Edge of Eternities,168,normal,rare,1,107111,a058f1a6-318c-4bba-981e-ace079ada806,2.14,false,false,near_mint,fr,EUR
Eternity,binder,Bombard,EOE,Edge of Eternities,129,normal,common,4,107698,29492df8-3077-4ded-a6e2-51d3bd4669b4,0.02,false,false,near_mint,fr,EUR
Eternity,binder,Pain for All,EOE,Edge of Eternities,151,normal,rare,1,107553,d2948913-817b-4715-92d5-ed3cde347be7,0.67,false,false,near_mint,fr,EUR
Eternity,binder,Melded Moxite,EOE,Edge of Eternities,143,foil,common,1,107421,474c067f-eb24-4ae8-b4c0-f6f8e24cdb2a,0.02,false,false,near_mint,fr,EUR
Eternity,binder,Memorial Vault,EOE,Edge of Eternities,145,normal,rare,1,107600,a14ecd13-325a-4555-b1dd-d0d0d0826031,0.02,false,false,near_mint,fr,EUR
Eternity,binder,Melded Moxite,EOE,Edge of Eternities,143,normal,common,3,107421,474c067f-eb24-4ae8-b4c0-f6f8e24cdb2a,0.1,false,false,near_mint,fr,EUR
Eternity,binder,Plains,EOE,Edge of Eternities,262,normal,common,1,106773,089ae01b-e042-4255-b0ee-17d8f416a8d9,0.35,false,false,near_mint,fr,EUR
Eternity,binder,Plains,EOE,Edge of Eternities,268,normal,common,4,107115,a26fd28e-d053-48b3-ab4c-2dc6fd33fa64,0.07,false,false,near_mint,fr,EUR
Eternity,binder,Plains,EOE,Edge of Eternities,267,normal,common,3,107188,df31f72c-076e-4d8e-9975-6d6281ab71f6,0.08,false,false,near_mint,fr,EUR
Eternity,binder,Rescue Skiff,EOE,Edge of Eternities,32,normal,uncommon,1,107459,6fe86bfb-c67d-4df9-88c9-f083091f4cda,0.12,false,false,near_mint,fr,EUR
Eternity,binder,Wedgelight Rammer,EOE,Edge of Eternities,43,normal,uncommon,1,107397,2cb0984f-dc8b-4bb3-a4fd-8d6d4ae20198,0.07,false,false,near_mint,fr,EUR
Eternity,binder,The Seriema,EOE,Edge of Eternities,35,normal,rare,1,106771,dec91ec3-42d3-4922-96f0-dbb50a576084,0.02,false,false,near_mint,fr,EUR
Eternity,binder,Lumen-Class Frigate,EOE,Edge of Eternities,25,normal,rare,1,107370,0cc59b5a-65fa-47cc-8ac7-b7c3f533a782,0.11,false,false,near_mint,fr,EUR
Eternity,binder,Dawnstrike Vanguard,EOE,Edge of Eternities,10,normal,uncommon,2,107723,5a041722-9483-469f-9c17-7f0253b0db50,0.11,false,false,near_mint,fr,EUR
Eternity,binder,Luxknight Breacher,EOE,Edge of Eternities,26,normal,common,4,107537,c1236731-0d33-4705-8077-3cf58acf9a39,0.13,false,false,near_mint,fr,EUR
Eternity,binder,Sunstar Lightsmith,EOE,Edge of Eternities,42,normal,uncommon,1,107725,5f60b09d-9814-4a36-a57d-59b0e04c1c2f,0.1,false,false,near_mint,fr,EUR
Eternity,binder,Knight Luminary,EOE,Edge of Eternities,23,normal,common,4,107708,34334971-c1b7-4506-a6dd-77f66b3ae4e7,0.07,false,false,near_mint,fr,EUR
Eternity,binder,Dual-Sun Adepts,EOE,Edge of Eternities,12,normal,uncommon,1,107771,c7e8c830-77ae-437f-8e28-ce61c5fde6b6,0.08,false,false,near_mint,fr,EUR
Eternity,binder,Brightspear Zealot,EOE,Edge of Eternities,8,normal,common,3,107782,e7f7541a-5910-4f33-8c1d-3507ce3a426e,0.03,false,false,near_mint,fr,EUR
Eternity,binder,Flight-Deck Coordinator,EOE,Edge of Eternities,17,foil,common,1,107743,88cc6328-a035-4f74-b786-390e5c7c324c,0.02,false,false,near_mint,fr,EUR
Eternity,binder,Rayblade Trooper,EOE,Edge of Eternities,30,foil,uncommon,1,107535,c08c7bf9-a2ed-45c6-8b48-15122d9d9e37,0.25,false,false,near_mint,fr,EUR
Eternity,binder,Flight-Deck Coordinator,EOE,Edge of Eternities,17,normal,common,5,107743,88cc6328-a035-4f74-b786-390e5c7c324c,0.06,false,false,near_mint,fr,EUR
Eternity,binder,Rayblade Trooper,EOE,Edge of Eternities,30,normal,uncommon,2,107535,c08c7bf9-a2ed-45c6-8b48-15122d9d9e37,0.11,false,false,near_mint,fr,EUR
Eternity,binder,Exosuit Savior,EOE,Edge of Eternities,16,normal,common,4,107741,826c0455-a6ce-43ad-bd5c-0a5df169da90,0.07,false,false,near_mint,fr,EUR
Eternity,binder,Cosmogrand Zenith,EOE,Edge of Eternities,9,normal,mythic,1,107134,b3c1e5e3-4e6b-456a-958c-7a75c38f8183,7.0,false,false,near_mint,fr,EUR
Eternity,binder,Pulsar Squadron Ace,EOE,Edge of Eternities,28,normal,uncommon,1,107485,8d989cdc-cbd7-4b71-9589-59618597ac8a,0.03,false,false,near_mint,fr,EUR
Eternity,binder,Starfighter Pilot,EOE,Edge of Eternities,38,normal,common,3,106970,1e571246-aadc-4d1f-a284-9a529e150fe0,0.11,false,false,near_mint,fr,EUR
Eternity,binder,Sunstar Expansionist,EOE,Edge of Eternities,41,foil,uncommon,1,107300,93b0e6e5-9fb6-4342-9322-1a4cc09a7a76,0.19,false,false,near_mint,fr,EUR
Eternity,binder,Dockworker Drone,EOE,Edge of Eternities,11,foil,common,1,107784,eeff069f-427b-42ad-afb1-36f0e547fb74,0.15,false,false,near_mint,fr,EUR
Eternity,binder,Sunstar Expansionist,EOE,Edge of Eternities,41,normal,uncommon,2,107300,93b0e6e5-9fb6-4342-9322-1a4cc09a7a76,0.13,false,false,near_mint,fr,EUR
Eternity,binder,Dockworker Drone,EOE,Edge of Eternities,11,normal,common,3,107784,eeff069f-427b-42ad-afb1-36f0e547fb74,0.07,false,false,near_mint,fr,EUR
Eternity,binder,Starport Security,EOE,Edge of Eternities,39,normal,common,3,107244,238cb1db-6c41-4fe1-bc34-340048dfde18,0.07,false,false,near_mint,fr,EUR
Eternity,binder,Exalted Sunborn,EOE,Edge of Eternities,15,normal,mythic,1,107070,7e1fe101-f634-41e5-9aa4-e8d7474535dc,14.38,false,false,near_mint,fr,EUR
Eternity,binder,Astelli Reclaimer,EOE,Edge of Eternities,4,normal,rare,1,107017,4fb36405-cd28-432f-b0a4-e74ff8be928d,0.23,false,false,near_mint,fr,EUR
Eternity,binder,Starfield Shepherd,EOE,Edge of Eternities,37,normal,uncommon,1,106954,1226e575-aa78-4c68-be1d-6e5c2dc6315b,0.28,false,false,near_mint,fr,EUR
Eternity,binder,Weftblade Enhancer,EOE,Edge of Eternities,44,normal,common,3,107745,8d72b00c-5043-4630-949a-fc17eeb962bc,0.02,false,false,near_mint,fr,EUR
Eternity,binder,Radiant Strike,EOE,Edge of Eternities,29,foil,common,1,107484,8c38e4cb-918b-4493-872b-66c90dcfd339,0.14,false,false,near_mint,fr,EUR
Eternity,binder,Honor,EOE,Edge of Eternities,21,normal,uncommon,1,107551,d0b4e925-1d59-41a1-bc06-9982695d778f,0.15,false,false,near_mint,fr,EUR
Eternity,binder,Radiant Strike,EOE,Edge of Eternities,29,normal,common,3,107484,8c38e4cb-918b-4493-872b-66c90dcfd339,0.11,false,false,near_mint,fr,EUR
Eternity,binder,Scout for Survivors,EOE,Edge of Eternities,33,normal,uncommon,3,107349,ebf3a6dd-a447-46f9-8b10-091ac8cbaa18,0.13,false,false,near_mint,fr,EUR
Eternity,binder,Reroute Systems,EOE,Edge of Eternities,31,normal,uncommon,1,107409,3bbdba38-2b99-4226-98e3-6d2580345d6d,0.13,false,false,near_mint,fr,EUR
Eternity,binder,Focus Fire,EOE,Edge of Eternities,18,normal,common,3,107515,a9ddfcbc-0f84-4315-aaa3-ca54ff64d7de,0.08,false,false,near_mint,fr,EUR
Eternity,binder,Dual-Sun Technique,EOE,Edge of Eternities,13,normal,uncommon,2,107583,f8931132-391f-4f16-b480-0a245ab2ec21,0.11,false,false,near_mint,fr,EUR
Eternity,binder,Emergency Eject,EOE,Edge of Eternities,14,normal,uncommon,2,107216,fc98b2d4-86fc-4c47-b2a7-1f3c89463607,0.22,false,false,near_mint,fr,EUR
Eternity,binder,Zealous Display,EOE,Edge of Eternities,45,normal,common,4,107787,f5973fd3-d6bc-48f1-8a44-57d2a6dda228,0.08,false,false,near_mint,fr,EUR
Eternity,binder,Seam Rip,EOE,Edge of Eternities,34,normal,uncommon,2,107750,9d298847-2d02-4593-b4d3-c5b722edac1e,0.84,false,false,near_mint,fr,EUR
Eternity,binder,Banishing Light,EOE,Edge of Eternities,6,normal,common,4,107153,c45f11cd-a0aa-4d14-aa21-57f0969f3e2b,0.05,false,false,near_mint,fr,EUR
Eternity,binder,Squire's Lightblade,EOE,Edge of Eternities,36,normal,common,4,107699,2a0accba-85d4-4aa4-a70c-80fcce48c261,0.05,false,false,near_mint,fr,EUR
Eternity,binder,Pinnacle Starcage,EOE,Edge of Eternities,27,normal,rare,1,107519,b1f40c4c-a955-4d9c-8225-251fa4159124,0.23,false,false,near_mint,fr,EUR
Eternity,binder,Robe of Stars,SPG,Special Guests,121,normal,mythic,1,107541,c89a70e9-c180-483d-8a76-951b52162fda,7.39,false,false,near_mint,fr,EUR
Eternity,binder,Robot,TEOE,Edge of Eternities Tokens,10,normal,common,26,107769,c46f9a07-005c-44b7-8057-b2f00b274dd6,,false,false,near_mint,fr,EUR
Eternity,binder,Sliver,TEOE,Edge of Eternities Tokens,1,normal,common,4,107767,bf7501ee-783d-49c6-b381-1db056360b40,,false,false,near_mint,fr,EUR
Eternity,binder,Lander,TEOE,Edge of Eternities Tokens,8,normal,common,7,107081,85ef1950-219f-401b-8ff5-914f9aaec122,,false,false,near_mint,fr,EUR
Eternity,binder,Human Soldier,TEOE,Edge of Eternities Tokens,2,normal,common,6,107728,631c2c16-132d-4607-ab7e-207a6af188e5,,false,false,near_mint,fr,EUR
Eternity,binder,Lander,TEOE,Edge of Eternities Tokens,4,normal,common,7,107755,b25a7de0-0d5d-4b7a-a1bf-7483fa51392a,,false,false,near_mint,fr,EUR
Eternity,binder,Lander,TEOE,Edge of Eternities Tokens,5,normal,common,6,107761,ba3b3b34-0ffa-41a4-8529-7b9d2946a1ac,,false,false,near_mint,fr,EUR
Eternity,binder,Lander,TEOE,Edge of Eternities Tokens,7,normal,common,4,107768,c1d0baf8-db86-4a98-84fa-43aa32e0980f,,false,false,near_mint,fr,EUR
Eternity,binder,Lander,TEOE,Edge of Eternities Tokens,6,normal,common,8,107715,49164e15-252a-46e2-8c5a-66e41e071072,,false,false,near_mint,fr,EUR
Eternity,binder,Drone,TEOE,Edge of Eternities Tokens,3,normal,common,9,107712,3fcf8950-117a-4587-8522-79001dffa500,,false,false,near_mint,fr,EUR
Eternity,binder,Munitions,TEOE,Edge of Eternities Tokens,9,normal,common,2,107751,a16f931a-9fa3-45b1-8d54-04b6b5bf7b71,,false,false,near_mint,fr,EUR
Eternity,binder,"Tezzeret, Cruel Captain Emblem",TEOE,Edge of Eternities Tokens,11,normal,common,1,107759,b97ae026-a3d3-4130-bf6f-aeeb3a1ab520,,false,false,near_mint,fr,EUR
Eternity,binder,Forest,EOE,Edge of Eternities,266,normal,common,4,106786,8335b9f1-e726-423b-8ba7-6151448ab3fd,0.43,false,false,near_mint,fr,EUR
Eternity,binder,Forest,EOE,Edge of Eternities,276,normal,common,1,107048,673141ec-826f-4132-8282-d499990495a7,0.09,false,false,near_mint,fr,EUR
Eternity,binder,Forest,EOE,Edge of Eternities,276,foil,common,2,107048,673141ec-826f-4132-8282-d499990495a7,0.11,false,false,near_mint,fr,EUR
Eternity,binder,Forest,EOE,Edge of Eternities,275,normal,common,4,107213,fb62605c-a58e-4e53-8336-b2bee316b5a6,0.11,false,false,near_mint,fr,EUR
Eternity,binder,Sledge-Class Seedship,EOE,Edge of Eternities,208,normal,rare,1,107562,dc0cb4b6-cc20-49ea-84b2-2f3af3b0a19e,0.02,false,false,near_mint,fr,EUR
Eternity,binder,Larval Scoutlander,EOE,Edge of Eternities,194,normal,uncommon,2,107555,d6083f43-58dc-46fc-aeff-347b1080417b,0.15,false,false,near_mint,fr,EUR
Eternity,binder,Atmospheric Greenhouse,EOE,Edge of Eternities,171,foil,uncommon,1,107532,bf05e378-7a0c-49e3-8c6e-c0fd56796434,0.16,false,false,near_mint,fr,EUR
Eternity,binder,Hemosymbic Mite,EOE,Edge of Eternities,190,normal,uncommon,2,107324,c14137a4-2d44-444c-ad50-e2edf9380571,0.1,false,false,near_mint,fr,EUR
Eternity,binder,Atmospheric Greenhouse,EOE,Edge of Eternities,171,normal,uncommon,2,107532,bf05e378-7a0c-49e3-8c6e-c0fd56796434,0.08,false,false,near_mint,fr,EUR
Eternity,binder,Skystinger,EOE,Edge of Eternities,207,normal,common,4,107777,dfea9941-3675-4c0f-bc4d-981c28deed36,0.07,false,false,near_mint,fr,EUR
Eternity,binder,Broodguard Elite,EOE,Edge of Eternities,175,normal,uncommon,1,106945,08b1d019-65ab-4dea-9076-041fd6338a35,0.14,false,false,near_mint,fr,EUR
Eternity,binder,Seedship Agrarian,EOE,Edge of Eternities,204,normal,uncommon,2,107706,2fc7946d-37b0-4dc8-9daa-8d2204d8e4d2,0.1,false,false,near_mint,fr,EUR
Eternity,binder,Intrepid Tenderfoot,EOE,Edge of Eternities,193,normal,common,3,107740,809df0ea-deff-47b9-83df-cc1f360d377e,0.05,false,false,near_mint,fr,EUR
Eternity,binder,Meltstrider Eulogist,EOE,Edge of Eternities,197,normal,uncommon,2,107563,df61aa0c-effc-4d57-be19-876a82c41d33,0.12,false,false,near_mint,fr,EUR
Eternity,binder,Thawbringer,EOE,Edge of Eternities,211,normal,common,3,107691,0b7f934f-8eb4-408b-a55f-245ec5cc4a8a,0.1,false,false,near_mint,fr,EUR
Eternity,binder,Icetill Explorer,EOE,Edge of Eternities,192,normal,rare,1,107559,d9482aab-6ddf-48e1-84fa-b13d5ff81e69,12.81,false,false,near_mint,fr,EUR
Eternity,binder,Eumidian Terrabotanist,EOE,Edge of Eternities,180,normal,uncommon,2,107729,64fb2981-86ed-478a-89cd-c6bb078a5bc7,0.13,false,false,near_mint,fr,EUR
Eternity,binder,Gene Pollinator,EOE,Edge of Eternities,186,normal,common,3,107772,ce7a8eec-a029-4ee1-b2d6-405d903d4640,0.1,false,false,near_mint,fr,EUR
Eternity,binder,Edge Rover,EOE,Edge of Eternities,179,normal,uncommon,2,107489,90741ec9-6893-42d4-b510-8664666094e3,0.13,false,false,near_mint,fr,EUR
Eternity,binder,Lashwhip Predator,EOE,Edge of Eternities,195,normal,uncommon,2,107593,24553e98-29a9-47e3-91c7-9add708d9ad1,0.09,false,false,near_mint,fr,EUR
Eternity,binder,Germinating Wurm,EOE,Edge of Eternities,187,normal,common,4,107792,fcde173a-6314-4904-bddd-68b2ab1e4867,0.07,false,false,near_mint,fr,EUR
Eternity,binder,Blooming Stinger,EOE,Edge of Eternities,174,foil,common,1,107705,2ee859bd-d99c-4b1d-9372-7ff4fc1e8c6a,0.16,false,false,near_mint,fr,EUR
Eternity,binder,Icecave Crasher,EOE,Edge of Eternities,191,foil,common,1,107781,e6c1ed0c-0c0d-47a7-8ebc-67854cb226e0,0.05,false,false,near_mint,fr,EUR
Eternity,binder,Blooming Stinger,EOE,Edge of Eternities,174,normal,common,3,107705,2ee859bd-d99c-4b1d-9372-7ff4fc1e8c6a,0.07,false,false,near_mint,fr,EUR
Eternity,binder,Icecave Crasher,EOE,Edge of Eternities,191,normal,common,3,107781,e6c1ed0c-0c0d-47a7-8ebc-67854cb226e0,0.09,false,false,near_mint,fr,EUR
Eternity,binder,Fungal Colossus,EOE,Edge of Eternities,184,normal,common,3,107502,9dc9559f-cece-4c85-807c-158291666007,0.07,false,false,near_mint,fr,EUR
Eternity,binder,Harmonious Grovestrider,EOE,Edge of Eternities,189,normal,uncommon,1,106789,e320abed-f145-42d3-b402-4f82e3a56389,0.14,false,false,near_mint,fr,EUR
Eternity,binder,Frenzied Baloth,EOE,Edge of Eternities,183,normal,rare,1,107158,c72d85e9-a0bc-4f73-8d73-c58843577f4e,2.33,false,false,near_mint,fr,EUR
Eternity,binder,Glacier Godmaw,EOE,Edge of Eternities,188,normal,uncommon,1,107608,d3291c51-e963-4970-813d-9a06a47aa71e,0.14,false,false,near_mint,fr,EUR
Eternity,binder,Drix Fatemaker,EOE,Edge of Eternities,178,normal,common,4,107381,1beb7566-305e-4091-bdc4-cf4c789ac05a,0.12,false,false,near_mint,fr,EUR
Eternity,binder,Galactic Wayfarer,EOE,Edge of Eternities,185,normal,common,2,107078,85b898d2-050f-49a2-87af-07d54d105336,0.1,false,false,near_mint,fr,EUR
Eternity,binder,Shattered Wings,EOE,Edge of Eternities,206,normal,common,4,107142,bbece737-bd4f-4dc8-bf5c-f77930246ab1,0.12,false,false,near_mint,fr,EUR
Eternity,binder,Pull Through the Weft,EOE,Edge of Eternities,202,normal,uncommon,2,107601,a70d0877-1a1e-436b-bf8c-0ff6df9efc6a,0.15,false,false,near_mint,fr,EUR
Eternity,binder,Sami's Curiosity,EOE,Edge of Eternities,203,normal,common,5,107460,703ad0f3-bd05-42b0-85fb-0cd37807dc91,0.11,false,false,near_mint,fr,EUR
Eternity,binder,Diplomatic Relations,EOE,Edge of Eternities,177,foil,common,1,107778,e0a104c5-61fb-4733-97ab-a31a15a49443,0.15,false,false,near_mint,fr,EUR
Eternity,binder,Biosynthic Burst,EOE,Edge of Eternities,173,foil,common,1,107732,6d73a4a8-5d52-4c12-a96a-45cd202bcc62,0.16,false,false,near_mint,fr,EUR
Eternity,binder,Diplomatic Relations,EOE,Edge of Eternities,177,normal,common,3,107778,e0a104c5-61fb-4733-97ab-a31a15a49443,0.11,false,false,near_mint,fr,EUR
Eternity,binder,Biosynthic Burst,EOE,Edge of Eternities,173,normal,common,4,107732,6d73a4a8-5d52-4c12-a96a-45cd202bcc62,0.1,false,false,near_mint,fr,EUR
Eternity,binder,Seedship Impact,EOE,Edge of Eternities,205,normal,uncommon,2,107169,d060d95f-f33a-4fc0-b002-c394d4cd82ce,0.12,false,false,near_mint,fr,EUR
Eternity,binder,Close Encounter,EOE,Edge of Eternities,176,normal,uncommon,1,107513,a8a77351-9115-470f-8141-222c1916b337,0.08,false,false,near_mint,fr,EUR
Eternity,binder,Meltstrider's Resolve,EOE,Edge of Eternities,199,normal,uncommon,2,107596,53c08af4-b975-4d9d-baba-73e6727f2778,0.13,false,false,near_mint,fr,EUR
Eternity,binder,Eusocial Engineering,EOE,Edge of Eternities,181,normal,uncommon,1,106940,011bd7d8-6d60-482a-91b7-d3f0aad13b71,0.18,false,false,near_mint,fr,EUR
Eternity,binder,Meltstrider's Gear,EOE,Edge of Eternities,198,normal,common,4,107775,d75629cb-91e2-46fa-9c80-6feb29e1ceb8,0.1,false,false,near_mint,fr,EUR
Eternity,binder,Island,EOE,Edge of Eternities,263,foil,common,2,106783,76313c69-8ec7-49e3-a34e-ade26097284c,0.62,false,false,near_mint,fr,EUR
Eternity,binder,Island,EOE,Edge of Eternities,270,normal,common,3,106987,2fb9ecfd-8025-48c0-a306-b4deebde2949,0.08,false,false,near_mint,fr,EUR
Eternity,binder,Island,EOE,Edge of Eternities,263,normal,common,1,106783,76313c69-8ec7-49e3-a34e-ade26097284c,0.34,false,false,near_mint,fr,EUR
Eternity,binder,Island,EOE,Edge of Eternities,270,foil,common,2,106987,2fb9ecfd-8025-48c0-a306-b4deebde2949,0.12,false,false,near_mint,fr,EUR
Eternity,binder,Island,EOE,Edge of Eternities,269,normal,common,5,107124,aaa212be-1db5-4493-86c8-c01d29348e31,0.08,false,false,near_mint,fr,EUR
Eternity,binder,Synthesizer Labship,EOE,Edge of Eternities,81,normal,rare,1,107585,fba6332c-acba-43f9-877c-ca6c5328aae9,0.02,false,false,near_mint,fr,EUR
Eternity,binder,Uthros Scanship,EOE,Edge of Eternities,85,normal,uncommon,2,107384,1f93887f-35c5-472f-83d0-54227b3bd1d2,0.11,false,false,near_mint,fr,EUR
Eternity,binder,Specimen Freighter,EOE,Edge of Eternities,76,foil,uncommon,1,107526,b862a9f8-2361-4220-99bd-ae2530905195,0.14,false,false,near_mint,fr,EUR
Eternity,binder,Specimen Freighter,EOE,Edge of Eternities,76,normal,uncommon,2,107526,b862a9f8-2361-4220-99bd-ae2530905195,0.11,false,false,near_mint,fr,EUR
Eternity,binder,Steelswarm Operator,EOE,Edge of Eternities,80,normal,uncommon,2,107544,ca468b86-f31a-4cd7-a574-eb984bc4bc3e,0.1,false,false,near_mint,fr,EUR
Eternity,binder,Selfcraft Mechan,EOE,Edge of Eternities,74,foil,common,1,107724,5b2de056-5c27-44d6-871d-909411bd52dd,0.12,false,false,near_mint,fr,EUR
Eternity,binder,Selfcraft Mechan,EOE,Edge of Eternities,74,normal,common,3,107724,5b2de056-5c27-44d6-871d-909411bd52dd,0.06,false,false,near_mint,fr,EUR
Eternity,binder,Mechan Assembler,EOE,Edge of Eternities,63,normal,uncommon,1,107416,3fd46726-095e-4eb2-a804-eeeb988eee1d,0.15,false,false,near_mint,fr,EUR
Eternity,binder,Mechan Navigator,EOE,Edge of Eternities,64,normal,uncommon,2,107507,a1fe1d39-42c8-41d0-8bf0-46973e4b07d4,0.09,false,false,near_mint,fr,EUR
Eternity,binder,Mechan Navigator,EOE,Edge of Eternities,64,foil,uncommon,1,107507,a1fe1d39-42c8-41d0-8bf0-46973e4b07d4,0.14,false,false,near_mint,fr,EUR
Eternity,binder,Nanoform Sentinel,EOE,Edge of Eternities,71,normal,common,2,107711,3eeae8c3-7939-4c79-92f0-fbdb9c1b71d3,0.08,false,false,near_mint,fr,EUR
Eternity,binder,Mechan Shieldmate,EOE,Edge of Eternities,65,normal,common,3,107736,745b2119-4d9f-431f-89b9-10ad48b6dc47,0.03,false,false,near_mint,fr,EUR
Eternity,binder,Mechanozoa,EOE,Edge of Eternities,66,normal,common,3,106948,0cb8d8ce-329a-4a97-b3d8-796703ebcb37,0.1,false,false,near_mint,fr,EUR
Eternity,binder,Cloudsculpt Technician,EOE,Edge of Eternities,49,normal,common,4,107718,51077a54-15cf-4088-8e84-088d72e8e861,0.04,false,false,near_mint,fr,EUR
Eternity,binder,Illvoi Operative,EOE,Edge of Eternities,61,normal,common,4,107773,d0ae9fc7-1802-4806-9996-1f1f458ff6a7,0.06,false,false,near_mint,fr,EUR
Eternity,binder,Illvoi Galeblade,EOE,Edge of Eternities,58,foil,common,1,107060,769f7d13-a312-4d79-8639-6ae248452448,0.26,false,false,near_mint,fr,EUR
Eternity,binder,Illvoi Galeblade,EOE,Edge of Eternities,58,normal,common,3,107060,769f7d13-a312-4d79-8639-6ae248452448,0.15,false,false,near_mint,fr,EUR
Eternity,binder,Sinister Cryologist,EOE,Edge of Eternities,75,normal,common,5,107783,e8fbe740-05ec-4ced-bb9d-3084c8c2b631,0.02,false,false,near_mint,fr,EUR
Eternity,binder,Illvoi Infiltrator,EOE,Edge of Eternities,59,normal,uncommon,1,107702,2db4ed41-0426-4d7f-bb43-e43392bed83b,0.07,false,false,near_mint,fr,EUR
Eternity,binder,"Mm'menon, the Right Hand",EOE,Edge of Eternities,68,normal,rare,1,107473,82add0a0-e402-4b31-b101-81c0bf332015,0.02,false,false,near_mint,fr,EUR
Eternity,binder,Gigastorm Titan,EOE,Edge of Eternities,57,normal,uncommon,2,107603,abc83e0a-0ae5-4087-a751-058a1ba6a920,0.07,false,false,near_mint,fr,EUR
Eternity,binder,Mouth of the Storm,EOE,Edge of Eternities,70,normal,uncommon,2,106997,380f16d6-ad43-4e0d-9645-6abde6248182,0.08,false,false,near_mint,fr,EUR
Eternity,binder,Starbreach Whale,EOE,Edge of Eternities,77,normal,common,2,107085,8a1a0476-7145-4493-97e5-4fc05c85e476,0.13,false,false,near_mint,fr,EUR
Eternity,binder,Starwinder,EOE,Edge of Eternities,79,normal,rare,2,107391,27d1a010-5790-4b35-9fdc-0e366eed021d,0.02,false,false,near_mint,fr,EUR
Eternity,binder,Codecracker Hound,EOE,Edge of Eternities,50,normal,uncommon,3,107598,6723b891-6013-4ec6-b439-2233d270dc48,0.09,false,false,near_mint,fr,EUR
Eternity,binder,Scour for Scrap,EOE,Edge of Eternities,73,normal,uncommon,1,107719,517d1b00-7ec4-489a-ac52-657da24a6379,0.32,false,false,near_mint,fr,EUR
Eternity,binder,Unravel,EOE,Edge of Eternities,83,normal,uncommon,1,107193,e8978214-c853-453d-872d-af56bdaaa3d7,0.08,false,false,near_mint,fr,EUR
Eternity,binder,Cerebral Download,EOE,Edge of Eternities,48,normal,uncommon,2,107429,4d3b5d73-694c-4f9a-8b4f-d8d8c58c8d65,0.13,false,false,near_mint,fr,EUR
Eternity,binder,Desculpting Blast,EOE,Edge of Eternities,54,normal,uncommon,2,107464,77fdbf32-b5f4-4346-846d-d8e0e53e6e53,0.17,false,false,near_mint,fr,EUR
Eternity,binder,Annul,EOE,Edge of Eternities,46,foil,uncommon,1,107271,4feeebea-aa55-4599-ab5a-4e41a54d0dfd,0.24,false,false,near_mint,fr,EUR
Eternity,binder,Annul,EOE,Edge of Eternities,46,normal,uncommon,2,107271,4feeebea-aa55-4599-ab5a-4e41a54d0dfd,0.19,false,false,near_mint,fr,EUR
Eternity,binder,Lost in Space,EOE,Edge of Eternities,62,normal,common,4,107733,6d9d7979-97af-4c85-86f5-1b3704f74e8b,0.03,false,false,near_mint,fr,EUR
Eternity,binder,Divert Disaster,EOE,Edge of Eternities,55,normal,common,5,107770,c5f7d2fe-628b-4493-8281-0e5f91ce5d61,0.13,false,false,near_mint,fr,EUR
Eternity,binder,Mental Modulation,EOE,Edge of Eternities,67,foil,common,1,107693,0f2d12fc-38a0-42e6-9caa-7c18bfcf0011,0.17,false,false,near_mint,fr,EUR
Eternity,binder,Mental Modulation,EOE,Edge of Eternities,67,normal,common,5,107693,0f2d12fc-38a0-42e6-9caa-7c18bfcf0011,0.09,false,false,near_mint,fr,EUR
Eternity,binder,Cryoshatter,EOE,Edge of Eternities,53,normal,common,3,107738,7b62b1e2-9e43-4a66-a647-7e5de2871f2a,0.11,false,false,near_mint,fr,EUR
Eternity,binder,Tractor Beam,EOE,Edge of Eternities,82,normal,uncommon,2,107579,efc96d54-d6e1-49b6-b4c2-70b997776548,0.09,false,false,near_mint,fr,EUR
Eternity,binder,Atomic Microsizer,EOE,Edge of Eternities,47,normal,uncommon,1,107403,3554f0c7-ea73-43e9-a061-bbb8ef6abce1,0.07,false,false,near_mint,fr,EUR
Eternity,binder,Tractor Beam,EOE,Edge of Eternities,82,foil,uncommon,1,107579,efc96d54-d6e1-49b6-b4c2-70b997776548,0.17,false,false,near_mint,fr,EUR
Eternity,binder,Illvoi Light Jammer,EOE,Edge of Eternities,60,normal,common,3,107785,efb3d961-543c-4404-b4ed-1cb28ee411b3,0.07,false,false,near_mint,fr,EUR
Eternity,binder,Cryogen Relic,EOE,Edge of Eternities,52,normal,common,4,107466,7bfb33b6-e2bf-498f-8c58-ae21a840cf75,0.58,false,false,near_mint,fr,EUR
Eternity,binder,Plains,EOE,Edge of Eternities,262,foil,common,1,106773,089ae01b-e042-4255-b0ee-17d8f416a8d9,0.65,false,false,near_mint,fr,EUR
Eternity,binder,Mountain,EOE,Edge of Eternities,265,foil,common,1,106776,3204f401-1bcb-4d97-b15d-113a5d3c3e9f,0.71,false,false,near_mint,fr,EUR
Eternity,binder,Forest,EOE,Edge of Eternities,266,foil,common,1,106786,8335b9f1-e726-423b-8ba7-6151448ab3fd,0.59,false,false,near_mint,fr,EUR
Eternity,binder,Plains,EOE,Edge of Eternities,267,foil,common,1,107188,df31f72c-076e-4d8e-9975-6d6281ab71f6,0.09,false,false,near_mint,fr,EUR
Eternity,binder,Plains,EOE,Edge of Eternities,268,foil,common,1,107115,a26fd28e-d053-48b3-ab4c-2dc6fd33fa64,0.17,false,false,near_mint,fr,EUR
Eternity,binder,Island,EOE,Edge of Eternities,269,foil,common,1,107124,aaa212be-1db5-4493-86c8-c01d29348e31,0.08,false,false,near_mint,fr,EUR
Eternity,binder,Forest,EOE,Edge of Eternities,275,foil,common,1,107213,fb62605c-a58e-4e53-8336-b2bee316b5a6,0.13,false,false,near_mint,fr,EUR
Eternity,binder,Emissary Escort,EOE,Edge of Eternities,399,foil,rare,1,107206,f32df6a8-d77f-40ce-bcac-9495db458210,0.24,false,false,near_mint,fr,EUR
Meurtre au Manoir Karlov,binder,"Kylox, Visionary Inventor",MKM,Murders at Karlov Manor,214,normal,rare,1,90611,00faa272-91ad-407b-9175-8fa1d02585b8,0.08,false,false,near_mint,fr,EUR
Kamigawa Dynastie Neon,binder,March of Wretched Sorrow,NEO,Kamigawa: Neon Dynasty,111,foil,rare,1,66497,050a604e-6146-4e2e-88a5-863ecb3dfa1f,0.77,false,false,near_mint,fr,EUR
Kamigawa Dynastie Neon,binder,"Raiyuu, Storm's Edge",NEO,Kamigawa: Neon Dynasty,232,foil,rare,1,66520,37748b74-0eda-4b20-a08f-faa418adb9ff,0.31,false,false,near_mint,fr,EUR
Kamigawa Dynastie Neon,binder,"Risona, Asari Commander",NEO,Kamigawa: Neon Dynasty,233,foil,rare,1,66700,51d8f1fa-ca92-4e2e-91e8-195bdad82def,0.27,false,false,near_mint,fr,EUR
Kamigawa Dynastie Neon,binder,Hidetsugu Consumes All // Vessel of the All-Consuming,NEO,Kamigawa: Neon Dynasty,221,normal,mythic,1,66571,8e910464-329a-4de1-930a-be85b1956676,1.0,false,false,near_mint,fr,EUR
Spiderman,binder,The Soul Stone,SPM,Marvel's Spider-Man,66,normal,mythic,1,107904,1982f910-a9bd-4e94-a187-84381b22aacc,44.82,false,false,near_mint,fr,EUR
Spiderman,binder,Swamp,SPM,Marvel's Spider-Man,196,foil,common,4,107661,a7150a6e-240f-4628-acdc-153d404370ff,0.17,false,false,near_mint,fr,EUR
Spiderman,binder,Swamp,SPM,Marvel's Spider-Man,196,normal,common,7,107661,a7150a6e-240f-4628-acdc-153d404370ff,0.11,false,false,near_mint,fr,EUR
Spiderman,binder,Swamp,SPM,Marvel's Spider-Man,191,foil,common,6,107864,5cb03b18-d74c-4c89-9539-3549d2e8ff5f,0.07,false,false,near_mint,fr,EUR
Spiderman,binder,Swamp,SPM,Marvel's Spider-Man,191,normal,common,4,107864,5cb03b18-d74c-4c89-9539-3549d2e8ff5f,0.15,false,false,near_mint,fr,EUR
Spiderman,binder,Alien Symbiosis,SPM,Marvel's Spider-Man,50,foil,uncommon,2,108656,b898ccb7-758e-4f11-95e0-b412721d8bf9,0.17,false,false,near_mint,fr,EUR
Spiderman,binder,Alien Symbiosis,SPM,Marvel's Spider-Man,50,normal,uncommon,4,108656,b898ccb7-758e-4f11-95e0-b412721d8bf9,0.07,false,false,near_mint,fr,EUR
Spiderman,binder,Parker Luck,SPM,Marvel's Spider-Man,60,normal,rare,1,108587,e375bcf0-7fcb-4fe4-a7e8-a4cbf9b23e3c,0.02,false,false,near_mint,fr,EUR
Spiderman,binder,The Death of Gwen Stacy,SPM,Marvel's Spider-Man,223,normal,rare,1,108562,aa32b689-9c5c-4c6c-b5be-0e036e9a3223,0.44,false,false,near_mint,fr,EUR
Spiderman,binder,Infernal Grasp,MAR,Marvel Universe,18,normal,mythic,1,108646,82d69044-8d8c-4ae3-853e-de180f4706ca,3.11,false,false,near_mint,fr,EUR
Spiderman,binder,Scorpion's Sting,SPM,Marvel's Spider-Man,65,foil,common,3,107613,0fb03437-32cf-4c97-bf91-ea8b2ad3f964,0.08,false,false,near_mint,fr,EUR
Spiderman,binder,Scorpion's Sting,SPM,Marvel's Spider-Man,65,normal,common,8,107613,0fb03437-32cf-4c97-bf91-ea8b2ad3f964,0.04,false,false,near_mint,fr,EUR
Spiderman,binder,The Spot's Portal,SPM,Marvel's Spider-Man,68,foil,uncommon,3,108639,67a8bf52-7562-4cdd-b970-106717a0aad6,0.11,false,false,near_mint,fr,EUR
Spiderman,binder,The Spot's Portal,SPM,Marvel's Spider-Man,68,normal,uncommon,2,108639,67a8bf52-7562-4cdd-b970-106717a0aad6,0.04,false,false,near_mint,fr,EUR
Spiderman,binder,Prison Break,SPM,Marvel's Spider-Man,61,foil,uncommon,1,108532,6c45a5df-048e-4b73-89c6-5cdaa330319e,0.11,false,false,near_mint,fr,EUR
Spiderman,binder,Prison Break,SPM,Marvel's Spider-Man,61,normal,uncommon,4,108532,6c45a5df-048e-4b73-89c6-5cdaa330319e,0.07,false,false,near_mint,fr,EUR
Spiderman,binder,Behold the Sinister Six!,SPM,Marvel's Spider-Man,51,normal,mythic,1,108430,1919bfec-1906-4178-ad32-d4589842e563,0.48,false,false,near_mint,fr,EUR
Spiderman,binder,Sandman's Quicksand,SPM,Marvel's Spider-Man,63,foil,uncommon,2,108570,b7795e17-6717-464c-9ae3-20da52ba005a,0.12,false,false,near_mint,fr,EUR
Spiderman,binder,Sandman's Quicksand,SPM,Marvel's Spider-Man,63,normal,uncommon,3,108570,b7795e17-6717-464c-9ae3-20da52ba005a,0.02,false,false,near_mint,fr,EUR
Spiderman,binder,Risky Research,SPM,Marvel's Spider-Man,62,foil,common,2,107617,1f8aa705-6177-42e9-95cb-e7f880c186e3,0.2,false,false,near_mint,fr,EUR
Spiderman,binder,Risky Research,SPM,Marvel's Spider-Man,62,normal,common,8,107617,1f8aa705-6177-42e9-95cb-e7f880c186e3,0.05,false,false,near_mint,fr,EUR
Spiderman,binder,Venom's Hunger,SPM,Marvel's Spider-Man,73,foil,common,3,107611,01d276cd-e4ad-488f-8447-004aefad1ebb,0.11,false,false,near_mint,fr,EUR
Spiderman,binder,Venom's Hunger,SPM,Marvel's Spider-Man,73,normal,common,8,107611,01d276cd-e4ad-488f-8447-004aefad1ebb,0.04,false,false,near_mint,fr,EUR
Spiderman,binder,Reanimate,MAR,Marvel Universe,20,normal,mythic,1,108434,3e560cb9-3036-46a2-a5c7-edb04d0095b7,11.77,false,false,near_mint,fr,EUR
Spiderman,binder,Villainous Wrath,SPM,Marvel's Spider-Man,74,foil,rare,1,108664,d78e36fd-5817-4c4a-8880-dabe6dd4ba81,0.99,false,false,near_mint,fr,EUR
Spiderman,binder,Villainous Wrath,SPM,Marvel's Spider-Man,74,normal,rare,1,108664,d78e36fd-5817-4c4a-8880-dabe6dd4ba81,0.02,false,false,near_mint,fr,EUR
Spiderman,binder,Opposition Agent,MAR,Marvel Universe,19,normal,mythic,1,108583,d7b0a0d5-a9fe-49ea-9250-8825b36accc0,19.99,false,false,near_mint,fr,EUR
Spiderman,binder,"Eddie Brock // Venom, Lethal Protector",SPM,Marvel's Spider-Man,233,foil,mythic,1,108441,4d174223-b7d5-4c71-8a3d-8c878a5b45b7,73.66,false,false,near_mint,fr,EUR
Spiderman,binder,Common Crook,SPM,Marvel's Spider-Man,53,foil,common,2,108535,6f5872df-e692-44aa-b18d-22447f5f274c,0.05,false,false,near_mint,fr,EUR
Spiderman,binder,Common Crook,SPM,Marvel's Spider-Man,53,normal,common,5,108535,6f5872df-e692-44aa-b18d-22447f5f274c,0.05,false,false,near_mint,fr,EUR
Spiderman,binder,Agent Venom,SPM,Marvel's Spider-Man,49,normal,rare,2,108600,f5f80d82-d64c-466f-8874-9cfb00469f02,0.02,false,false,near_mint,fr,EUR
Spiderman,binder,Inner Demons Gangsters,SPM,Marvel's Spider-Man,57,foil,common,2,108594,f0252819-4eda-457d-9688-b08b83b1edc9,0.06,false,false,near_mint,fr,EUR
Spiderman,binder,Inner Demons Gangsters,SPM,Marvel's Spider-Man,57,normal,common,6,108594,f0252819-4eda-457d-9688-b08b83b1edc9,0.02,false,false,near_mint,fr,EUR
Spiderman,binder,"Morlun, Devourer of Spiders",SPM,Marvel's Spider-Man,257,normal,rare,1,108629,2c5efc7d-7b09-4487-85cb-58867e06b12d,0.17,false,false,near_mint,fr,EUR
Spiderman,binder,"Morlun, Devourer of Spiders",SPM,Marvel's Spider-Man,59,normal,rare,2,108621,1beb2eb9-90b5-43ba-8b04-cfce7dcb744b,0.02,false,false,near_mint,fr,EUR
Spiderman,binder,Merciless Enforcers,SPM,Marvel's Spider-Man,58,foil,common,1,107686,fba9c76c-1432-4554-88bd-3f5e8709a963,0.12,false,false,near_mint,fr,EUR
Spiderman,binder,Merciless Enforcers,SPM,Marvel's Spider-Man,58,normal,common,10,107686,fba9c76c-1432-4554-88bd-3f5e8709a963,0.04,false,false,near_mint,fr,EUR
Spiderman,binder,"Scorpion, Seething Striker",SPM,Marvel's Spider-Man,64,foil,uncommon,1,107675,cf407e08-b27f-42ba-b824-75846a80e238,0.14,false,false,near_mint,fr,EUR
Spiderman,binder,"Scorpion, Seething Striker",SPM,Marvel's Spider-Man,64,normal,uncommon,2,107675,cf407e08-b27f-42ba-b824-75846a80e238,0.06,false,false,near_mint,fr,EUR
Spiderman,binder,Venomized Cat,SPM,Marvel's Spider-Man,72,foil,common,2,108527,6330f3e9-e031-4d55-b5d8-536c16bba063,0.02,false,false,near_mint,fr,EUR
Spiderman,binder,Venomized Cat,SPM,Marvel's Spider-Man,72,normal,common,8,108527,6330f3e9-e031-4d55-b5d8-536c16bba063,0.05,false,false,near_mint,fr,EUR
Spiderman,binder,"Swarm, Being of Bees",SPM,Marvel's Spider-Man,69,normal,common,8,108576,cb83d54e-6641-4929-99ad-c0ba5b610902,0.03,false,false,near_mint,fr,EUR
Spiderman,binder,"Black Cat, Cunning Thief",SPM,Marvel's Spider-Man,222,normal,rare,1,108563,aae8c437-b172-44cd-98e8-d0ab9fae54c2,0.02,false,false,near_mint,fr,EUR
Spiderman,binder,"Black Cat, Cunning Thief",SPM,Marvel's Spider-Man,52,normal,rare,1,108485,0ed36ada-22c8-4e40-86c5-c116a0bee1c2,0.02,false,false,near_mint,fr,EUR
Spiderman,binder,Spider-Man Noir,SPM,Marvel's Spider-Man,204,foil,uncommon,2,107886,d9a8b9a4-c9d9-4e9f-80b0-23de71a7423b,0.11,false,false,near_mint,fr,EUR
Spiderman,binder,Spider-Man Noir,SPM,Marvel's Spider-Man,67,normal,uncommon,1,107668,bc64366c-2691-48cd-bb4b-a4b088c6f16b,0.1,false,false,near_mint,fr,EUR
Spiderman,binder,"Venom, Evil Unleashed",SPM,Marvel's Spider-Man,71,foil,common,2,107664,ab3d51a4-40f0-4606-b5f9-2686c12fd54b,0.13,false,false,near_mint,fr,EUR
Spiderman,binder,"Venom, Evil Unleashed",SPM,Marvel's Spider-Man,71,normal,common,8,107664,ab3d51a4-40f0-4606-b5f9-2686c12fd54b,0.05,false,false,near_mint,fr,EUR
Spiderman,binder,Symbiote Spawn,SPE,Marvel's Spider-Man Eternal,11,foil,common,1,107642,6a79e848-ca3e-48d6-8522-f564f6f3e908,0.22,false,false,near_mint,fr,EUR
Spiderman,binder,"Tombstone, Career Criminal",SPM,Marvel's Spider-Man,70,foil,uncommon,1,107623,313189ef-fe6e-4511-9386-920a88a49a88,0.15,false,false,near_mint,fr,EUR
Spiderman,binder,"Tombstone, Career Criminal",SPM,Marvel's Spider-Man,70,normal,uncommon,5,107623,313189ef-fe6e-4511-9386-920a88a49a88,0.07,false,false,near_mint,fr,EUR
Spiderman,binder,Terminate,MAR,Marvel Universe,40,normal,mythic,1,108537,71c9ed41-8832-440d-a455-f52f284e8d14,2.19,false,false,near_mint,fr,EUR
Spiderman,binder,Rhino's Rampage,SPM,Marvel's Spider-Man,141,normal,uncommon,3,108601,f668817c-1cab-44c5-b6a8-95113e480d5e,0.12,false,false,near_mint,fr,EUR
Spiderman,binder,Biorganic Carapace,SPM,Marvel's Spider-Man,269,normal,rare,3,108628,2bd4c0aa-f431-423e-8f95-2796a0f05594,0.28,false,false,near_mint,fr,EUR
Spiderman,binder,Biorganic Carapace,SPM,Marvel's Spider-Man,124,normal,rare,2,108649,9658fdab-9702-4e13-bc53-01a25a2ed41a,0.1,false,false,near_mint,fr,EUR
Spiderman,binder,"Scarlet Spider, Ben Reilly",SPM,Marvel's Spider-Man,214,foil,rare,1,108533,6d477a72-d4ad-4230-aee8-2bd78e448bb5,1.45,false,false,near_mint,fr,EUR
Spiderman,binder,"Scarlet Spider, Ben Reilly",SPM,Marvel's Spider-Man,142,foil,rare,1,108593,ee771581-f867-48d7-9ddb-897a1ffcdf0a,0.16,false,false,near_mint,fr,EUR
Spiderman,binder,Morbius the Living Vampire,SPM,Marvel's Spider-Man,137,normal,uncommon,2,108657,b978d0e2-f5a7-4ade-befc-11b406e84477,0.07,false,false,near_mint,fr,EUR
Spiderman,binder,"Carnage, Crimson Chaos",SPM,Marvel's Spider-Man,227,foil,rare,1,108450,67a7cbe7-cf78-4a3f-86c3-00d5ab93361e,2.1,false,false,near_mint,fr,EUR
Spiderman,binder,Mister Negative,SPM,Marvel's Spider-Man,135,foil,mythic,1,108631,2c9cb13d-55ff-4e26-aa49-755f8bcebc11,1.25,false,false,near_mint,fr,EUR
Spiderman,binder,"Jackal, Genius Geneticist",SPM,Marvel's Spider-Man,131,foil,rare,1,108659,c0ab07d6-b7c3-4129-9aef-cfdcfabec4b2,0.02,false,false,near_mint,fr,EUR
Spiderman,binder,"Doctor Octopus, Master Planner",SPM,Marvel's Spider-Man,228,normal,mythic,1,107870,7e6e16f4-9448-4161-8e88-fc7734c2668d,0.83,false,false,near_mint,fr,EUR
Spiderman,binder,"Green Goblin, Nemesis",SPE,Marvel's Spider-Man Eternal,23,normal,rare,1,103985,b2860277-5b9e-444a-81f9-58e23355a722,0.82,false,false,near_mint,fr,EUR
Spiderman,binder,Sensational Spider-Man,SPE,Marvel's Spider-Man Eternal,25,normal,rare,2,103981,7a938fa9-cba2-4773-9be9-db1e37aa001f,2.21,false,false,near_mint,fr,EUR
Spiderman,binder,"Doc Ock, Evil Inventor",SPE,Marvel's Spider-Man Eternal,24,normal,rare,1,103984,ad287357-9602-4090-8feb-6f658f2a47b0,0.52,false,false,near_mint,fr,EUR
Spiderman,binder,"The Spot, Living Portal",SPM,Marvel's Spider-Man,153,normal,rare,3,108481,09081740-1180-48ea-b50b-e016d9c3828a,0.09,false,false,near_mint,fr,EUR
Spiderman,binder,Mary Jane Watson,SPM,Marvel's Spider-Man,229,foil,rare,1,108498,2e5e3a7c-ebb9-483f-9482-636c28f539e0,0.58,false,false,near_mint,fr,EUR
Spiderman,binder,"Araña, Heart of the Spider",SPM,Marvel's Spider-Man,123,normal,rare,1,108568,b02bfa0e-f761-45e1-b35c-f44ff7c5d0e8,0.02,false,false,near_mint,fr,EUR
Spiderman,binder,Cheering Crowd,SPM,Marvel's Spider-Man,126,normal,rare,2,108524,5fbce72f-e9a1-4d9f-b9b3-24dbafeef841,0.02,false,false,near_mint,fr,EUR
Spiderman,binder,Web-Warriors,SPM,Marvel's Spider-Man,203,foil,uncommon,2,107882,bd672045-fe36-4a03-abf7-9c81f4100bba,0.16,false,false,near_mint,fr,EUR
Spiderman,binder,Web-Warriors,SPM,Marvel's Spider-Man,203,normal,uncommon,1,107882,bd672045-fe36-4a03-abf7-9c81f4100bba,0.02,false,false,near_mint,fr,EUR
Spiderman,binder,Web-Warriors,SPM,Marvel's Spider-Man,159,foil,uncommon,1,107867,741f5373-b51a-421a-9a74-326f0575c99b,0.13,false,false,near_mint,fr,EUR
Spiderman,binder,Web-Warriors,SPM,Marvel's Spider-Man,159,normal,uncommon,2,107867,741f5373-b51a-421a-9a74-326f0575c99b,0.08,false,false,near_mint,fr,EUR
Spiderman,binder,"Spider-Woman, Stunning Savior",SPM,Marvel's Spider-Man,230,normal,rare,2,108517,4d502370-a5d9-41b6-a1d3-fa9626b4fc8b,0.51,false,false,near_mint,fr,EUR
Spiderman,binder,"Spider-Woman, Stunning Savior",SPM,Marvel's Spider-Man,152,normal,rare,1,108572,bc9b2a76-3cce-4fd0-a4ef-932747cb11b2,0.22,false,false,near_mint,fr,EUR
Spiderman,binder,Mob Lookout,SPM,Marvel's Spider-Man,136,foil,common,4,108585,e0e3b660-d391-454b-ba57-bff4ddcf27b7,0.07,false,false,near_mint,fr,EUR
Spiderman,binder,Mob Lookout,SPM,Marvel's Spider-Man,136,normal,common,7,108585,e0e3b660-d391-454b-ba57-bff4ddcf27b7,0.04,false,false,near_mint,fr,EUR
Spiderman,binder,"Prowler, Clawed Thief",SPM,Marvel's Spider-Man,138,foil,uncommon,1,108462,bd31953a-7259-44e3-a94f-013bda68006d,0.15,false,false,near_mint,fr,EUR
Spiderman,binder,"Prowler, Clawed Thief",SPM,Marvel's Spider-Man,138,normal,uncommon,3,108462,bd31953a-7259-44e3-a94f-013bda68006d,0.08,false,false,near_mint,fr,EUR
Spiderman,binder,"Silk, Web Weaver",SPM,Marvel's Spider-Man,215,normal,rare,1,108673,f6ff59e4-c7b7-4fdc-a49e-2d7aab859474,0.55,false,false,near_mint,fr,EUR
Spiderman,binder,"Silk, Web Weaver",SPM,Marvel's Spider-Man,145,normal,rare,2,108637,588dc8d9-6ce0-4bd7-afbd-84bb251fdcb1,0.14,false,false,near_mint,fr,EUR
Spiderman,binder,"Rhino, Barreling Brute",SPM,Marvel's Spider-Man,140,normal,uncommon,3,108440,4b8ac400-1e98-49fc-94be-00386d15f2ae,0.06,false,false,near_mint,fr,EUR
Spiderman,binder,Kraven the Hunter,SPM,Marvel's Spider-Man,133,normal,rare,1,108461,afdab464-3674-449b-be01-1cbd21fced23,0.02,false,false,near_mint,fr,EUR
Spiderman,binder,"Sun-Spider, Nimble Webber",SPM,Marvel's Spider-Man,154,foil,uncommon,1,108626,2b54d4a5-634f-4ae3-b592-0dc527f60d56,0.1,false,false,near_mint,fr,EUR
Spiderman,binder,"Sun-Spider, Nimble Webber",SPM,Marvel's Spider-Man,154,normal,uncommon,4,108626,2b54d4a5-634f-4ae3-b592-0dc527f60d56,0.04,false,false,near_mint,fr,EUR
Spiderman,binder,Skyward Spider,SPM,Marvel's Spider-Man,146,foil,common,2,108599,f5cbb580-cd02-4c60-acb7-b7ed1f1fce59,0.12,false,false,near_mint,fr,EUR
Spiderman,binder,Skyward Spider,SPM,Marvel's Spider-Man,146,normal,common,8,108599,f5cbb580-cd02-4c60-acb7-b7ed1f1fce59,0.04,false,false,near_mint,fr,EUR
Spiderman,binder,"Wraith, Vicious Vigilante",SPM,Marvel's Spider-Man,160,normal,uncommon,3,108523,5f46ed93-de6d-4180-9018-26ee07f75464,0.05,false,false,near_mint,fr,EUR
Spiderman,binder,"Scarlet Spider, Kaine",SPM,Marvel's Spider-Man,143,foil,uncommon,1,108497,2cb00060-8cc5-42dc-bcbf-affd9e59f8fd,0.2,false,false,near_mint,fr,EUR
Spiderman,binder,"Scarlet Spider, Kaine",SPM,Marvel's Spider-Man,143,normal,uncommon,3,108497,2cb00060-8cc5-42dc-bcbf-affd9e59f8fd,0.11,false,false,near_mint,fr,EUR
Spiderman,binder,"Spider-Girl, Legacy Hero",SPM,Marvel's Spider-Man,149,foil,uncommon,1,108662,d1f3196a-fe48-446f-ab07-00c66b7816c8,0.12,false,false,near_mint,fr,EUR
Spiderman,binder,"Spider-Girl, Legacy Hero",SPM,Marvel's Spider-Man,149,normal,uncommon,3,108662,d1f3196a-fe48-446f-ab07-00c66b7816c8,0.08,false,false,near_mint,fr,EUR
Spiderman,binder,"Shriek, Treblemaker",SPM,Marvel's Spider-Man,144,foil,uncommon,2,108615,01f1900e-b10f-47dd-8b3d-6913fa661186,0.12,false,false,near_mint,fr,EUR
Spiderman,binder,"Shriek, Treblemaker",SPM,Marvel's Spider-Man,144,normal,uncommon,4,108615,01f1900e-b10f-47dd-8b3d-6913fa661186,0.07,false,false,near_mint,fr,EUR
Spiderman,binder,Spider Manifestation,SPM,Marvel's Spider-Man,148,foil,common,1,108553,99223677-b8a5-48f1-8009-e8475eada7db,0.12,false,false,near_mint,fr,EUR
Spiderman,binder,Spider Manifestation,SPM,Marvel's Spider-Man,148,normal,common,6,108553,99223677-b8a5-48f1-8009-e8475eada7db,0.06,false,false,near_mint,fr,EUR
Spiderman,binder,Symbiote Spider-Man,SPM,Marvel's Spider-Man,156,foil,rare,1,107866,6a21c0ff-b51a-4946-9737-7872a7eef97b,0.06,false,false,near_mint,fr,EUR
Spiderman,binder,Symbiote Spider-Man,SPM,Marvel's Spider-Man,156,normal,rare,2,107866,6a21c0ff-b51a-4946-9737-7872a7eef97b,0.18,false,false,near_mint,fr,EUR
Spiderman,binder,"Vulture, Scheming Scavenger",SPM,Marvel's Spider-Man,158,foil,uncommon,1,108471,e29281be-e722-4149-93a0-6dd3f0f64253,0.11,false,false,near_mint,fr,EUR
Spiderman,binder,"Vulture, Scheming Scavenger",SPM,Marvel's Spider-Man,158,normal,uncommon,2,108471,e29281be-e722-4149-93a0-6dd3f0f64253,0.05,false,false,near_mint,fr,EUR
Spiderman,binder,Superior Spider-Man,SPM,Marvel's Spider-Man,275,normal,rare,1,108547,895a6b80-a5c6-400d-931c-589bfa684b39,1.39,false,false,near_mint,fr,EUR
Spiderman,binder,Superior Spider-Man,SPM,Marvel's Spider-Man,155,normal,rare,1,108566,ad4adc3e-ec41-4406-8ff2-59ba8067cf4e,0.75,false,false,near_mint,fr,EUR
Spiderman,binder,Spider-Man India,SPM,Marvel's Spider-Man,151,foil,uncommon,1,108448,65b8af30-559b-43a9-8526-62c28c378339,0.17,false,false,near_mint,fr,EUR
Spiderman,binder,Spider-Man India,SPM,Marvel's Spider-Man,151,normal,uncommon,5,108448,65b8af30-559b-43a9-8526-62c28c378339,0.09,false,false,near_mint,fr,EUR
Spiderman,binder,"SP//dr, Piloted by Peni",SPM,Marvel's Spider-Man,199,foil,uncommon,1,108667,e8c1aace-e8fe-45ee-bc40-225409ff8657,0.02,false,false,near_mint,fr,EUR
Spiderman,binder,"SP//dr, Piloted by Peni",SPM,Marvel's Spider-Man,199,normal,uncommon,1,108667,e8c1aace-e8fe-45ee-bc40-225409ff8657,0.02,false,false,near_mint,fr,EUR
Spiderman,binder,"SP//dr, Piloted by Peni",SPM,Marvel's Spider-Man,147,foil,uncommon,2,107670,c47c1d83-e76d-4939-9ed6-05a9e709dea1,0.07,false,false,near_mint,fr,EUR
Spiderman,binder,"SP//dr, Piloted by Peni",SPM,Marvel's Spider-Man,147,normal,uncommon,3,107670,c47c1d83-e76d-4939-9ed6-05a9e709dea1,0.03,false,false,near_mint,fr,EUR
Spiderman,binder,Gallant Citizen,SPM,Marvel's Spider-Man,129,foil,common,2,108510,43790471-6ec8-4c1d-b6d3-74c6cdf8ce43,0.02,false,false,near_mint,fr,EUR
Spiderman,binder,Gallant Citizen,SPM,Marvel's Spider-Man,129,normal,common,8,108510,43790471-6ec8-4c1d-b6d3-74c6cdf8ce43,0.03,false,false,near_mint,fr,EUR
Spiderman,binder,Pumpkin Bombardment,SPM,Marvel's Spider-Man,139,foil,common,1,108559,a268ad73-9a1f-47d9-9a85-a4669a769c3d,0.02,false,false,near_mint,fr,EUR
Spiderman,binder,Pumpkin Bombardment,SPM,Marvel's Spider-Man,139,normal,common,8,108559,a268ad73-9a1f-47d9-9a85-a4669a769c3d,0.04,false,false,near_mint,fr,EUR
Spiderman,binder,"Green Goblin, Revenant",SPM,Marvel's Spider-Man,130,foil,uncommon,1,107856,218ef931-46f5-4a4d-9f26-898a1ff8f70f,0.13,false,false,near_mint,fr,EUR
Spiderman,binder,"Kraven, Proud Predator",SPM,Marvel's Spider-Man,132,foil,uncommon,2,108567,af7c63e1-eccc-40a2-ba14-ce0d2a6123fc,0.14,false,false,near_mint,fr,EUR
Spiderman,binder,"Green Goblin, Revenant",SPM,Marvel's Spider-Man,130,normal,uncommon,2,107856,218ef931-46f5-4a4d-9f26-898a1ff8f70f,0.1,false,false,near_mint,fr,EUR
Spiderman,binder,"Kraven, Proud Predator",SPM,Marvel's Spider-Man,132,normal,uncommon,4,108567,af7c63e1-eccc-40a2-ba14-ce0d2a6123fc,0.02,false,false,near_mint,fr,EUR
Spiderman,binder,Island,SPM,Marvel's Spider-Man,190,foil,common,6,107884,d59cb0b5-fd4f-4dde-a69f-7ca6aa12b89f,0.1,false,false,near_mint,fr,EUR
Spiderman,binder,Island,SPM,Marvel's Spider-Man,190,normal,common,6,107884,d59cb0b5-fd4f-4dde-a69f-7ca6aa12b89f,0.09,false,false,near_mint,fr,EUR
Spiderman,binder,Island,SPM,Marvel's Spider-Man,195,foil,common,4,107614,14fcdc57-12e2-429b-8916-4df752e462d4,0.2,false,false,near_mint,fr,EUR
Spiderman,binder,Island,SPM,Marvel's Spider-Man,195,normal,common,5,107614,14fcdc57-12e2-429b-8916-4df752e462d4,0.11,false,false,near_mint,fr,EUR
Spiderman,binder,Robotics Mastery,SPM,Marvel's Spider-Man,41,foil,uncommon,2,108578,d0e92939-6d86-44b4-8a43-1963e97a2bb3,0.17,false,false,near_mint,fr,EUR
Spiderman,binder,Robotics Mastery,SPM,Marvel's Spider-Man,41,normal,uncommon,4,108578,d0e92939-6d86-44b4-8a43-1963e97a2bb3,0.05,false,false,near_mint,fr,EUR
Spiderman,binder,Spider-Man No More,SPM,Marvel's Spider-Man,45,foil,common,3,108642,72dbab11-96ed-43db-8b59-ceca47c8cd22,0.1,false,false,near_mint,fr,EUR
Spiderman,binder,Spider-Man No More,SPM,Marvel's Spider-Man,45,normal,common,8,108642,72dbab11-96ed-43db-8b59-ceca47c8cd22,0.03,false,false,near_mint,fr,EUR
Spiderman,binder,Secret Identity,SPM,Marvel's Spider-Man,43,normal,uncommon,1,108632,37a31d84-e87b-406e-9249-fae1b5e23e72,0.09,false,false,near_mint,fr,EUR
Spiderman,binder,Spider-Sense,SPM,Marvel's Spider-Man,46,foil,rare,1,108512,4499a25b-f4a5-4f2c-9ebd-bc68c7840b39,2.72,false,false,near_mint,fr,EUR
Spiderman,binder,Spider-Sense,SPM,Marvel's Spider-Man,46,normal,rare,1,108512,4499a25b-f4a5-4f2c-9ebd-bc68c7840b39,1.87,false,false,near_mint,fr,EUR
Spiderman,binder,Hide on the Ceiling,SPM,Marvel's Spider-Man,249,normal,rare,1,108505,3d9847a8-ae5d-4f24-8605-609f0c1a11bc,1.1,false,false,near_mint,fr,EUR
Spiderman,binder,Hide on the Ceiling,SPM,Marvel's Spider-Man,32,normal,rare,1,108541,7977e448-01fa-4fa5-a275-0d6a1357b35c,0.97,false,false,near_mint,fr,EUR
Spiderman,binder,Amazing Acrobatics,SPM,Marvel's Spider-Man,25,normal,common,6,108554,9a2f6d84-3d83-4f48-9906-11f681171930,0.05,false,false,near_mint,fr,EUR
Spiderman,binder,Unstable Experiment,SPM,Marvel's Spider-Man,47,foil,common,2,107669,be9d5985-0a39-4ee3-80de-30d17d08f404,0.15,false,false,near_mint,fr,EUR
Spiderman,binder,Unstable Experiment,SPM,Marvel's Spider-Man,47,normal,common,7,107669,be9d5985-0a39-4ee3-80de-30d17d08f404,0.06,false,false,near_mint,fr,EUR
Spiderman,binder,Whoosh!,SPM,Marvel's Spider-Man,48,foil,common,1,107673,ccc05deb-ad8d-4fae-a7a4-2b2a118fc696,0.1,false,false,near_mint,fr,EUR
Spiderman,binder,Whoosh!,SPM,Marvel's Spider-Man,48,normal,common,8,107673,ccc05deb-ad8d-4fae-a7a4-2b2a118fc696,0.04,false,false,near_mint,fr,EUR
Spiderman,binder,School Daze,SPM,Marvel's Spider-Man,42,foil,uncommon,1,108590,e5b61b9d-31a2-4e09-9612-4980bf8de708,0.08,false,false,near_mint,fr,EUR
Spiderman,binder,School Daze,SPM,Marvel's Spider-Man,42,normal,uncommon,4,108590,e5b61b9d-31a2-4e09-9612-4980bf8de708,0.05,false,false,near_mint,fr,EUR
Spiderman,binder,Rite of Replication,MAR,Marvel Universe,14,foil,mythic,1,108504,3b4d51b9-f99e-4253-83d7-4dc6ef9bbe41,9.96,false,false,near_mint,fr,EUR
Spiderman,binder,"Hydro-Man, Fluid Felon",SPM,Marvel's Spider-Man,33,foil,rare,1,108589,e53115a4-8959-40fa-b763-931504a1c5a2,0.35,false,false,near_mint,fr,EUR
Spiderman,binder,"Spider-Byte, Web Warden",SPM,Marvel's Spider-Man,44,normal,uncommon,2,107618,210ae606-12a4-453b-bfb4-73ca9c22b8b5,0.05,false,false,near_mint,fr,EUR
Spiderman,binder,Doc Ock's Henchmen,SPM,Marvel's Spider-Man,30,normal,common,7,107659,a383c442-3f4a-4115-97e4-23f0eb88465b,0.03,false,false,near_mint,fr,EUR
Spiderman,binder,Flying Octobot,SPM,Marvel's Spider-Man,31,normal,uncommon,3,107681,ebadcd4a-f58f-4328-a765-0ea8d8028417,0.05,false,false,near_mint,fr,EUR
Spiderman,binder,Alchemax Slayer-Bots,SPE,Marvel's Spider-Man Eternal,5,foil,common,1,107612,0c28edfe-8b30-41b6-889b-c42d5eca778b,0.14,false,false,near_mint,fr,EUR
Spiderman,binder,"Lady Octopus, Inspired Inventor",SPM,Marvel's Spider-Man,35,normal,rare,1,108549,8c5f360b-f9a0-46e0-9e8b-58e5b4b0389e,1.24,false,false,near_mint,fr,EUR
Spiderman,binder,"Chameleon, Master of Disguise",SPM,Marvel's Spider-Man,27,foil,uncommon,1,108511,43892ce7-f63a-4294-922b-8f879f684033,0.26,false,false,near_mint,fr,EUR
Spiderman,binder,"Chameleon, Master of Disguise",SPM,Marvel's Spider-Man,27,normal,uncommon,3,108511,43892ce7-f63a-4294-922b-8f879f684033,0.23,false,false,near_mint,fr,EUR
Spiderman,binder,"Madame Web, Clairvoyant",SPM,Marvel's Spider-Man,36,foil,uncommon,3,108558,a16ca3fc-3cdf-4333-93e0-524afafe367b,0.12,false,false,near_mint,fr,EUR
Spiderman,binder,"Madame Web, Clairvoyant",SPM,Marvel's Spider-Man,36,normal,uncommon,3,108558,a16ca3fc-3cdf-4333-93e0-524afafe367b,0.09,false,false,near_mint,fr,EUR
Spiderman,binder,Mysterio's Phantasm,SPM,Marvel's Spider-Man,38,normal,common,6,108643,79aa0a78-80a2-44be-8a79-92bcba9c040f,0.02,false,false,near_mint,fr,EUR
Spiderman,binder,"Beetle, Legacy Criminal",SPM,Marvel's Spider-Man,26,foil,common,4,107658,a194f930-c99f-4915-8a62-e20ab2b4ad1f,0.06,false,false,near_mint,fr,EUR
Spiderman,binder,"Beetle, Legacy Criminal",SPM,Marvel's Spider-Man,26,normal,common,10,107658,a194f930-c99f-4915-8a62-e20ab2b4ad1f,0.02,false,false,near_mint,fr,EUR
Spiderman,binder,Oscorp Research Team,SPM,Marvel's Spider-Man,40,foil,common,2,107662,a800ffb4-0c48-41eb-b221-cf1d855131d9,0.09,false,false,near_mint,fr,EUR
Spiderman,binder,Oscorp Research Team,SPM,Marvel's Spider-Man,40,normal,common,6,107662,a800ffb4-0c48-41eb-b221-cf1d855131d9,0.03,false,false,near_mint,fr,EUR
Spiderman,binder,"Doc Ock, Sinister Scientist",SPM,Marvel's Spider-Man,29,foil,common,3,107678,de16ad65-c8c3-48c0-9d13-5af91b4e6f01,0.11,false,false,near_mint,fr,EUR
Spiderman,binder,Wizard Mentor,USG,Urza's Saga,112,normal,common,5,35856,49805401-9bd9-48a3-9b99-0120a8bb1fb5,0.03,false,false,near_mint,fr,EUR
Spiderman,binder,"Mysterio, Master of Illusion",SPM,Marvel's Spider-Man,253,normal,rare,1,108463,be0cd0c9-9d43-47d1-9836-24e8d5917f65,0.48,false,false,near_mint,fr,EUR
Spiderman,binder,"Mysterio, Master of Illusion",SPM,Marvel's Spider-Man,37,normal,rare,2,108477,facbd96f-c088-4377-b740-5e0fe99102bb,0.02,false,false,near_mint,fr,EUR
Spiderman,binder,Norman Osborn // Green Goblin,SPM,Marvel's Spider-Man,220,normal,mythic,1,108475,f35d0be0-19e3-417e-aabf-fbed1aefd73c,7.71,false,false,near_mint,fr,EUR
Spiderman,binder,Forest,SPM,Marvel's Spider-Man,193,foil,common,6,107869,7b6c2532-be5a-4f1f-893c-36bcda2a699d,0.1,false,false,near_mint,fr,EUR
Spiderman,binder,Forest,SPM,Marvel's Spider-Man,193,normal,common,3,107869,7b6c2532-be5a-4f1f-893c-36bcda2a699d,0.07,false,false,near_mint,fr,EUR
Spiderman,binder,Forest,SPM,Marvel's Spider-Man,198,foil,common,4,107671,c4fec728-8e3f-427d-81ab-e06114910223,0.17,false,false,near_mint,fr,EUR
Spiderman,binder,Forest,SPM,Marvel's Spider-Man,198,normal,common,7,107671,c4fec728-8e3f-427d-81ab-e06114910223,0.12,false,false,near_mint,fr,EUR
Spiderman,binder,"Lizard, Connors's Curse",SPM,Marvel's Spider-Man,265,normal,rare,1,108606,fef697cd-7bc7-4c1f-87cd-2921c48bc02a,0.33,false,false,near_mint,fr,EUR
Spiderman,binder,Supportive Parents,SPM,Marvel's Spider-Man,119,foil,uncommon,2,108580,d3fe8a5b-4166-46cc-b910-71cd1a19ae1b,0.1,false,false,near_mint,fr,EUR
Spiderman,binder,Supportive Parents,SPM,Marvel's Spider-Man,119,normal,uncommon,3,108580,d3fe8a5b-4166-46cc-b910-71cd1a19ae1b,0.06,false,false,near_mint,fr,EUR
Spiderman,binder,Radioactive Spider,SPM,Marvel's Spider-Man,212,normal,rare,3,108557,a0efb06d-7b91-4d64-98b2-244d56a44ecb,0.29,false,false,near_mint,fr,EUR
Spiderman,binder,Radioactive Spider,SPM,Marvel's Spider-Man,111,foil,rare,2,108596,f2d267f5-7f12-45f8-8fcb-e0ba3fbdeddc,0.23,false,false,near_mint,fr,EUR
Spiderman,binder,Radioactive Spider,SPM,Marvel's Spider-Man,285,foil,rare,1,108501,3173112e-8975-4bba-84b7-6ba27503dc82,0.72,false,false,near_mint,fr,EUR
Spiderman,binder,Professional Wrestler,SPM,Marvel's Spider-Man,110,foil,common,1,108548,8a5381e7-ddda-47e7-886d-812250ffb745,0.02,false,false,near_mint,fr,EUR
Spiderman,binder,Professional Wrestler,SPM,Marvel's Spider-Man,110,normal,common,10,108548,8a5381e7-ddda-47e7-886d-812250ffb745,0.03,false,false,near_mint,fr,EUR
Spiderman,binder,Guy in the Chair,SPM,Marvel's Spider-Man,102,foil,common,1,107641,65e97c06-55a6-4841-be0f-055c015df90a,0.11,false,false,near_mint,fr,EUR
Spiderman,binder,Guy in the Chair,SPM,Marvel's Spider-Man,102,normal,common,5,107641,65e97c06-55a6-4841-be0f-055c015df90a,0.05,false,false,near_mint,fr,EUR
Spiderman,binder,"Spider-Ham, Peter Porker",SPM,Marvel's Spider-Man,201,foil,rare,1,107853,020426f0-ca38-4b0e-aa20-6fe12dc34853,1.96,false,false,near_mint,fr,EUR
Spiderman,binder,"Spider-Ham, Peter Porker",SPM,Marvel's Spider-Man,114,normal,rare,2,107629,41f18f42-b86b-4a12-9f0d-76b761571195,0.02,false,false,near_mint,fr,EUR
Spiderman,binder,"Prowler, Misguided Mentor",SPE,Marvel's Spider-Man Eternal,17,foil,uncommon,1,107615,169fbdcd-5a08-4410-b7d4-fe04ad7891cc,0.15,false,false,near_mint,fr,EUR
Spiderman,binder,"Ezekiel Sims, Spider-Totem",SPM,Marvel's Spider-Man,100,foil,uncommon,1,108571,bb7c3ae2-6b01-4472-8bd1-9a7456401ddc,0.14,false,false,near_mint,fr,EUR
Spiderman,binder,Damage Control Crew,SPM,Marvel's Spider-Man,99,foil,uncommon,1,108565,ad2cab87-691d-44fe-ab2f-33760b1feb0f,0.09,false,false,near_mint,fr,EUR
Spiderman,binder,Damage Control Crew,SPM,Marvel's Spider-Man,99,normal,uncommon,4,108565,ad2cab87-691d-44fe-ab2f-33760b1feb0f,0.06,false,false,near_mint,fr,EUR
Spiderman,binder,"Spider-Man, Brooklyn Visionary",SPM,Marvel's Spider-Man,115,foil,common,2,107679,e19929bc-cbe1-4970-952d-8e9d0193ddce,0.15,false,false,near_mint,fr,EUR
Spiderman,binder,"Spider-Man, Brooklyn Visionary",SPM,Marvel's Spider-Man,115,normal,common,9,107679,e19929bc-cbe1-4970-952d-8e9d0193ddce,0.07,false,false,near_mint,fr,EUR
Spiderman,binder,Lurking Lizards,SPM,Marvel's Spider-Man,107,normal,common,9,107634,58b5b49c-ddd6-4d1b-9b61-6e02d8fc55ad,0.03,false,false,near_mint,fr,EUR
Spiderman,binder,Wall Crawl,SPM,Marvel's Spider-Man,121,normal,uncommon,2,108650,97a2a1ab-57ec-4210-9412-765ae4f02db0,0.08,false,false,near_mint,fr,EUR
Spiderman,binder,Kraven's Cats,SPM,Marvel's Spider-Man,104,normal,common,9,107649,86c415d8-1d2d-4339-955b-0f2aebeb3c95,0.02,false,false,near_mint,fr,EUR
Spiderman,binder,"Spider-Rex, Daring Dino",SPM,Marvel's Spider-Man,116,normal,common,7,107636,5b6e0bea-f126-4adb-8808-901950a77c7b,0.06,false,false,near_mint,fr,EUR
Spiderman,binder,"Sandman, Shifting Scoundrel",SPM,Marvel's Spider-Man,112,normal,rare,2,108446,609ac18c-ec58-4fa7-bbee-3912a69d0ec6,0.24,false,false,near_mint,fr,EUR
Spiderman,binder,"Spiders-Man, Heroic Horde",SPM,Marvel's Spider-Man,117,foil,uncommon,2,108487,1183262e-1f02-46b3-8cfa-fe30e0016c11,0.14,false,false,near_mint,fr,EUR
Spiderman,binder,"Spiders-Man, Heroic Horde",SPM,Marvel's Spider-Man,117,normal,uncommon,2,108487,1183262e-1f02-46b3-8cfa-fe30e0016c11,0.09,false,false,near_mint,fr,EUR
Spiderman,binder,Scout the City,SPM,Marvel's Spider-Man,113,foil,common,2,107653,90b9504d-d23d-402f-8b16-1964ebd8f6b9,0.11,false,false,near_mint,fr,EUR
Spiderman,binder,Scout the City,SPM,Marvel's Spider-Man,113,normal,common,9,107653,90b9504d-d23d-402f-8b16-1964ebd8f6b9,0.04,false,false,near_mint,fr,EUR
Spiderman,binder,Kapow!,SPM,Marvel's Spider-Man,103,foil,common,2,107674,cec575f6-43c9-41c6-a996-bb806bf82185,0.07,false,false,near_mint,fr,EUR
Spiderman,binder,Kapow!,SPM,Marvel's Spider-Man,103,normal,common,7,107674,cec575f6-43c9-41c6-a996-bb806bf82185,0.03,false,false,near_mint,fr,EUR
Spiderman,binder,Beast Within,MAR,Marvel Universe,33,normal,mythic,2,108543,7f419a04-7a18-4ea4-9581-bbc35bec4f16,3.21,false,false,near_mint,fr,EUR
Spiderman,binder,Terrific Team-Up,SPM,Marvel's Spider-Man,120,normal,uncommon,4,108597,f3c587b0-66b9-46bf-90ee-a6163c006c9e,0.1,false,false,near_mint,fr,EUR
Spiderman,binder,Grow Extra Arms,SPM,Marvel's Spider-Man,101,foil,common,2,107640,63fab399-00db-4398-922e-c3ca3356731a,0.08,false,false,near_mint,fr,EUR
Spiderman,binder,Grow Extra Arms,SPM,Marvel's Spider-Man,101,normal,common,7,107640,63fab399-00db-4398-922e-c3ca3356731a,0.07,false,false,near_mint,fr,EUR
Spiderman,binder,Strength of Will,SPM,Marvel's Spider-Man,267,foil,rare,1,108478,084f283e-88a0-4b7a-9e63-908caeb70f04,1.88,false,false,near_mint,fr,EUR
Spiderman,binder,Strength of Will,SPM,Marvel's Spider-Man,267,normal,rare,1,108478,084f283e-88a0-4b7a-9e63-908caeb70f04,0.56,false,false,near_mint,fr,EUR
Spiderman,binder,Strength of Will,SPM,Marvel's Spider-Man,118,normal,rare,2,108529,68f985c7-7765-46c3-ad31-edae3abb9fbf,0.08,false,false,near_mint,fr,EUR
Spiderman,binder,Heroic Intervention,MAR,Marvel Universe,34,foil,mythic,1,108445,5fb701f6-bfad-4b43-9a0f-85496973d849,15.15,false,false,near_mint,fr,EUR
Spiderman,binder,Web of Life and Destiny,SPM,Marvel's Spider-Man,268,foil,mythic,1,108490,1672374a-585d-4a26-b04f-a129c4da8b0e,11.92,false,false,near_mint,fr,EUR
Spiderman,binder,Web of Life and Destiny,SPM,Marvel's Spider-Man,268,normal,mythic,1,108490,1672374a-585d-4a26-b04f-a129c4da8b0e,6.37,false,false,near_mint,fr,EUR
Spiderman,binder,Web of Life and Destiny,SPM,Marvel's Spider-Man,122,normal,mythic,1,108503,3b3c609e-f7c9-4fe5-84d9-4f4c76020a4b,1.8,false,false,near_mint,fr,EUR
Spiderman,binder,Kraven's Last Hunt,SPM,Marvel's Spider-Man,226,normal,rare,1,107888,eae0bf5a-d5b1-4d87-af8e-e7dd512dfb4a,0.29,false,false,near_mint,fr,EUR
Spiderman,binder,Pictures of Spider-Man,SPM,Marvel's Spider-Man,109,normal,uncommon,5,108470,e1ec41d4-0180-42f7-9c54-f3c39b4ffb8d,0.06,false,false,near_mint,fr,EUR
Spiderman,binder,Pictures of Spider-Man,SPM,Marvel's Spider-Man,109,foil,uncommon,1,108470,e1ec41d4-0180-42f7-9c54-f3c39b4ffb8d,0.08,false,false,near_mint,fr,EUR
Spiderman,binder,Wedding Ring,MAR,Marvel Universe,7,normal,mythic,1,108651,9a581f34-521c-4d28-96d4-be1e8dbc30b8,3.29,false,false,near_mint,fr,EUR
Spiderman,binder,Costume Closet,SPM,Marvel's Spider-Man,5,foil,uncommon,2,108466,cc641f4a-ddbe-4f7d-bb55-eabf11f8b7fb,0.14,false,false,near_mint,fr,EUR
Spiderman,binder,Web-Shooters,SPM,Marvel's Spider-Man,22,normal,uncommon,3,108556,a0ca1108-6d99-4dc2-96ab-7728d65b0c06,0.07,false,false,near_mint,fr,EUR
Spiderman,binder,Costume Closet,SPM,Marvel's Spider-Man,5,normal,uncommon,3,108466,cc641f4a-ddbe-4f7d-bb55-eabf11f8b7fb,0.06,false,false,near_mint,fr,EUR
Spiderman,binder,Sudden Strike,SPM,Marvel's Spider-Man,19,normal,uncommon,4,108641,6eea2718-93d2-4d83-9b5d-eb943a0f1d11,0.1,false,false,near_mint,fr,EUR
Spiderman,binder,Thwip!,SPM,Marvel's Spider-Man,20,normal,common,9,107666,b2dac88e-1204-4640-94ce-e1aff434ea06,0.04,false,false,near_mint,fr,EUR
Spiderman,binder,Spectacular Tactics,SPM,Marvel's Spider-Man,15,normal,common,6,107648,836b4246-f1f2-4495-8664-650dda70ed4f,0.06,false,false,near_mint,fr,EUR
Spiderman,binder,Path to Exile,MAR,Marvel Universe,4,normal,mythic,1,108433,3dfddf82-4dc7-4749-aa1c-d58cc6858cc0,1.92,false,false,near_mint,fr,EUR
Spiderman,binder,Friendly Neighborhood,SPM,Marvel's Spider-Man,8,foil,rare,1,108619,17a18e2f-221f-4fc2-8dab-25bf12fb8756,0.41,false,false,near_mint,fr,EUR
Spiderman,binder,Web Up,SPM,Marvel's Spider-Man,21,foil,common,2,107616,1ab7c1e6-54af-4002-8a81-23a1ccafa3ff,0.09,false,false,near_mint,fr,EUR
Spiderman,binder,Friendly Neighborhood,SPM,Marvel's Spider-Man,8,normal,rare,1,108619,17a18e2f-221f-4fc2-8dab-25bf12fb8756,0.02,false,false,near_mint,fr,EUR
Spiderman,binder,Web Up,SPM,Marvel's Spider-Man,21,normal,common,7,107616,1ab7c1e6-54af-4002-8a81-23a1ccafa3ff,0.06,false,false,near_mint,fr,EUR
Spiderman,binder,With Great Power . . .,SPM,Marvel's Spider-Man,248,foil,rare,1,108604,fb266506-5ea8-45c2-8740-4a71fb7e5133,0.94,false,false,near_mint,fr,EUR
Spiderman,binder,With Great Power . . .,SPM,Marvel's Spider-Man,248,normal,rare,1,108604,fb266506-5ea8-45c2-8740-4a71fb7e5133,0.02,false,false,near_mint,fr,EUR
Spiderman,binder,With Great Power . . .,SPM,Marvel's Spider-Man,24,normal,rare,2,108476,f717c096-e161-426e-a8d7-c93b117e16b9,0.17,false,false,near_mint,fr,EUR
Spiderman,binder,Origin of Spider-Man,SPM,Marvel's Spider-Man,218,normal,rare,1,107865,634e0542-066b-4fb5-a130-fa94a019f712,0.5,false,false,near_mint,fr,EUR
Spiderman,binder,Origin of Spider-Man,SPM,Marvel's Spider-Man,9,foil,rare,1,107657,a10a7da7-d9cb-495a-9c9f-205d355c390d,0.02,false,false,near_mint,fr,EUR
Spiderman,binder,Nine Lives,MAR,Marvel Universe,3,foil,mythic,2,108519,5a0b9b21-4d7f-4b02-aef1-3598eae2f581,7.16,false,false,near_mint,fr,EUR
Spiderman,binder,Spectacular Spider-Man,SPM,Marvel's Spider-Man,14,foil,rare,1,107857,32bff506-efc0-42ef-8286-ed939bf853d7,6.64,false,false,near_mint,fr,EUR
Spiderman,binder,Spectacular Spider-Man,SPM,Marvel's Spider-Man,14,normal,rare,1,107857,32bff506-efc0-42ef-8286-ed939bf853d7,0.02,false,false,near_mint,fr,EUR
Spiderman,binder,"MJ, Rising Star",SPE,Marvel's Spider-Man Eternal,3,foil,uncommon,1,107630,46734558-4af4-4773-8c13-59e110bacae9,0.1,false,false,near_mint,fr,EUR
Spiderman,binder,Amateur Hero,SPE,Marvel's Spider-Man Eternal,1,foil,common,1,107625,38d3b35d-3ae7-4f41-879f-e05146112b24,0.06,false,false,near_mint,fr,EUR
Spiderman,binder,Aunt May,SPM,Marvel's Spider-Man,3,foil,uncommon,1,107665,ad96343b-baac-428c-8270-fcffbbbe9fb8,0.25,false,false,near_mint,fr,EUR
Spiderman,binder,Selfless Police Captain,SPM,Marvel's Spider-Man,12,foil,common,4,107685,fb0fd7bd-10d0-4d29-af88-387d1e07f3b7,0.09,false,false,near_mint,fr,EUR
Spiderman,binder,Aunt May,SPM,Marvel's Spider-Man,3,normal,uncommon,2,107665,ad96343b-baac-428c-8270-fcffbbbe9fb8,0.11,false,false,near_mint,fr,EUR
Spiderman,binder,Selfless Police Captain,SPM,Marvel's Spider-Man,12,normal,common,6,107685,fb0fd7bd-10d0-4d29-af88-387d1e07f3b7,0.04,false,false,near_mint,fr,EUR
Spiderman,binder,"Starling, Aerial Ally",SPM,Marvel's Spider-Man,18,foil,common,2,107667,babbf53d-3e10-4110-8725-91f766c8cdad,0.05,false,false,near_mint,fr,EUR
Spiderman,binder,"Starling, Aerial Ally",SPM,Marvel's Spider-Man,18,normal,common,6,107667,babbf53d-3e10-4110-8725-91f766c8cdad,0.02,false,false,near_mint,fr,EUR
Spiderman,binder,City Pigeon,SPM,Marvel's Spider-Man,4,foil,common,3,108442,56d67fb4-5b23-432c-9ffb-39545035c117,0.13,false,false,near_mint,fr,EUR
Spiderman,binder,City Pigeon,SPM,Marvel's Spider-Man,4,normal,common,6,108442,56d67fb4-5b23-432c-9ffb-39545035c117,0.06,false,false,near_mint,fr,EUR
Spiderman,binder,Spider-UK,SPM,Marvel's Spider-Man,17,foil,uncommon,2,108531,6beb4548-1fab-4b9e-bf24-f7b9aadecc87,0.13,false,false,near_mint,fr,EUR
Spiderman,binder,"Flash Thompson, Spider-Fan",SPM,Marvel's Spider-Man,7,foil,uncommon,1,108513,44cf372b-f668-45e9-981e-4533295dcc74,0.09,false,false,near_mint,fr,EUR
Spiderman,binder,Spider-UK,SPM,Marvel's Spider-Man,17,normal,uncommon,3,108531,6beb4548-1fab-4b9e-bf24-f7b9aadecc87,0.08,false,false,near_mint,fr,EUR
Spiderman,binder,"Flash Thompson, Spider-Fan",SPM,Marvel's Spider-Man,7,normal,uncommon,4,108513,44cf372b-f668-45e9-981e-4533295dcc74,0.07,false,false,near_mint,fr,EUR
Spiderman,binder,Daily Bugle Reporters,SPM,Marvel's Spider-Man,6,foil,common,2,107633,530dbeb0-b0cd-473e-a43e-7b23c88650a3,0.12,false,false,near_mint,fr,EUR
Spiderman,binder,Daily Bugle Reporters,SPM,Marvel's Spider-Man,6,normal,common,8,107633,530dbeb0-b0cd-473e-a43e-7b23c88650a3,0.03,false,false,near_mint,fr,EUR
Spiderman,binder,"Arachne, Psionic Weaver",SPM,Marvel's Spider-Man,245,normal,rare,1,108671,f3b2924f-fad0-4bff-ab99-091b1c234297,0.02,false,false,near_mint,fr,EUR
Spiderman,binder,"Arachne, Psionic Weaver",SPM,Marvel's Spider-Man,2,normal,rare,2,108644,7c1f871a-bd85-402e-b474-1deb64c18a52,0.02,false,false,near_mint,fr,EUR
Spiderman,binder,"Silver Sable, Mercenary Leader",SPM,Marvel's Spider-Man,13,foil,uncommon,2,108661,cf0d4116-acee-4d9a-985c-396d10e03838,0.13,false,false,near_mint,fr,EUR
Spiderman,binder,"Anti-Venom, Horrifying Healer",SPM,Marvel's Spider-Man,1,normal,mythic,1,107863,560384fe-7be0-4b93-a515-2fe687ab2492,3.51,false,false,near_mint,fr,EUR
Spiderman,binder,"Silver Sable, Mercenary Leader",SPM,Marvel's Spider-Man,13,normal,uncommon,3,108661,cf0d4116-acee-4d9a-985c-396d10e03838,0.07,false,false,near_mint,fr,EUR
Spiderman,binder,Wild Pack Squad,SPM,Marvel's Spider-Man,23,normal,common,9,107647,7b0eda7c-e44d-4d9b-9042-4a1eb8c4ed4a,0.03,false,false,near_mint,fr,EUR
Spiderman,binder,"Spider-Man, Web-Slinger",SPM,Marvel's Spider-Man,16,foil,common,1,107651,897418bc-df8c-4c97-b6bf-7c9133a8a577,0.23,false,false,near_mint,fr,EUR
Spiderman,binder,"Spider-Man, Web-Slinger",SPM,Marvel's Spider-Man,16,normal,common,9,107651,897418bc-df8c-4c97-b6bf-7c9133a8a577,0.09,false,false,near_mint,fr,EUR
Spiderman,binder,Plains,SPM,Marvel's Spider-Man,189,foil,common,5,107855,1164f7ec-7b2f-4cc9-90bb-7eaaa331b4cd,0.05,false,false,near_mint,fr,EUR
Spiderman,binder,Plains,SPM,Marvel's Spider-Man,194,foil,common,5,107655,94e88862-d53d-49b6-8aa5-95f07507c6e1,0.17,false,false,near_mint,fr,EUR
Spiderman,binder,Plains,SPM,Marvel's Spider-Man,189,normal,common,5,107855,1164f7ec-7b2f-4cc9-90bb-7eaaa331b4cd,0.09,false,false,near_mint,fr,EUR
Spiderman,binder,Plains,SPM,Marvel's Spider-Man,194,normal,common,5,107655,94e88862-d53d-49b6-8aa5-95f07507c6e1,0.1,false,false,near_mint,fr,EUR
Spiderman,binder,Multiversal Passage,SPM,Marvel's Spider-Man,206,normal,rare,1,107887,db88b6b6-7907-4c40-b712-4fa1456d8ad0,5.86,false,false,near_mint,fr,EUR
Spiderman,binder,Multiversal Passage,SPM,Marvel's Spider-Man,180,normal,rare,1,107889,f5fb426a-5618-4dd4-9c51-0cc847be8c1d,8.36,false,false,near_mint,fr,EUR
Spiderman,binder,Daily Bugle Building,SPM,Marvel's Spider-Man,179,foil,uncommon,1,108449,669bbcb1-0981-40e7-905e-b94e74bc4861,0.19,false,false,near_mint,fr,EUR
Spiderman,binder,Daily Bugle Building,SPM,Marvel's Spider-Man,179,normal,uncommon,2,108449,669bbcb1-0981-40e7-905e-b94e74bc4861,0.13,false,false,near_mint,fr,EUR
Spiderman,binder,Savage Mansion,SPM,Marvel's Spider-Man,183,foil,common,2,108647,855f59a5-17a8-4aca-8a4d-f98111eba14c,0.02,false,false,near_mint,fr,EUR
Spiderman,binder,Savage Mansion,SPM,Marvel's Spider-Man,183,normal,common,6,108647,855f59a5-17a8-4aca-8a4d-f98111eba14c,0.03,false,false,near_mint,fr,EUR
Spiderman,binder,Oscorp Industries,SPM,Marvel's Spider-Man,282,normal,rare,1,108658,be2154a1-38c2-46b2-bd6f-3d7e509070b6,1.49,false,false,near_mint,fr,EUR
Spiderman,binder,University Campus,SPM,Marvel's Spider-Man,186,foil,common,1,108624,2752f21c-f535-4772-a8b3-e97e1339e9c9,0.02,false,false,near_mint,fr,EUR
Spiderman,binder,Oscorp Industries,SPM,Marvel's Spider-Man,182,normal,rare,2,108492,1e609d6e-9e37-45d2-87de-8c76675f7cec,0.02,false,false,near_mint,fr,EUR
Spiderman,binder,University Campus,SPM,Marvel's Spider-Man,186,normal,common,3,108624,2752f21c-f535-4772-a8b3-e97e1339e9c9,0.02,false,false,near_mint,fr,EUR
Spiderman,binder,Vibrant Cityscape,SPM,Marvel's Spider-Man,188,foil,common,2,108555,9c110fa1-2320-4652-b282-ed064a9ec9a9,0.02,false,false,near_mint,fr,EUR
Spiderman,binder,Ominous Asylum,SPM,Marvel's Spider-Man,181,foil,common,4,108509,4329f94a-9110-4f07-b4a6-f1ccae97ccc9,0.03,false,false,near_mint,fr,EUR
Spiderman,binder,Vibrant Cityscape,SPM,Marvel's Spider-Man,188,normal,common,6,108555,9c110fa1-2320-4652-b282-ed064a9ec9a9,0.04,false,false,near_mint,fr,EUR
Spiderman,binder,Ominous Asylum,SPM,Marvel's Spider-Man,181,normal,common,6,108509,4329f94a-9110-4f07-b4a6-f1ccae97ccc9,0.06,false,false,near_mint,fr,EUR
Spiderman,binder,Sinister Hideout,SPM,Marvel's Spider-Man,184,foil,common,2,108622,23190d7e-5165-49bd-b307-bf81877d228d,0.05,false,false,near_mint,fr,EUR
Spiderman,binder,Urban Retreat,SPM,Marvel's Spider-Man,187,foil,rare,1,108623,2581f320-8238-413d-ab04-d5535da55630,1.09,false,false,near_mint,fr,EUR
Spiderman,binder,Sinister Hideout,SPM,Marvel's Spider-Man,184,normal,common,3,108622,23190d7e-5165-49bd-b307-bf81877d228d,0.03,false,false,near_mint,fr,EUR
Spiderman,binder,Suburban Sanctuary,SPM,Marvel's Spider-Man,185,foil,common,3,108514,467df77a-a99c-4cfd-9af4-502eaa2eb2e3,0.04,false,false,near_mint,fr,EUR
Spiderman,binder,Suburban Sanctuary,SPM,Marvel's Spider-Man,185,normal,common,4,108514,467df77a-a99c-4cfd-9af4-502eaa2eb2e3,0.02,false,false,near_mint,fr,EUR
Spiderman,binder,Hot Dog Cart,SPM,Marvel's Spider-Man,164,normal,common,6,108534,6ee3b883-e9f5-426f-a2ea-96fe9ff3aba9,0.03,false,false,near_mint,fr,EUR
Spiderman,binder,"Spider-Slayer, Hatred Honed",SPM,Marvel's Spider-Man,175,foil,uncommon,2,108655,ac37ca6f-a6ee-4dfb-949f-2562f98d09d0,0.12,false,false,near_mint,fr,EUR
Spiderman,binder,Rocket-Powered Goblin Glider,SPM,Marvel's Spider-Man,172,normal,rare,1,108575,c6c39232-72cc-4363-83d0-b5873f14f231,0.02,false,false,near_mint,fr,EUR
Spiderman,binder,"Spider-Slayer, Hatred Honed",SPM,Marvel's Spider-Man,175,normal,uncommon,3,108655,ac37ca6f-a6ee-4dfb-949f-2562f98d09d0,0.05,false,false,near_mint,fr,EUR
Spiderman,binder,Doc Ock's Tentacles,SPM,Marvel's Spider-Man,162,normal,rare,2,108605,fed9547c-9d0d-4e62-9639-887ed09231a2,0.13,false,false,near_mint,fr,EUR
Spiderman,binder,News Helicopter,SPM,Marvel's Spider-Man,169,foil,common,2,108489,15717af0-30cd-4417-947a-c27cca06d93a,0.02,false,false,near_mint,fr,EUR
Spiderman,binder,News Helicopter,SPM,Marvel's Spider-Man,169,normal,common,6,108489,15717af0-30cd-4417-947a-c27cca06d93a,0.02,false,false,near_mint,fr,EUR
Spiderman,binder,Interdimensional Web Watch,SPM,Marvel's Spider-Man,278,normal,rare,1,108539,740cde32-57e6-4633-98e9-724c505eb008,0.53,false,false,near_mint,fr,EUR
Spiderman,binder,Mechanical Mobster,SPM,Marvel's Spider-Man,168,foil,common,1,107644,6c6d9ecc-2dd1-471a-8678-a2461b1084fa,0.1,false,false,near_mint,fr,EUR
Spiderman,binder,Interdimensional Web Watch,SPM,Marvel's Spider-Man,165,foil,rare,1,108546,87a8e112-e72f-413f-88a3-e7ce72c2ec53,0.38,false,false,near_mint,fr,EUR
Spiderman,binder,Mechanical Mobster,SPM,Marvel's Spider-Man,168,normal,common,10,107644,6c6d9ecc-2dd1-471a-8678-a2461b1084fa,0.05,false,false,near_mint,fr,EUR
Spiderman,binder,Subway Train,SPM,Marvel's Spider-Man,178,foil,common,2,108552,96f869f7-db88-4580-82b7-8749a55e525c,0.02,false,false,near_mint,fr,EUR
Spiderman,binder,Subway Train,SPM,Marvel's Spider-Man,178,normal,common,11,108552,96f869f7-db88-4580-82b7-8749a55e525c,0.03,false,false,near_mint,fr,EUR
Spiderman,binder,Passenger Ferry,SPM,Marvel's Spider-Man,170,foil,common,2,108493,2495f477-b88c-4938-a86a-f72c3c861188,0.02,false,false,near_mint,fr,EUR
Spiderman,binder,Steel Wrecking Ball,SPM,Marvel's Spider-Man,177,foil,common,3,108453,7f2c74f5-1cfe-4918-a86b-0d58ac8b7469,0.08,false,false,near_mint,fr,EUR
Spiderman,binder,Passenger Ferry,SPM,Marvel's Spider-Man,170,normal,common,7,108493,2495f477-b88c-4938-a86a-f72c3c861188,0.03,false,false,near_mint,fr,EUR
Spiderman,binder,Steel Wrecking Ball,SPM,Marvel's Spider-Man,177,normal,common,7,108453,7f2c74f5-1cfe-4918-a86b-0d58ac8b7469,0.04,false,false,near_mint,fr,EUR
Spiderman,binder,Eerie Gravestone,SPM,Marvel's Spider-Man,163,foil,common,2,107646,7675e91f-dba7-4e64-a7ff-1dd56665a4cc,0.11,false,false,near_mint,fr,EUR
Spiderman,binder,Eerie Gravestone,SPM,Marvel's Spider-Man,163,normal,common,6,107646,7675e91f-dba7-4e64-a7ff-1dd56665a4cc,0.04,false,false,near_mint,fr,EUR
Spiderman,binder,Spider-Bot,SPM,Marvel's Spider-Man,173,foil,common,2,107619,24df824a-c1d6-4f09-b866-313b31fec5fb,0.08,false,false,near_mint,fr,EUR
Spiderman,binder,"Living Brain, Mechanical Marvel",SPM,Marvel's Spider-Man,167,normal,uncommon,4,108495,26833b64-2e6d-4977-9a6e-6fe73c54d671,0.05,false,false,near_mint,fr,EUR
Spiderman,binder,Spider-Bot,SPM,Marvel's Spider-Man,173,normal,common,9,107619,24df824a-c1d6-4f09-b866-313b31fec5fb,0.06,false,false,near_mint,fr,EUR
Spiderman,binder,Spider-Mobile,SPM,Marvel's Spider-Man,174,normal,uncommon,3,108595,f12664c0-d7cd-4acb-87db-cfa3c85f32a9,0.08,false,false,near_mint,fr,EUR
Spiderman,binder,Spider-Suit,SPM,Marvel's Spider-Man,176,foil,uncommon,1,108437,436527ec-5af4-4b6d-a5a0-d21fc466a625,0.14,false,false,near_mint,fr,EUR
Spiderman,binder,Spider-Suit,SPM,Marvel's Spider-Man,176,normal,uncommon,3,108437,436527ec-5af4-4b6d-a5a0-d21fc466a625,0.07,false,false,near_mint,fr,EUR
Spiderman,binder,Peter Parker's Camera,SPM,Marvel's Spider-Man,171,normal,rare,3,108515,47875dff-c046-4cb0-b1e3-f926cbe25b59,0.96,false,false,near_mint,fr,EUR
Spiderman,binder,"Iron Spider, Stark Upgrade",SPM,Marvel's Spider-Man,279,foil,rare,1,107862,517aeeb2-454f-4de8-b7f7-870010e80ae8,1.85,false,false,near_mint,fr,EUR
Spiderman,binder,Bagel and Schmear,SPM,Marvel's Spider-Man,161,foil,common,2,108544,7f927f72-fc9b-444f-9e0e-78a5e8e7bcaa,0.03,false,false,near_mint,fr,EUR
Spiderman,binder,"Iron Spider, Stark Upgrade",SPM,Marvel's Spider-Man,279,normal,rare,1,107862,517aeeb2-454f-4de8-b7f7-870010e80ae8,1.16,false,false,near_mint,fr,EUR
Spiderman,binder,Bagel and Schmear,SPM,Marvel's Spider-Man,161,normal,common,5,108544,7f927f72-fc9b-444f-9e0e-78a5e8e7bcaa,0.02,false,false,near_mint,fr,EUR
Spiderman,binder,"Iron Spider, Stark Upgrade",SPM,Marvel's Spider-Man,166,normal,rare,1,107873,8da5f34e-7f40-406a-88d2-bb1e3ed25200,0.02,false,false,near_mint,fr,EUR
Spiderman,binder,Spider,TSPM,Marvel's Spider-Man Tokens,3,normal,common,18,108635,4a40f6e1-3545-4503-af3e-f0acfb735e3a,,false,false,near_mint,fr,EUR
Spiderman,binder,Spider,TSPM,Marvel's Spider-Man Tokens,3,foil,common,2,108635,4a40f6e1-3545-4503-af3e-f0acfb735e3a,,false,false,near_mint,fr,EUR
Spiderman,binder,Food,TSPM,Marvel's Spider-Man Tokens,5,normal,common,15,108616,0fb2c5a4-859e-40ac-8091-7ba44f57b878,,false,false,near_mint,fr,EUR
Spiderman,binder,Food,TSPM,Marvel's Spider-Man Tokens,5,foil,common,2,108616,0fb2c5a4-859e-40ac-8091-7ba44f57b878,,false,false,near_mint,fr,EUR
Spiderman,binder,Human Citizen,TSPM,Marvel's Spider-Man Tokens,4,foil,common,5,108633,398fbcd8-fac7-4396-9c69-5c72695121a9,,false,false,near_mint,fr,EUR
Spiderman,binder,Human Citizen,TSPM,Marvel's Spider-Man Tokens,4,normal,common,26,108633,398fbcd8-fac7-4396-9c69-5c72695121a9,,false,false,near_mint,fr,EUR
Spiderman,binder,Treasure,TSPM,Marvel's Spider-Man Tokens,7,foil,common,4,108663,d52efeb3-661d-45e9-97c3-af167f889684,,false,false,near_mint,fr,EUR
Spiderman,binder,Treasure,TSPM,Marvel's Spider-Man Tokens,7,normal,common,36,108663,d52efeb3-661d-45e9-97c3-af167f889684,,false,false,near_mint,fr,EUR
Spiderman,binder,Robot,TSPM,Marvel's Spider-Man Tokens,6,foil,common,2,108618,15796c4b-6041-4e0a-bc4f-0518d165549e,,false,false,near_mint,fr,EUR
Spiderman,binder,Robot,TSPM,Marvel's Spider-Man Tokens,6,normal,common,13,108618,15796c4b-6041-4e0a-bc4f-0518d165549e,,false,false,near_mint,fr,EUR
Spiderman,binder,Illusion Villain,TSPM,Marvel's Spider-Man Tokens,2,normal,common,3,108672,f67d6b6d-c57e-431f-ae80-a9658d628827,,false,false,near_mint,fr,EUR
Spiderman,binder,Illusion Villain,TSPM,Marvel's Spider-Man Tokens,2,foil,common,1,108672,f67d6b6d-c57e-431f-ae80-a9658d628827,,false,false,near_mint,fr,EUR
Spiderman,binder,Copy,TSPM,Marvel's Spider-Man Tokens,1,foil,common,1,108668,e980eddf-92f8-4dc4-8bad-b2f3dcaf03ef,,false,false,near_mint,fr,EUR
Spiderman,binder,Copy,TSPM,Marvel's Spider-Man Tokens,1,normal,common,3,108668,e980eddf-92f8-4dc4-8bad-b2f3dcaf03ef,,false,false,near_mint,fr,EUR
Spiderman,binder,Mountain,SPM,Marvel's Spider-Man,192,foil,common,6,107877,b044630d-50e7-431b-8e91-bd53e967f594,0.1,false,false,near_mint,fr,EUR
Spiderman,binder,Mountain,SPM,Marvel's Spider-Man,192,normal,common,4,107877,b044630d-50e7-431b-8e91-bd53e967f594,0.06,false,false,near_mint,fr,EUR
Spiderman,binder,Mountain,SPM,Marvel's Spider-Man,197,foil,common,4,107687,fc5004db-8db3-4506-bb01-f41be7968824,0.17,false,false,near_mint,fr,EUR
Spiderman,binder,Mountain,SPM,Marvel's Spider-Man,197,normal,common,6,107687,fc5004db-8db3-4506-bb01-f41be7968824,0.12,false,false,near_mint,fr,EUR
Spiderman,binder,Maximum Carnage,SPM,Marvel's Spider-Man,83,normal,rare,1,108645,7d72d867-6ed2-4900-a8ae-9d86f581ce32,0.08,false,false,near_mint,fr,EUR
Spiderman,binder,Spider-Verse,SPM,Marvel's Spider-Man,93,foil,mythic,1,108603,f8779eb2-1210-430d-8d42-3077053441ee,0.25,false,false,near_mint,fr,EUR
Spiderman,binder,Maximum Carnage,SPM,Marvel's Spider-Man,225,normal,rare,2,108660,cdba10bb-7766-45a9-ab2d-7d62309cefea,0.52,false,false,near_mint,fr,EUR
Spiderman,binder,Shock,SPM,Marvel's Spider-Man,88,foil,common,2,107645,760b41a1-c087-4b11-b8a0-fb01d8a4c0c6,0.13,false,false,near_mint,fr,EUR
Spiderman,binder,Shock,MAR,Marvel Universe,27,normal,mythic,1,108454,8066310c-dcd6-465b-a0ae-44c8602367de,1.04,false,false,near_mint,fr,EUR
Spiderman,binder,Shock,SPM,Marvel's Spider-Man,88,normal,common,4,107645,760b41a1-c087-4b11-b8a0-fb01d8a4c0c6,0.03,false,false,near_mint,fr,EUR
Spiderman,binder,Unexpected Windfall,MAR,Marvel Universe,29,normal,mythic,1,108502,33ba9e5a-d078-4a47-b181-0ca7d1596919,1.95,false,false,near_mint,fr,EUR
Spiderman,binder,Wisecrack,SPM,Marvel's Spider-Man,98,foil,uncommon,2,108648,8f452dac-bf22-4010-8a10-3c1cfa7d4df6,0.17,false,false,near_mint,fr,EUR
Spiderman,binder,Wisecrack,SPM,Marvel's Spider-Man,98,normal,uncommon,3,108648,8f452dac-bf22-4010-8a10-3c1cfa7d4df6,0.07,false,false,near_mint,fr,EUR
Spiderman,binder,Relentless Assault,MAR,Marvel Universe,25,normal,mythic,1,108588,e473a591-9aae-4af2-9b25-96820b317df8,2.74,false,false,near_mint,fr,EUR
Spiderman,binder,Electro's Bolt,SPM,Marvel's Spider-Man,77,normal,common,6,107620,25fe063f-35e4-4fca-9889-06834a8ef9b9,0.04,false,false,near_mint,fr,EUR
Spiderman,binder,Heroes' Hangout,SPM,Marvel's Spider-Man,79,foil,uncommon,1,108506,4148d7e8-6371-468c-858b-35254995409a,0.27,false,false,near_mint,fr,EUR
Spiderman,binder,Romantic Rendezvous,SPM,Marvel's Spider-Man,86,normal,common,9,107624,38120361-153f-414e-8a45-f86bb2e35a17,0.07,false,false,near_mint,fr,EUR
Spiderman,binder,Heroes' Hangout,SPM,Marvel's Spider-Man,79,normal,uncommon,3,108506,4148d7e8-6371-468c-858b-35254995409a,0.11,false,false,near_mint,fr,EUR
Spiderman,binder,Superior Foes of Spider-Man,SPM,Marvel's Spider-Man,96,foil,uncommon,2,108625,28e7bf86-5791-4412-8184-fa63fb292be4,0.1,false,false,near_mint,fr,EUR
Spiderman,binder,Superior Foes of Spider-Man,SPM,Marvel's Spider-Man,96,normal,uncommon,5,108625,28e7bf86-5791-4412-8184-fa63fb292be4,0.05,false,false,near_mint,fr,EUR
Spiderman,binder,The Mary Janes,SPE,Marvel's Spider-Man Eternal,15,foil,uncommon,2,107650,88ede451-65c2-4169-b7a1-34edfc4e92ce,0.02,false,false,near_mint,fr,EUR
Spiderman,binder,Rampaging Classmate,SPE,Marvel's Spider-Man Eternal,16,foil,common,1,107635,58bd0a52-3e71-4059-b1c5-b3b3e3e99cfd,0.19,false,false,near_mint,fr,EUR
Spiderman,binder,"Shocker, Unshakable",SPM,Marvel's Spider-Man,89,foil,uncommon,1,107652,8b2c0d9a-364a-4823-aa4c-fe473d4463f0,0.08,false,false,near_mint,fr,EUR
Spiderman,binder,Stegron the Dinosaur Man,SPM,Marvel's Spider-Man,95,foil,common,3,107631,485ceacb-fa76-4517-8466-c3c6bf6bcd6e,0.1,false,false,near_mint,fr,EUR
Spiderman,binder,"Shocker, Unshakable",SPM,Marvel's Spider-Man,89,normal,uncommon,3,107652,8b2c0d9a-364a-4823-aa4c-fe473d4463f0,0.05,false,false,near_mint,fr,EUR
Spiderman,binder,Stegron the Dinosaur Man,SPM,Marvel's Spider-Man,95,normal,common,5,107631,485ceacb-fa76-4517-8466-c3c6bf6bcd6e,0.04,false,false,near_mint,fr,EUR
Spiderman,binder,Spinneret and Spiderling,SPM,Marvel's Spider-Man,94,foil,rare,1,108560,a27834b7-e763-48ac-845e-ed49f2fa6c6d,0.02,false,false,near_mint,fr,EUR
Spiderman,binder,Spider-Punk,SPM,Marvel's Spider-Man,210,foil,rare,1,107860,47cebb95-3a25-4e9e-ad9c-034e0cd5bfd1,13.33,false,false,near_mint,fr,EUR
Spiderman,binder,Spider-Punk,SPM,Marvel's Spider-Man,92,foil,rare,1,107854,0bd41879-fcd4-4211-9b98-47e7cdba5399,2.95,false,false,near_mint,fr,EUR
Spiderman,binder,Angry Rabble,SPM,Marvel's Spider-Man,75,foil,common,1,107654,938730fa-496f-4871-80ec-3e9843ecb219,0.08,false,false,near_mint,fr,EUR
Spiderman,binder,Angry Rabble,SPM,Marvel's Spider-Man,75,normal,common,8,107654,938730fa-496f-4871-80ec-3e9843ecb219,0.02,false,false,near_mint,fr,EUR
Spiderman,binder,"Spider-Gwen, Free Spirit",SPM,Marvel's Spider-Man,90,normal,common,7,107626,3bc04fa7-6265-4549-91f6-eebdcd67398a,0.05,false,false,near_mint,fr,EUR
Spiderman,binder,Taxi Driver,SPM,Marvel's Spider-Man,97,foil,common,3,107663,a80d3ed9-5e81-41b7-bb74-ab86cba841c8,0.09,false,false,near_mint,fr,EUR
Spiderman,binder,Taxi Driver,SPM,Marvel's Spider-Man,97,normal,common,6,107663,a80d3ed9-5e81-41b7-bb74-ab86cba841c8,0.03,false,false,near_mint,fr,EUR
Spiderman,binder,Masked Meower,SPM,Marvel's Spider-Man,82,foil,common,1,107643,6aa0dc1f-6c83-4ac9-b4f2-428e0e0bbf88,0.26,false,false,near_mint,fr,EUR
Spiderman,binder,Masked Meower,SPM,Marvel's Spider-Man,82,normal,common,8,107643,6aa0dc1f-6c83-4ac9-b4f2-428e0e0bbf88,0.1,false,false,near_mint,fr,EUR
Spiderman,binder,"Molten Man, Inferno Incarnate",SPM,Marvel's Spider-Man,84,foil,uncommon,2,108598,f469d621-25d0-4d8e-909f-47dac0b9c5b0,0.02,false,false,near_mint,fr,EUR
Spiderman,binder,"Molten Man, Inferno Incarnate",SPM,Marvel's Spider-Man,84,normal,uncommon,5,108598,f469d621-25d0-4d8e-909f-47dac0b9c5b0,0.06,false,false,near_mint,fr,EUR
Spiderman,binder,"Hobgoblin, Mantled Marauder",SPM,Marvel's Spider-Man,80,foil,uncommon,1,108636,50716fe3-7a19-431e-8758-984fc48d714e,0.12,false,false,near_mint,fr,EUR
Spiderman,binder,"Hobgoblin, Mantled Marauder",SPM,Marvel's Spider-Man,80,normal,uncommon,2,108636,50716fe3-7a19-431e-8758-984fc48d714e,0.05,false,false,near_mint,fr,EUR
Spiderman,binder,Raging Goblinoids,SPM,Marvel's Spider-Man,85,foil,uncommon,1,108456,8519598f-ab7f-49b0-90cc-c0b6422ebdf8,0.13,false,false,near_mint,fr,EUR
Spiderman,binder,Spider-Islanders,SPM,Marvel's Spider-Man,91,foil,common,1,107672,c9132e45-4ddb-4565-ac45-86f1ecc6230d,0.09,false,false,near_mint,fr,EUR
Spiderman,binder,Raging Goblinoids,SPM,Marvel's Spider-Man,85,normal,uncommon,4,108456,8519598f-ab7f-49b0-90cc-c0b6422ebdf8,0.04,false,false,near_mint,fr,EUR
Spiderman,binder,Spider-Islanders,SPM,Marvel's Spider-Man,91,normal,common,7,107672,c9132e45-4ddb-4565-ac45-86f1ecc6230d,0.04,false,false,near_mint,fr,EUR
Spiderman,binder,J. Jonah Jameson,SPM,Marvel's Spider-Man,81,normal,rare,2,108427,9ee905d6-b647-4eb1-a8d9-89add9bafc31,0.07,false,false,near_mint,fr,EUR
Spiderman,binder,Gwen Stacy // Ghost-Spider,SPM,Marvel's Spider-Man,78,normal,mythic,1,107878,b0f1597f-1dc7-465e-8fcb-0afe61bcca46,0.02,false,false,near_mint,fr,EUR
Eternity,binder,Lavaclaw Reaches,EOS,Edge of Eternities: Stellar Sights,22,normal,rare,1,107435,5766b7ed-eb92-4c53-a5ad-577b5466ff6f,0.29,false,false,near_mint,fr,EUR
Eternity,binder,"Syr Vondam, Sunstar Exemplar",EOE,Edge of Eternities,231,normal,rare,1,107424,49554198-549b-4066-86ce-77a03fda0a2f,0.65,false,false,near_mint,fr,EUR
Eternity,binder,Wedgelight Rammer,EOE,Edge of Eternities,43,foil,uncommon,1,107397,2cb0984f-dc8b-4bb3-a4fd-8d6d4ae20198,0.14,false,false,near_mint,fr,EUR
Eternity,binder,Lightless Evangel,EOE,Edge of Eternities,109,normal,uncommon,1,107452,6860556a-6c34-4c41-89ea-f0bc495a159c,0.09,false,false,near_mint,fr,EUR
Eternity,binder,Virus Beetle,EOE,Edge of Eternities,124,foil,common,1,107570,e96c986c-684c-4546-a9c9-b6b903bda101,0.13,false,false,near_mint,fr,EUR
Eternity,binder,Terrain Generator,EOS,Edge of Eternities: Stellar Sights,43,normal,rare,1,107496,97b4d936-a7d6-4d43-87b5-0378f57e9e61,0.97,false,false,near_mint,fr,EUR
Eternity,binder,Singularity Rupture,EOE,Edge of Eternities,228,normal,rare,1,107116,a34012e3-ec7a-4713-a2c2-f8efff49e364,0.35,false,false,near_mint,fr,EUR
Lord of the Rings,binder,The Shire,LTR,The Lord of the Rings: Tales of Middle-earth,260,foil,rare,1,83539,d5178a1b-588b-4414-a370-ac6eed51187a,2.22,false,false,near_mint,fr,EUR
Lord of the Rings,binder,"Sting, the Glinting Dagger",LTR,The Lord of the Rings: Tales of Middle-earth,250,normal,rare,1,83396,afbec7e7-f5b9-407e-bf96-2e088710e791,1.53,false,false,near_mint,fr,EUR
Lord of the Rings,binder,"Sharkey, Tyrant of the Shire",LTR,The Lord of the Rings: Tales of Middle-earth,229,normal,rare,2,83584,e0e446bd-8295-4fca-957a-e4710a15d8e8,0.14,false,false,near_mint,fr,EUR
Lord of the Rings,binder,"Shagrat, Loot Bearer",LTR,The Lord of the Rings: Tales of Middle-earth,228,normal,rare,2,82834,0731f64a-15da-4814-82e9-3a42e1657f36,0.17,false,false,near_mint,fr,EUR
Lord of the Rings,binder,"Faramir, Prince of Ithilien",LTR,The Lord of the Rings: Tales of Middle-earth,202,foil,rare,1,83262,8700923a-e9ff-4ced-87fe-1ab26554623a,0.45,false,false,near_mint,fr,EUR
Lord of the Rings,binder,The Ring Goes South,LTR,The Lord of the Rings: Tales of Middle-earth,186,normal,rare,2,83010,3c8a4c7d-527c-49ea-a115-a9e747c0fd03,0.23,false,false,near_mint,fr,EUR
Lord of the Rings,binder,"Glóin, Dwarf Emissary",LTR,The Lord of the Rings: Tales of Middle-earth,132,normal,rare,2,83261,868a2aa7-bcaf-409b-8802-d00ee1f2ae77,0.47,false,false,near_mint,fr,EUR
Lord of the Rings,binder,Fall of Cair Andros,LTR,The Lord of the Rings: Tales of Middle-earth,124,normal,rare,2,82985,354b4623-50a0-41f1-ad1e-7dd6ac3852df,0.22,false,false,near_mint,fr,EUR
Lord of the Rings,binder,Orcish Bowmasters,LTR,The Lord of the Rings: Tales of Middle-earth,103,normal,rare,1,83214,7c024bae-5631-4e20-ac69-df392ac9e109,31.43,false,false,near_mint,fr,EUR
Lord of the Rings,binder,Scroll of Isildur,LTR,The Lord of the Rings: Tales of Middle-earth,69,foil,rare,1,82894,195821f4-ba3d-4412-930f-f3656b319dfd,0.57,false,false,near_mint,fr,EUR
Lord of the Rings,binder,Rangers of Ithilien,LTR,The Lord of the Rings: Tales of Middle-earth,66,normal,rare,2,83238,819b4208-7a29-41fa-947f-614bf669b300,0.19,false,false,near_mint,fr,EUR
Lord of the Rings,binder,Lost Isle Calling,LTR,The Lord of the Rings: Tales of Middle-earth,61,normal,rare,1,83211,7b744230-8127-4d4f-9d40-75e7c2aab77c,0.22,false,false,near_mint,fr,EUR
Lord of the Rings,binder,"Goldberry, River-Daughter",LTR,The Lord of the Rings: Tales of Middle-earth,52,foil,rare,1,83463,bf4f0a7c-620e-4ed8-8da3-fa6564e8a0cd,0.81,false,false,near_mint,fr,EUR
Lord of the Rings,binder,The Battle of Bywater,LTR,The Lord of the Rings: Tales of Middle-earth,2,normal,rare,2,83335,9bae7a4d-9117-43c5-a048-80a0ddadc034,1.83,false,false,near_mint,fr,EUR
Lord of the Rings,binder,Palantír of Orthanc,LTR,The Lord of the Rings: Tales of Middle-earth,247,normal,mythic,1,83180,6efb6a69-562c-4d95-858d-b067444cfd7e,16.72,false,false,near_mint,fr,EUR
Lord of the Rings,binder,Glamdring,LTR,The Lord of the Rings: Tales of Middle-earth,239,normal,mythic,1,83241,8296ebf7-45ed-4b38-acf2-b48d9fb3e706,1.4,false,false,near_mint,fr,EUR
Lord of the Rings,binder,"Andúril, Flame of the West",LTR,The Lord of the Rings: Tales of Middle-earth,236,normal,mythic,1,83224,7e7b9eea-a224-4db1-a089-cb385f7af20c,3.03,false,false,near_mint,fr,EUR
Lord of the Rings,binder,"Arwen, Mortal Queen",LTR,The Lord of the Rings: Tales of Middle-earth,193,normal,mythic,1,83083,547f92d4-cd1d-4ca7-a6e2-6473b4d3c832,6.69,false,false,near_mint,fr,EUR
Lord of the Rings,binder,"Aragorn, the Uniter",LTR,The Lord of the Rings: Tales of Middle-earth,192,normal,mythic,1,83611,e98d5321-ec09-456c-a9ea-c8ca2cfc6205,4.54,false,false,near_mint,fr,EUR
Lord of the Rings,binder,Last March of the Ents,LTR,The Lord of the Rings: Tales of Middle-earth,172,normal,mythic,1,83227,7f1b99e0-ffb7-4f98-8ee5-4357bb79dd2e,19.52,false,false,near_mint,fr,EUR
Lord of the Rings,binder,"Sauron, the Dark Lord",LTR,The Lord of the Rings: Tales of Middle-earth,329,foil,mythic,1,83431,b83261ba-c239-4b6a-88eb-bdfc411916b3,14.34,false,false,near_mint,fr,EUR
Lord of the Rings,binder,"Saradoc, Master of Buckland",LTR,The Lord of the Rings: Tales of Middle-earth,282,normal,rare,2,83372,a65a1fb5-cc2c-4556-b109-05c3d966ded9,0.42,false,false,near_mint,fr,EUR
Lord of the Rings,binder,Assault on Osgiliath,LTR,The Lord of the Rings: Tales of Middle-earth,285,normal,rare,2,82934,2549b70a-6bd0-4c9b-96b7-4ab775a30cd3,0.35,false,false,near_mint,fr,EUR
Lord of the Rings,binder,Minas Tirith Garrison,LTR,The Lord of the Rings: Tales of Middle-earth,825,normal,rare,2,86627,9023a7eb-fe74-4e3d-9279-e69519b41fbd,0.72,false,false,near_mint,fr,EUR
Lord of the Rings,binder,Eagle of Deliverance,LTR,The Lord of the Rings: Tales of Middle-earth,824,normal,rare,2,86659,a4631187-9a5b-43d5-92d8-de6e609d2a03,0.78,false,false,near_mint,fr,EUR
Lord of the Rings,binder,Hew the Entwood,LTR,The Lord of the Rings: Tales of Middle-earth,136,normal,mythic,1,83237,81940498-a5bf-4bcd-b06d-8816887b2a2b,0.56,false,false,near_mint,fr,EUR
Lord of the Rings,binder,The Watcher in the Water,LTR,The Lord of the Rings: Tales of Middle-earth,75,normal,mythic,1,82908,1cb8e8bb-75a0-4b5e-b4b3-5d8f3795032d,1.39,false,false,near_mint,fr,EUR
Lord of the Rings,binder,Storm of Saruman,LTR,The Lord of the Rings: Tales of Middle-earth,72,normal,mythic,1,83078,52884e67-c742-4799-9afd-55bc70b2cf40,2.6,false,false,near_mint,fr,EUR
Lord of the Rings,binder,Rivendell,LTR,The Lord of the Rings: Tales of Middle-earth,344,normal,rare,2,83141,650fa2f4-2916-427c-a0f9-37e2dbe8e1fc,1.59,false,false,near_mint,fr,EUR
Lord of the Rings,binder,The Shire,LTR,The Lord of the Rings: Tales of Middle-earth,345,normal,rare,1,82932,248ed7a6-982a-4ff4-ba9b-3c1f47e7605c,1.5,false,false,near_mint,fr,EUR
Lord of the Rings,binder,Lost Isle Calling,LTR,The Lord of the Rings: Tales of Middle-earth,444,normal,rare,1,83670,fab613e1-390c-4581-9c3e-4c4b26464d10,0.4,false,false,near_mint,fr,EUR
Lord of the Rings,binder,"Sting, the Glinting Dagger",LTR,The Lord of the Rings: Tales of Middle-earth,409,foil,rare,1,83492,c6e3485e-2190-412a-a7b0-6a6ffdbef77c,2.08,false,false,near_mint,fr,EUR
Lord of the Rings,binder,Mirkwood Channeler,LTR,The Lord of the Rings: Tales of Middle-earth,828,normal,rare,1,86745,ca533454-8bea-4e08-ab0b-e2f4affffaef,1.08,false,false,near_mint,fr,EUR
Lord of the Rings,binder,Riders of the Mark,LTR,The Lord of the Rings: Tales of Middle-earth,827,normal,rare,1,86797,de77686e-c4c1-4d38-a05c-03eb7363fc0b,2.31,false,false,near_mint,fr,EUR
Lord of the Rings,binder,Elanor Gardner,LTR,The Lord of the Rings: Tales of Middle-earth,286,normal,rare,1,83124,6165eb73-49a8-4337-aa5d-7d9d48b916c9,2.7,false,false,near_mint,fr,EUR
Lord of the Rings,binder,"Faramir, Prince of Ithilien",LTR,The Lord of the Rings: Tales of Middle-earth,319,normal,rare,1,82966,2faf5eee-c378-4ddf-a172-c0a703757fff,0.42,false,false,near_mint,fr,EUR
Lord of the Rings,binder,Nazgûl,LTR,The Lord of the Rings: Tales of Middle-earth,339,normal,uncommon,1,83023,4023a6de-3ac7-488a-b1a9-b1e26681d9bc,15.72,false,false,near_mint,fr,EUR
Lord of the Rings,binder,Nazgûl,LTR,The Lord of the Rings: Tales of Middle-earth,335,normal,uncommon,1,83019,3f16e3fe-cc9f-414e-8643-3f66c0ab2536,10.83,false,false,near_mint,fr,EUR
Lord of the Rings,binder,Nazgûl,LTR,The Lord of the Rings: Tales of Middle-earth,338,normal,uncommon,1,83465,bf96c268-c86b-4d5e-bf04-200c427e5fa5,13.88,false,false,near_mint,fr,EUR
Lord of the Rings,binder,Nazgûl,LTR,The Lord of the Rings: Tales of Middle-earth,332,normal,uncommon,1,83517,ce65226a-12cd-416a-bb60-12e9b35f609b,10.44,false,false,near_mint,fr,EUR
Lord of the Rings,binder,Nazgûl,LTR,The Lord of the Rings: Tales of Middle-earth,337,normal,uncommon,1,83583,e0a5630d-325f-4f7a-9885-b249c6480023,10.84,false,false,near_mint,fr,EUR
Lord of the Rings,binder,Nazgûl,LTR,The Lord of the Rings: Tales of Middle-earth,333,normal,uncommon,1,83162,69b32f90-b32f-41a6-af0c-1c967ec49b73,11.15,false,false,near_mint,fr,EUR
Lord of the Rings,binder,Nazgûl,LTR,The Lord of the Rings: Tales of Middle-earth,336,normal,uncommon,1,83377,a92d5a03-a4c9-4432-b3bb-f5bb21f65db0,11.15,false,false,near_mint,fr,EUR
Lord of the Rings,binder,Nazgûl,LTR,The Lord of the Rings: Tales of Middle-earth,334,normal,uncommon,1,83111,5e9c9901-c329-4a68-96ab-f33d7c12aefe,11.25,false,false,near_mint,fr,EUR
Land Station,binder,Mountain,ELD,Throne of Eldraine,264,foil,common,1,46074,e84db98e-c51a-4380-8704-57fdd5eb360f,0.15,false,false,near_mint,fr,EUR
Land Station,binder,Mountain,ELD,Throne of Eldraine,263,foil,common,1,46075,d0c82442-e201-407d-9db7-613f24c1eb03,0.3,false,false,near_mint,fr,EUR
Lord of the Rings,binder,The One Ring,LTR,The Lord of the Rings: Tales of Middle-earth,246,normal,mythic,1,83540,d5806e68-1054-458e-866d-1f2470f682b2,76.21,false,false,near_mint,fr,EUR
Spiderman,binder,Rite of Replication,MAR,Marvel Universe,14,normal,mythic,1,108504,3b4d51b9-f99e-4253-83d7-4dc6ef9bbe41,2.37,false,false,near_mint,fr,EUR
Spiderman,binder,Urban Retreat,SPM,Marvel's Spider-Man,283,normal,rare,1,108653,a2b59a26-114a-489c-b898-f71949ca4c7e,0.85,false,false,near_mint,fr,EUR
Spiderman,binder,"Lizard, Connors's Curse",SPM,Marvel's Spider-Man,106,foil,rare,1,108530,6add5d2a-950e-4bee-9850-e68f5f6d6142,0.27,false,false,near_mint,fr,EUR
Spiderman,binder,Forest,JMP,Jumpstart,72,normal,common,1,51108,01838859-51ef-474a-9653-23dd37eed1d6,0.1,false,false,near_mint,fr,EUR
Spiderman,binder,Miles Morales // Ultimate Spider-Man,SPM,Marvel's Spider-Man,234,foil,mythic,1,107885,d938ceec-c45b-482c-8841-c97098697cc8,33.68,false,false,near_mint,fr,EUR
Spiderman,binder,Urban Retreat,SPM,Marvel's Spider-Man,187,normal,rare,1,108623,2581f320-8238-413d-ab04-d5535da55630,0.63,false,false,near_mint,fr,EUR
Spiderman,binder,Hot Dog Cart,SPM,Marvel's Spider-Man,164,foil,common,1,108534,6ee3b883-e9f5-426f-a2ea-96fe9ff3aba9,0.14,false,false,near_mint,fr,EUR
Spiderman,binder,"Hydro-Man, Fluid Felon",SPM,Marvel's Spider-Man,33,normal,rare,1,108589,e53115a4-8959-40fa-b763-931504a1c5a2,0.35,false,false,near_mint,fr,EUR
Spiderman,binder,Doc Ock's Tentacles,SPM,Marvel's Spider-Man,162,foil,rare,1,108605,fed9547c-9d0d-4e62-9639-887ed09231a2,0.51,false,false,near_mint,fr,EUR
Spiderman,binder,Miles Morales // Ultimate Spider-Man,SPM,Marvel's Spider-Man,108,normal,mythic,1,107876,9f8b4d9b-208a-4673-a617-5e3edd069c33,3.0,false,false,near_mint,fr,EUR
Spiderman,binder,"Doc Ock, Sinister Scientist",SPM,Marvel's Spider-Man,29,normal,common,3,107678,de16ad65-c8c3-48c0-9d13-5af91b4e6f01,0.04,false,false,near_mint,fr,EUR
Spiderman,binder,"Spider-Gwen, Free Spirit",SPM,Marvel's Spider-Man,90,foil,common,1,107626,3bc04fa7-6265-4549-91f6-eebdcd67398a,0.06,false,false,near_mint,fr,EUR
Spiderman,binder,"Gwenom, Remorseless",SPM,Marvel's Spider-Man,286,foil,mythic,1,108459,a5b191f5-f01b-4d6c-8363-19591c61e6cc,3.5,false,false,near_mint,fr,EUR
Spiderman,binder,Cosmic Spider-Man,SPM,Marvel's Spider-Man,127,normal,mythic,1,108602,f82f4013-7308-4917-9042-19a5909f2134,2.43,false,false,near_mint,fr,EUR
Spiderman,binder,Shadow of the Goblin,SPM,Marvel's Spider-Man,87,normal,rare,2,108545,854b6898-c480-435b-8952-a077c7977cec,0.51,false,false,near_mint,fr,EUR
Spiderman,binder,Saw in Half,MAR,Marvel Universe,21,normal,mythic,1,108670,eea57be1-032d-40ec-8091-92f89670e4a1,3.67,false,false,near_mint,fr,EUR
Le commencement,binder,Freejam Regent,AER,Aether Revolt,81,normal,rare,1,6333,d6b5147f-b422-47d3-98a0-dcc2d6f4e17a,0.07,false,false,near_mint,fr,EUR
Le commencement,binder,Ornithopter,AER,Aether Revolt,167,normal,uncommon,1,6247,ddb96645-44d2-426c-90cb-3186297a8728,0.31,false,false,near_mint,fr,EUR
Le commencement,binder,Restoration Specialist,AER,Aether Revolt,21,normal,uncommon,3,6393,63682db3-1a56-4d8e-a9b7-04465a577518,0.2,false,false,near_mint,fr,EUR
Le commencement,binder,Monstrous Onslaught,CMR,Commander Legends,244,normal,uncommon,1,56254,ffc27f7f-5dd4-4f1d-ba3f-a4b0400cdc72,0.1,false,false,near_mint,fr,EUR
Le commencement,binder,Mobile Garrison,AER,Aether Revolt,165,normal,common,1,6249,da443378-f5cb-4240-9524-2c40ec17c933,0.14,false,false,near_mint,fr,EUR
Le commencement,binder,Caught in the Brights,AER,Aether Revolt,10,normal,common,2,6404,4d5bea27-d825-4691-8ae0-c4831574ec53,0.04,false,false,near_mint,fr,EUR
Le commencement,binder,Scrounging Bandar,CMR,Commander Legends,252,normal,common,1,55988,02c8aab5-ed0d-489d-87af-7eb3193b75db,0.04,false,false,near_mint,fr,EUR
Le commencement,binder,Universal Solvent,CMR,Commander Legends,347,normal,common,2,55862,bbe257c5-d2f8-4a4f-bf74-f6dc4b6861e4,0.1,false,false,near_mint,fr,EUR
Le commencement,binder,Precise Strike,AER,Aether Revolt,92,normal,common,3,6322,3cd2e7ab-b63e-48e8-a32a-6ff8673241d9,0.05,false,false,near_mint,fr,EUR
Le commencement,binder,Leave in the Dust,AER,Aether Revolt,37,normal,common,2,6377,3c01bd77-beb0-4a26-858d-022311e550bf,0.05,false,false,near_mint,fr,EUR
Le commencement,binder,Resourceful Return,AER,Aether Revolt,70,normal,common,2,6344,32f57d0b-ab6a-4074-885d-678659729b8a,0.08,false,false,near_mint,fr,EUR
Le commencement,binder,Welder Automaton,AER,Aether Revolt,183,normal,common,3,6231,88b5bae4-be97-4c10-b222-e1e317a8ffbc,0.05,false,false,near_mint,fr,EUR
Le commencement,binder,Shock,M20,Core Set 2020,160,normal,common,1,45301,3c866bdb-ff94-4f3f-8429-e72c2cbb94ef,0.05,false,false,near_mint,fr,EUR
Le commencement,binder,Sphere of Resistance,MPS,Kaladesh Inventions,47,foil,special,1,7736,c8e5546c-7f46-4eb5-a330-384d68ee75b0,60.47,false,false,near_mint,fr,EUR
Le commencement,binder,Foundry Assembler,AER,Aether Revolt,151,normal,common,2,6263,e83a2862-a2d7-4d87-a4b8-def9f441f5fa,0.03,false,false,near_mint,fr,EUR
Le commencement,binder,Night Market Aeronaut,AER,Aether Revolt,67,normal,common,3,6347,2637f860-01dd-4559-97b3-71c2e7cdbca4,0.03,false,false,near_mint,fr,EUR
Le commencement,binder,Negate,BBD,Battlebond,123,normal,common,1,1870,fbd28be5-c493-433a-a19f-cace2214b83e,0.2,false,false,near_mint,fr,EUR
Le commencement,binder,Daring Demolition,AER,Aether Revolt,55,normal,common,2,6359,a6378898-50b7-47c9-8c25-dc660606be9f,0.04,false,false,near_mint,fr,EUR
Le commencement,binder,Irontread Crusher,AER,Aether Revolt,161,normal,common,2,6253,81873223-29c7-466b-b922-6717ec84afff,0.07,false,false,near_mint,fr,EUR
Le commencement,binder,Aegis Automaton,AER,Aether Revolt,141,normal,common,1,6273,e5f9fa2d-4bf4-4fcb-9b76-fd4a9ff5a58c,0.16,false,false,near_mint,fr,EUR
Le commencement,binder,Bastion Enforcer,M20,Core Set 2020,303,normal,common,1,45157,7cbf17a0-2dbc-4e79-9cfa-ea49b1605105,0.05,false,false,near_mint,fr,EUR
Le commencement,binder,Prey Upon,AER,Aether Revolt,120,normal,common,4,6294,166f0a2d-d660-4ea2-8b2f-143dc1fc0a8e,0.04,false,false,near_mint,fr,EUR
Le commencement,binder,Maverick Thopterist,C18,Commander 2018,185,normal,uncommon,1,658,28eb8ef1-5feb-4af1-bc39-dda5ba69546d,0.1,false,false,near_mint,fr,EUR
Le commencement,binder,Scrapper Champion,AER,Aether Revolt,97,normal,uncommon,2,6317,117ef25c-e9cf-4801-a753-2c329c2a8bdb,0.08,false,false,near_mint,fr,EUR
Le commencement,binder,Maulfist Revolutionary,AER,Aether Revolt,115,normal,uncommon,3,6299,a83dcdba-419b-41e1-8c9d-8bca6fe2752b,0.08,false,false,near_mint,fr,EUR
Le commencement,binder,Disallow,DRC,Aetherdrift Commander,74,normal,rare,1,103131,80f8aa2a-78e1-4717-a0bd-a435f4922668,1.0,false,false,near_mint,fr,EUR
Le commencement,binder,Deeproot Elite,LCC,The Lost Caverns of Ixalan Commander,237,normal,rare,1,88727,991e24e5-8b37-4034-9be7-2fab5983ee7b,0.25,false,false,near_mint,fr,EUR
Le commencement,binder,Legion Lieutenant,LCC,The Lost Caverns of Ixalan Commander,275,normal,uncommon,1,88655,85c6bd7d-537a-42fe-9c68-742bdf2e7025,0.71,false,false,near_mint,fr,EUR
Le commencement,binder,Reaver Ambush,RIX,Rivals of Ixalan,83,normal,uncommon,1,2935,fceaac2f-b26c-4da9-bf4f-c7672394dd7f,0.07,false,false,near_mint,fr,EUR
Le commencement,binder,Woodland Stream,RIX,Rivals of Ixalan,191,normal,uncommon,1,2827,d1f14b4d-b90e-4ce4-aa32-13c9969aa46a,0.07,false,false,near_mint,fr,EUR
Le commencement,binder,Vampire Revenant,RIX,Rivals of Ixalan,89,normal,common,1,2929,2bd3a6c6-33b8-4530-9d80-c488898afd6e,0.05,false,false,near_mint,fr,EUR
Le commencement,binder,Squire's Devotion,RIX,Rivals of Ixalan,25,normal,common,1,2993,91de07da-564d-42f3-987d-a2321c3216bc,0.15,false,false,near_mint,fr,EUR
Le commencement,binder,Hardy Veteran,RIX,Rivals of Ixalan,132,normal,common,1,2886,62f2755f-276f-4260-a201-f02af88b5708,0.05,false,false,near_mint,fr,EUR
Le commencement,binder,Sworn Guardian,RIX,Rivals of Ixalan,58,normal,common,1,2960,6452ba94-6bb0-409c-99f7-71e6457c3f2a,0.04,false,false,near_mint,fr,EUR
Le commencement,binder,Traveler's Amulet,RIX,Rivals of Ixalan,184,normal,common,1,2834,393e2aa2-110e-4824-a9c9-5a76cb2bec23,0.06,false,false,near_mint,fr,EUR
Le commencement,binder,Raptor Companion,BBD,Battlebond,102,normal,common,1,1891,45385c8e-fff9-46e7-97e8-f946306b5147,0.08,false,false,near_mint,fr,EUR
Le commencement,binder,Negate,M20,Core Set 2020,69,normal,common,1,45392,33b83158-78b4-425e-8379-be3ef038295c,0.08,false,false,near_mint,fr,EUR
Le commencement,binder,Mutiny,RIX,Rivals of Ixalan,106,normal,common,1,2912,010711a0-5e95-4a8c-816f-e314f2a909ef,0.12,false,false,near_mint,fr,EUR
Le commencement,binder,Naturalize,RIX,Rivals of Ixalan,139,normal,common,1,2879,0c187d05-0df4-48b6-8e75-690e725b8bcf,0.03,false,false,near_mint,fr,EUR
Le commencement,binder,Impale,RIX,Rivals of Ixalan,76,normal,common,1,2942,dfa0c4f7-3497-467d-9453-104fb4b5a0f3,0.04,false,false,near_mint,fr,EUR
Le commencement,binder,Eldrazi Obligator,OGW,Oath of the Gatewatch,96,normal,rare,1,9286,dfaa8b16-7c12-44e2-8ddb-17608d491c41,0.33,false,false,near_mint,fr,EUR
Le commencement,binder,Roiling Waters,OGW,Oath of the Gatewatch,62,normal,uncommon,1,9320,3d878c10-de5e-4224-98ce-d49902b5ab8b,0.06,false,false,near_mint,fr,EUR
Le commencement,binder,Relentless Hunter,BBD,Battlebond,226,normal,uncommon,1,1767,5601725f-d733-4052-86eb-5d11baad8c34,0.03,false,false,near_mint,fr,EUR
Le commencement,binder,Essence Depleter,OGW,Oath of the Gatewatch,69,normal,uncommon,1,9313,996da623-1c34-4545-a800-648238ea91ae,0.04,false,false,near_mint,fr,EUR
Le commencement,binder,Tajuru Pathwarden,FDN,Foundations,558,normal,common,1,101214,da20a0d3-2022-4dea-84c8-85adc5a974f8,0.21,false,false,near_mint,fr,EUR
Le commencement,binder,Ancient Crab,OGW,Oath of the Gatewatch,50,normal,common,1,9332,783794e3-fe0c-4014-ae5a-6c249af23ddc,0.05,false,false,near_mint,fr,EUR
Le commencement,binder,Cultivator Drone,OGW,Oath of the Gatewatch,42,normal,common,1,9340,bbe4bb6f-bec6-49d2-99d7-e3750a0ea03f,0.12,false,false,near_mint,fr,EUR
Le commencement,binder,Netcaster Spider,OGW,Oath of the Gatewatch,137,normal,common,1,9245,456de8f8-f5dc-44fb-81b1-ca653c32be8e,0.13,false,false,near_mint,fr,EUR
Le commencement,binder,Holdout Settlement,OGW,Oath of the Gatewatch,172,normal,common,1,9210,cf08c317-6f2d-47e3-ab5b-8af73fd3e404,0.28,false,false,near_mint,fr,EUR
Le commencement,binder,Consuming Sinkhole,OGW,Oath of the Gatewatch,94,normal,common,1,9288,82a42b28-3d1b-4432-b8c9-2d42e4d0e1c5,0.07,false,false,near_mint,fr,EUR
Le commencement,binder,Kor Sky Climber,OGW,Oath of the Gatewatch,24,normal,common,1,9358,54938334-ebad-4dde-82e6-8c854aef4a91,0.13,false,false,near_mint,fr,EUR
Le commencement,binder,Kozilek's Translator,OGW,Oath of the Gatewatch,74,normal,common,1,9308,d80665ae-fcb2-48fd-95be-8768293bcef7,0.07,false,false,near_mint,fr,EUR
Le commencement,binder,Expedite,CMR,Commander Legends,413,normal,common,1,56167,b86c0628-0b61-44f2-91cc-1c3c309631ce,0.22,false,false,near_mint,fr,EUR
Le commencement,binder,Spawnbinder Mage,OGW,Oath of the Gatewatch,35,normal,common,1,9347,5677bd49-69eb-41dc-8e64-2df3b7f5c45f,0.08,false,false,near_mint,fr,EUR
Le commencement,binder,"Jace, Architect of Thought",CMM,Commander Masters,851,normal,mythic,1,84479,7051cdfa-509e-4d84-bbae-f77556c861e4,0.31,false,false,near_mint,fr,EUR
Le commencement,binder,Azorius Charm,GK2,RNA Guild Kit,8,normal,uncommon,1,44013,a0653bda-a9de-4d4d-ab95-21458b31c652,0.32,false,false,near_mint,fr,EUR
Le commencement,binder,Bazaar Krovod,RTR,Return to Ravnica,7,normal,uncommon,1,17415,b07bb2fe-3a9b-47d0-864b-99a662d9544b,0.05,false,false,near_mint,fr,EUR
Le commencement,binder,Archweaver,RTR,Return to Ravnica,114,normal,uncommon,1,17308,f99dc8ff-932c-4d56-9253-99ce9e145306,0.1,false,false,near_mint,fr,EUR
Le commencement,binder,Stealer of Secrets,W17,Welcome Deck 2017,13,normal,common,1,5856,02acbe9b-fac7-4135-8318-5f3dc93a9e58,0.11,false,false,near_mint,fr,EUR
Le commencement,binder,Splatter Thug,GK2,RNA Guild Kit,58,normal,common,1,43969,56497ae9-78ef-4d1c-8427-b09409a6e28d,0.07,false,false,near_mint,fr,EUR
Le commencement,binder,Stab Wound,RVR,Ravnica Remastered,93,normal,uncommon,1,89901,cbe656e7-ae71-45c2-a263-588b73f70d73,0.19,false,false,near_mint,fr,EUR
Le commencement,binder,Korozda Monitor,RTR,Return to Ravnica,129,normal,common,1,17293,2f319d57-7a54-4b10-86d4-58d7b3994844,0.03,false,false,near_mint,fr,EUR
Le commencement,binder,Coursers' Accord,RTR,Return to Ravnica,154,normal,common,1,17268,f027ceb0-5d2b-4cf6-87ad-e6b9b1e20634,0.08,false,false,near_mint,fr,EUR
Le commencement,binder,Dramatic Rescue,GK2,RNA Guild Kit,12,normal,common,1,44009,416e6241-72c6-4d6d-b839-d96c35695b9d,0.15,false,false,near_mint,fr,EUR
Le commencement,binder,Deviant Glee,RTR,Return to Ravnica,65,normal,common,1,17357,e150896e-8745-42ac-894b-8f42a92bd7a7,0.07,false,false,near_mint,fr,EUR
Le commencement,binder,Axebane Stag,RTR,Return to Ravnica,116,normal,common,1,17306,bfce7c02-ccc3-44cd-8087-627eaa6a072e,0.05,false,false,near_mint,fr,EUR
Le commencement,binder,Survey the Wreckage,RTR,Return to Ravnica,107,normal,common,1,17315,a6e750f9-ad86-4d60-98a3-78d11cd52cd1,0.06,false,false,near_mint,fr,EUR
Le commencement,binder,Eyes in the Skies,RVR,Ravnica Remastered,17,normal,common,1,89535,077aafc3-d94c-4ac0-8b7e-aadbb114e4c7,0.07,false,false,near_mint,fr,EUR
Le commencement,binder,Ribbons of the Reikai,BOK,Betrayers of Kamigawa,50,normal,common,1,28659,e7a3b0da-026e-4ea9-8035-38c909e5f9a4,0.14,false,false,near_mint,fr,EUR
Le commencement,binder,Goblin Cohort,EVG,Duel Decks Anthology: Elves vs. Goblins,38,normal,common,1,12378,faa652d7-16d3-400f-9ba4-7ba8078d4a08,0.13,false,false,near_mint,fr,EUR
Le commencement,binder,Skullsnatcher,PCA,Planechase Anthology,36,normal,common,1,6696,07a48566-47cd-4214-879d-13bc76d2c1d2,0.74,false,false,near_mint,fr,EUR
Le commencement,binder,Mistblade Shinobi,PCA,Planechase Anthology,20,normal,common,1,6728,f333193b-a95a-43dc-b50a-58412a33c8b6,2.06,false,false,near_mint,fr,EUR
Le commencement,binder,Takeno's Cavalry,BOK,Betrayers of Kamigawa,24,normal,common,1,28685,0cf9cd2e-5cf6-4959-abf2-56b686b636a3,0.11,false,false,near_mint,fr,EUR
Le commencement,binder,Matsu-Tribe Sniper,BOK,Betrayers of Kamigawa,136,normal,common,1,28573,143af295-040d-400e-ae23-59abd2f88e11,0.09,false,false,near_mint,fr,EUR
Le commencement,binder,Terashi's Grasp,MM2,Modern Masters 2015,37,normal,common,1,11180,44f0d818-b463-4ef7-93b4-1ae341b52e2c,0.07,false,false,near_mint,fr,EUR
Le commencement,binder,Child of Thorns,BOK,Betrayers of Kamigawa,123,normal,common,1,28586,b32c342f-ee1a-461c-9082-d2f6d9412f54,0.06,false,false,near_mint,fr,EUR
Le commencement,binder,First Volley,BOK,Betrayers of Kamigawa,100,normal,common,1,28609,d6e5e360-ed47-40c1-8ad7-57645c2854ca,0.09,false,false,near_mint,fr,EUR
Le commencement,binder,Skullmane Baku,BOK,Betrayers of Kamigawa,83,normal,common,1,28626,005edd3a-238d-471a-8d5b-2df735c49f67,0.08,false,false,near_mint,fr,EUR
Le commencement,binder,Genju of the Spires,A25,Masters 25,132,normal,uncommon,1,2584,777cc6bb-638c-4535-8072-f8a2a1ba5b45,0.07,false,false,near_mint,fr,EUR
Le commencement,binder,Kitsune Palliator,BOK,Betrayers of Kamigawa,14,normal,uncommon,1,28695,eb981f8b-4f03-4fd2-a255-b10635958bfd,0.12,false,false,near_mint,fr,EUR
Le commencement,binder,Krosan Vorine,LGN,Legions,131,normal,common,1,30703,b7d1c6c6-16b3-4a52-aeda-683b1aeb0e7f,0.08,false,false,near_mint,fr,EUR
Le commencement,binder,Crypt Sliver,LGN,Legions,63,normal,common,1,30771,507097eb-6b50-47ae-a545-df76b743b2bd,0.44,false,false,near_mint,fr,EUR
Le commencement,binder,Voidmage Apprentice,JVC,Duel Decks Anthology: Jace vs. Chandra,4,normal,common,1,12287,fdc000af-a161-4803-bd24-4fdde083caec,0.78,false,false,near_mint,fr,EUR
Le commencement,binder,Bloodstoke Howler,LGN,Legions,89,normal,common,1,30745,743779d4-fee8-4b8d-a5ac-27f355e006e5,0.05,false,false,near_mint,fr,EUR
Le commencement,binder,Mistform Seaswift,LGN,Legions,45,normal,common,1,30789,b2f6c73c-8162-499f-8d16-92f17c0c2bee,0.08,false,false,near_mint,fr,EUR
Le commencement,binder,Skinthinner,LGN,Legions,80,normal,common,1,30754,89b8c392-da68-4894-b6e8-eb430141a0d7,0.08,false,false,near_mint,fr,EUR
Le commencement,binder,Gempalm Avenger,DDO,Duel Decks: Elspeth vs. Kiora,9,normal,common,1,11921,3267bf08-7585-4e2e-b472-97a357d264dc,0.11,false,false,near_mint,fr,EUR
Le commencement,binder,Stonewood Invoker,DMR,Dominaria Remastered,178,normal,common,1,78164,e4ea6aac-d42b-4522-b7a9-4c99ed9c14bd,0.03,false,false,near_mint,fr,EUR
Le commencement,binder,Skirk Marauder,LGN,Legions,113,normal,common,1,30721,bbd2ff12-c6f7-4986-801f-225ad6f59278,0.1,false,false,near_mint,fr,EUR
Le commencement,binder,Plated Sliver,LGN,Legions,19,normal,common,1,30815,82846d31-4981-4ef1-85c3-703569146a84,0.75,false,false,near_mint,fr,EUR
Le commencement,binder,Synapse Sliver,CMM,Commander Masters,857,normal,rare,1,84529,7c458a0f-0e63-417f-b51e-8491822835b0,2.46,false,false,near_mint,fr,EUR
Le commencement,binder,Goblin Dynamo,LGN,Legions,97,normal,uncommon,1,30737,9462cb4e-a38c-4a41-bad2-4ea3b22b0edb,0.22,false,false,near_mint,fr,EUR
Le commencement,binder,Ridgetop Raptor,DMR,Dominaria Remastered,134,normal,common,1,77976,720a0e44-0675-488e-bfa5-ae557337e9c4,0.1,false,false,near_mint,fr,EUR
Le commencement,binder,Kodama of the Center Tree,BOK,Betrayers of Kamigawa,131,normal,rare,2,28578,6b9264c5-1ecd-48cc-a12d-d4bd8050cfae,0.2,false,false,near_mint,fr,EUR
Le commencement,binder,Shuko,BOK,Betrayers of Kamigawa,159,normal,uncommon,3,28550,a47456b8-cef8-4085-90b1-92788e16fd27,1.48,false,false,near_mint,fr,EUR
Le commencement,binder,Glowering Rogon,LGN,Legions,128,normal,common,2,30706,974b0881-bd26-4074-93dd-a1e3600347c4,0.04,false,false,near_mint,fr,EUR
Le commencement,binder,Phantom Wings,BOK,Betrayers of Kamigawa,46,normal,common,2,28663,a96e5a18-5958-426e-892f-5c68f44c1b41,0.04,false,false,near_mint,fr,EUR
Le commencement,binder,Akroma's Devoted,LGN,Legions,2,normal,uncommon,2,30832,798893df-e720-471d-822d-50284de23efd,0.15,false,false,near_mint,fr,EUR
Le commencement,binder,Cursed Totem,MIR,Mirage,299,normal,rare,1,38291,cc99ee76-45b6-4f1d-b0b0-7da8775ca90c,10.54,false,false,near_mint,fr,EUR
Le commencement,binder,Razor Pendulum,MIR,Mirage,317,normal,rare,1,38273,72562860-6097-4c63-9858-ae130805f4d6,0.57,false,false,near_mint,fr,EUR
Le commencement,binder,Diabolic Machine,5ED,Fifth Edition,363,normal,uncommon,1,37643,8c76a433-4760-4ebb-ab0c-d69bba7d7ca1,0.11,false,false,near_mint,fr,EUR
Le commencement,binder,Unerring Sling,MIR,Mirage,322,normal,uncommon,1,38268,ecf946b8-8574-406a-83fd-966ed912921f,0.2,false,false,near_mint,fr,EUR
Le commencement,binder,Zuran Orb,ICE,Ice Age,350,normal,uncommon,1,39459,3a9d1082-a862-45d4-9e5e-392e879fead6,2.8,false,false,near_mint,fr,EUR
Le commencement,binder,Acidic Dagger,MIR,Mirage,291,normal,rare,1,38299,6dfdea79-2a7c-489d-8466-e6090c2a0919,0.56,false,false,near_mint,fr,EUR
Le commencement,binder,Ashnod's Altar,CHR,Chronicles,92,normal,common,1,39334,d5e1a75e-1369-4f28-bb7d-e7ea2e6087e9,7.79,false,false,near_mint,fr,EUR
Le commencement,binder,Rock Lobster,UGL,Unglued,79,normal,common,1,36114,5ba96c2a-9ccf-4b28-8af5-f8c221fc6823,0.87,false,false,near_mint,fr,EUR
Le commencement,binder,Black Vise,4ED,Fourth Edition,299,normal,uncommon,1,39888,196b83a1-2a25-498d-83b8-8faacd79909d,1.53,false,false,near_mint,fr,EUR
Le commencement,binder,Phyrexian Marauder,VIS,Visions,151,normal,rare,1,38022,29a75dc8-1c24-4063-8944-d7e71b4a5755,1.37,false,false,near_mint,fr,EUR
Le commencement,binder,Dragon Mask,VIS,Visions,144,normal,uncommon,2,38029,f098e329-adc8-42dd-b779-d00d9ccc3dbd,0.23,false,false,near_mint,fr,EUR
Le commencement,binder,Grinning Totem,MIR,Mirage,303,normal,rare,1,38287,f3558ddf-2bc6-4870-bd24-2467d870ffe5,0.6,false,false,near_mint,fr,EUR
Le commencement,binder,Juggernaut,2ED,Unlimited Edition,256,normal,uncommon,1,42273,0cde95ea-ad1a-4acb-a8bd-5457f119aeb7,11.34,false,false,near_mint,fr,EUR
Le commencement,binder,Ersatz Gnomes,MIR,Mirage,301,normal,uncommon,2,38289,5a2747ab-00c8-4f59-b9a6-54ff4e99f6c8,0.09,false,false,near_mint,fr,EUR
Le commencement,binder,Magma Mine,VIS,Visions,149,normal,uncommon,4,38024,1aecc3df-7ce6-419c-b3d6-60fc28bfe941,0.16,false,false,near_mint,fr,EUR
Le commencement,binder,Phyrexian Vault,MIR,Mirage,316,normal,uncommon,2,38274,0966a4e7-bf0f-4880-a4ba-8641fb7e4519,0.18,false,false,near_mint,fr,EUR
Le commencement,binder,Sisay's Ring,VIS,Visions,154,normal,common,1,38019,a08becd3-ca5e-4150-8d28-52436a3eaffd,0.3,false,false,near_mint,fr,EUR
Le commencement,binder,Fountain of Youth,CHR,Chronicles,98,normal,common,4,39328,813df533-934f-416d-b99b-4951431a8e1d,0.27,false,false,near_mint,fr,EUR
Le commencement,binder,Tin-Wing Chimera,VIS,Visions,157,normal,uncommon,1,38016,3375dcc6-9399-48eb-9aa4-7b40c3686cc5,0.23,false,false,near_mint,fr,EUR
Le commencement,binder,Teeka's Dragon,MIR,Mirage,320,normal,rare,1,38270,57e8971d-baeb-4e4f-8c4d-0e8109e4505e,2.67,false,false,near_mint,fr,EUR
Le commencement,binder,Obsianus Golem,6ED,Classic Sixth Edition,303,normal,uncommon,1,35075,96123be9-c1df-418f-b2b3-98746a0f1692,0.1,false,false,near_mint,fr,EUR
Le commencement,binder,Lead-Belly Chimera,VIS,Visions,148,normal,uncommon,2,38025,5d89b377-80d2-42a0-b84e-a455a72ed9fe,0.21,false,false,near_mint,fr,EUR
Le commencement,binder,Brass-Talon Chimera,VIS,Visions,142,normal,uncommon,3,38031,200c9655-e51c-4b63-96cf-7f3fba3ec75c,0.27,false,false,near_mint,fr,EUR
Le commencement,binder,Iron-Heart Chimera,VIS,Visions,146,normal,uncommon,3,38027,5899a575-a97d-4850-b55c-22ad6900ba20,0.19,false,false,near_mint,fr,EUR
Le commencement,binder,Moss Diamond,MIR,Mirage,312,normal,uncommon,1,38278,87cea56a-b64f-452a-8e4b-40363aabb452,0.38,false,false,near_mint,fr,EUR
Le commencement,binder,Charcoal Diamond,MIR,Mirage,296,normal,uncommon,1,38294,2a81b3f1-babc-4bd7-8b87-754c8389ae85,0.62,false,false,near_mint,fr,EUR
Le commencement,binder,Sky Diamond,MIR,Mirage,319,normal,uncommon,1,38271,8959aef9-77bb-45a3-939e-324bd59aec89,0.7,false,false,near_mint,fr,EUR
Le commencement,binder,Fire Diamond,MIR,Mirage,302,normal,uncommon,1,38288,bcca5bbe-df01-45ea-a6ac-4e3d1cf237c8,0.93,false,false,near_mint,fr,EUR
Le commencement,binder,Marble Diamond,MIR,Mirage,310,normal,uncommon,1,38280,4731eb16-3088-4d4d-80a4-7e39d00c1a87,0.38,false,false,near_mint,fr,EUR
Le commencement,binder,Urza's Tower,5ED,Fifth Edition,429,normal,common,1,37577,9bb66579-0840-4ec3-aa6a-731874662dbb,0.41,false,false,near_mint,fr,EUR
Le commencement,binder,Urza's Mine,CHR,Chronicles,114d,normal,uncommon,1,39309,e4e89152-99a3-45cf-a61a-5635568a0401,0.54,false,false,near_mint,fr,EUR
Le commencement,binder,Urza's Power Plant,CHR,Chronicles,115c,normal,uncommon,1,39306,e01bf216-3e4c-4373-8021-26a7110b5421,0.66,false,false,near_mint,fr,EUR
Le commencement,binder,Urza's Tower,CHR,Chronicles,116b,normal,uncommon,1,39303,e2424487-fffb-4af6-8f0f-b99ebf6360d6,0.44,false,false,near_mint,fr,EUR
Le commencement,binder,Glasses of Urza,6ED,Classic Sixth Edition,287,normal,uncommon,1,35090,abc743ec-4845-4e2e-8918-7e7854ecccfc,0.59,false,false,near_mint,fr,EUR
Le commencement,binder,Urza's Mine,CHR,Chronicles,114b,normal,uncommon,1,39311,897a79db-ec7a-450c-98ec-53337c564baa,0.63,false,false,near_mint,fr,EUR
Le commencement,binder,Urza's Power Plant,CHR,Chronicles,115a,normal,uncommon,1,39308,df2a9344-38b5-4def-bb6e-87d837e6da54,0.69,false,false,near_mint,fr,EUR
Le commencement,binder,Urza's Power Plant,CHR,Chronicles,115d,normal,uncommon,1,39305,222dc48a-335d-48e2-ba3d-048ae4c5c925,0.52,false,false,near_mint,fr,EUR
Le commencement,binder,Urza's Power Plant,CHR,Chronicles,115b,normal,uncommon,1,39307,18074937-9ad1-4d96-b4c0-96af06cedac4,0.56,false,false,near_mint,fr,EUR
Le commencement,binder,Juggernaut,FBB,Foreign Black Border,259,normal,uncommon,2,52789,a58f5c75-9ee9-4cec-a0ec-8b41ec79647a,2.54,false,false,near_mint,fr,EUR
Le commencement,binder,Phyrexian Walker,VIS,Visions,152,normal,common,5,38021,9f8a3979-2947-4692-8b2f-d4c07c534777,1.65,false,false,near_mint,fr,EUR
Le commencement,binder,Urza's Tower,CHR,Chronicles,116c,normal,uncommon,2,39302,52263b78-9829-4778-b7a9-8c4a97d1c6df,0.67,false,false,near_mint,fr,EUR
Le commencement,binder,Urza's Mine,CHR,Chronicles,114c,normal,uncommon,2,39310,21079a99-690a-459a-b803-19585d8cf5fb,0.54,false,false,near_mint,fr,EUR
Le commencement,binder,Dragon's Claw,9ED,Ninth Edition,296★,foil,uncommon,1,79403,773ff8d2-29e0-49b3-b45e-673886a03f88,1.62,false,false,near_mint,fr,EUR
Le commencement,binder,Wurm's Tooth,9ED,Ninth Edition,316,normal,uncommon,1,28047,ace337fe-900b-4582-9cbe-1b0473d2734c,0.04,false,false,near_mint,fr,EUR
Eternity,binder,Nesting Grounds,EOS,Edge of Eternities: Stellar Sights,31,normal,rare,1,106994,352b132b-7f97-46e3-8efd-238cb7f87b29,0.39,false,false,near_mint,fr,EUR
Eternity,binder,Mystifying Maze,EOS,Edge of Eternities: Stellar Sights,29,normal,rare,1,107389,2520c11e-5751-493e-bdae-defe2e05e448,0.44,false,false,near_mint,fr,EUR
Eternity,binder,Mutavault,EOS,Edge of Eternities: Stellar Sights,28,normal,mythic,1,106770,b13486fe-e5c7-47bf-abe7-d252fd4db459,4.99,false,false,near_mint,fr,EUR
Eternity,binder,Meteor Crater,EOS,Edge of Eternities: Stellar Sights,26,normal,rare,1,107546,cc67cb3d-76ae-4394-9f45-41865b12edf5,0.71,false,false,near_mint,fr,EUR
Eternity,binder,Lumbering Falls,EOS,Edge of Eternities: Stellar Sights,24,normal,rare,1,107557,d75fb845-e000-4f5d-9546-1fd610726aa2,0.25,false,false,near_mint,fr,EUR
Eternity,binder,Stirring Wildwood,EOS,Edge of Eternities: Stellar Sights,39,normal,rare,1,107463,75ea63a8-3046-4578-a190-72efa34f8d88,0.31,false,false,near_mint,fr,EUR
Eternity,binder,Shambling Vent,EOS,Edge of Eternities: Stellar Sights,38,normal,rare,1,107469,7f39bc7a-129e-4d52-8024-396c06906a45,0.41,false,false,near_mint,fr,EUR
Eternity,binder,Bonders' Enclave,EOS,Edge of Eternities: Stellar Sights,4,normal,rare,1,107222,02a16e1e-1ea8-49af-9cde-2166134f7bdc,0.5,false,false,near_mint,fr,EUR
Eternity,binder,Blinkmoth Nexus,EOS,Edge of Eternities: Stellar Sights,3,normal,rare,1,107059,765fad0a-50fe-4e19-87a1-c3ec70937f61,1.12,false,false,near_mint,fr,EUR
Eternity,binder,Hissing Quagmire,EOS,Edge of Eternities: Stellar Sights,19,normal,rare,1,107561,d9bb686f-d66d-4de3-9497-a7d23d5c87b7,0.42,false,false,near_mint,fr,EUR
Eternity,binder,Needle Spires,EOS,Edge of Eternities: Stellar Sights,30,normal,rare,1,107365,08fb8639-a0bb-4ad7-86b0-46116a078556,0.34,false,false,near_mint,fr,EUR
Eternity,binder,High Market,EOS,Edge of Eternities: Stellar Sights,18,normal,rare,1,106974,229c383b-305b-44b1-ba0f-fbe95bbd633f,1.55,false,false,near_mint,fr,EUR
Eternity,binder,Endless Sands,EOS,Edge of Eternities: Stellar Sights,15,normal,rare,1,106949,0d79548c-bcef-46b5-929c-efbaf72cb29e,0.39,false,false,near_mint,fr,EUR
Eternity,binder,Crystal Quarry,EOS,Edge of Eternities: Stellar Sights,10,normal,rare,1,107531,be6c67b2-4142-4bb4-a707-6dba787f811e,0.57,false,false,near_mint,fr,EUR
Eternity,binder,Thespian's Stage,EOS,Edge of Eternities: Stellar Sights,44,normal,rare,1,107183,dc03cbbf-6157-48ee-9687-c91513a95f18,0.69,false,false,near_mint,fr,EUR
Eternity,binder,Raging Ravine,EOS,Edge of Eternities: Stellar Sights,35,normal,rare,1,107574,ed878350-ebc3-419b-9dd9-384e44906569,0.29,false,false,near_mint,fr,EUR
Eternity,binder,Cathedral of War,EOS,Edge of Eternities: Stellar Sights,6,normal,rare,1,107556,d6ca2f32-dd29-4fd5-9d36-253209230ebd,0.47,false,false,near_mint,fr,EUR
Eternity,binder,Creeping Tar Pit,EOS,Edge of Eternities: Stellar Sights,9,normal,rare,1,107508,a2184faf-6fa0-4d3c-b811-814beffe4320,0.5,false,false,near_mint,fr,EUR
Eternity,binder,Contested War Zone,EOS,Edge of Eternities: Stellar Sights,8,normal,rare,1,106963,1617ef81-5815-47e1-9532-2af791bbd5b3,0.31,false,false,near_mint,fr,EUR
Eternity,binder,Celestial Colonnade,EOS,Edge of Eternities: Stellar Sights,7,normal,rare,1,107162,ca60d7c8-4ceb-46c8-85be-30ba5879b130,0.49,false,false,near_mint,fr,EUR
Spiderman,binder,"Jackal, Genius Geneticist",SPM,Marvel's Spider-Man,131,normal,rare,1,108659,c0ab07d6-b7c3-4129-9aef-cfdcfabec4b2,0.28,false,false,near_mint,fr,EUR
Spiderman,binder,"Ezekiel Sims, Spider-Totem",SPM,Marvel's Spider-Man,100,normal,uncommon,1,108571,bb7c3ae2-6b01-4472-8bd1-9a7456401ddc,0.06,false,false,near_mint,fr,EUR
Spiderman,binder,Impostor Syndrome,SPM,Marvel's Spider-Man,34,normal,mythic,1,108479,08da9f92-0e25-4f39-aaa4-d8974af81a41,4.81,false,false,near_mint,fr,EUR
Le commencement,binder,Dawnfeather Eagle,AER,Aether Revolt,14,normal,common,1,6400,f7113ddc-cb3c-46da-a6c7-2567bd0affa9,0.08,false,false,near_mint,fr,EUR
Le commencement,binder,Lifecraft Awakening,AER,Aether Revolt,112,normal,uncommon,1,6302,63bc60c8-f0a3-4bbf-b570-7d98d0a3e2b0,0.04,false,false,near_mint,fr,EUR
Le commencement,binder,Quicksmith Spy,AER,Aether Revolt,41,normal,rare,1,6373,0f922e87-1744-4966-9e3a-54917f7f3d9e,0.1,false,false,near_mint,fr,EUR
Le commencement,binder,Tezzeret the Schemer Emblem,TAER,Aether Revolt Tokens,4,normal,common,1,6216,5f136537-1ebe-4018-b406-44ef32ceef04,0.07,false,false,near_mint,fr,EUR
Le commencement,binder,Barricade Breaker,AER,Aether Revolt,144,normal,uncommon,1,6270,7cc81a94-955d-4734-b056-9b9a86cae60b,0.11,false,false,near_mint,fr,EUR
Le commencement,binder,Thopter Arrest,AER,Aether Revolt,25,normal,uncommon,1,6389,a4e738cb-e4ea-41c2-99a1-55b6167eccb0,0.09,false,false,near_mint,fr,EUR
Le commencement,binder,"Kari Zev, Skyship Raider",AER,Aether Revolt,87,normal,rare,1,6327,72495879-39ce-449d-ad2f-ef32ea46f3aa,0.29,false,false,near_mint,fr,EUR
Le commencement,binder,Island,KLD,Kaladesh,255,normal,common,1,7388,197080a9-ebb5-4a8b-81f8-0368c5bba35a,0.07,false,false,near_mint,fr,EUR
Le commencement,binder,Destructive Tampering,AER,Aether Revolt,78,normal,common,1,6336,00154b70-57d2-4c32-860f-1c36fc49b10c,0.06,false,false,near_mint,fr,EUR
Le commencement,binder,Bastion Inventor,AER,Aether Revolt,30,normal,common,1,6384,856f804d-0213-4b86-bc6a-6a0a1147c4f9,0.06,false,false,near_mint,fr,EUR
Le commencement,binder,Take into Custody,AER,Aether Revolt,47,normal,common,1,6367,b412718a-7bc7-4b16-af60-1b955c820b0f,0.04,false,false,near_mint,fr,EUR
Le commencement,binder,Implement of Malice,AER,Aether Revolt,159,normal,common,1,6255,2e45ca82-e387-4df0-890d-d53a7d0dadf7,0.06,false,false,near_mint,fr,EUR
Le commencement,binder,Decommission,AER,Aether Revolt,16,normal,common,1,6398,1cca66e9-be21-4fc7-8951-cd99e9b213dc,0.05,false,false,near_mint,fr,EUR
Le commencement,binder,Servo Schematic,AER,Aether Revolt,176,normal,uncommon,1,6238,af2299e0-d31f-4ec4-9497-16e494ee21e6,0.2,false,false,near_mint,fr,EUR
Le commencement,binder,Foundry Hornet,AER,Aether Revolt,59,normal,uncommon,1,6355,f6dc7865-16ed-4d12-bdb4-d40fbdd48a23,0.12,false,false,near_mint,fr,EUR
Le commencement,binder,Oath of Ajani,AER,Aether Revolt,131,normal,rare,1,6283,968c7d5a-b037-4ff7-b6d2-df00adf5691b,0.52,false,false,near_mint,fr,EUR
Le commencement,binder,Island,KLD,Kaladesh,253,normal,common,1,7390,8ca139d8-08a1-45d4-be9d-2ee5c9b3de43,0.03,false,false,near_mint,fr,EUR
Le commencement,binder,Gremlin,TAER,Aether Revolt Tokens,1,normal,common,1,6219,c6071fed-39c1-4f3b-a821-1611aedd8054,0.06,false,false,near_mint,fr,EUR
Le commencement,binder,Aether Poisoner,AER,Aether Revolt,51,normal,common,1,6363,c9b217f1-1621-40d1-8a98-24c1f7cba800,0.06,false,false,near_mint,fr,EUR
Le commencement,binder,Augmenting Automaton,AER,Aether Revolt,143,normal,common,1,6271,7d017798-8278-4f9c-a691-912935c10c20,0.02,false,false,near_mint,fr,EUR
Le commencement,binder,Conviction,AER,Aether Revolt,12,normal,common,1,6402,4f805e97-c28b-4780-b204-74514c0c47d2,0.06,false,false,near_mint,fr,EUR
Le commencement,binder,Highspire Infusion,AER,Aether Revolt,111,normal,common,1,6303,08325c39-0eeb-4bd0-9adc-2892c1c6637e,0.07,false,false,near_mint,fr,EUR
Le commencement,binder,Ironclad Revolutionary,AER,Aether Revolt,65,normal,uncommon,1,6349,43a5535b-b1d1-4648-aa72-4f64e9fcd95d,0.03,false,false,near_mint,fr,EUR
Le commencement,binder,Inspiring Statuary,AER,Aether Revolt,160,normal,rare,1,6254,40e2564f-0066-41e0-a767-13ef33a17024,0.43,false,false,near_mint,fr,EUR
Le commencement,binder,Island,KLD,Kaladesh,254,normal,common,1,7389,086d6aed-1f7e-4a80-8d66-01d995f344ed,0.02,false,false,near_mint,fr,EUR
Le commencement,binder,Alley Strangler,AER,Aether Revolt,52,normal,common,1,6362,a131d558-5f6b-448b-a378-1882e2d02bd2,0.02,false,false,near_mint,fr,EUR
Le commencement,binder,Siege Modification,AER,Aether Revolt,99,normal,uncommon,1,6315,e1a4e33f-53f0-4919-98a1-c832dcd32efb,0.06,false,false,near_mint,fr,EUR
Le commencement,binder,Gonti's Machinations,AER,Aether Revolt,63,normal,uncommon,1,6351,6c97f5a9-6e04-45c3-aa8d-dcf0fd81d5b9,0.32,false,false,near_mint,fr,EUR
Le commencement,binder,Daring Demolition,AER,Aether Revolt,55,foil,common,1,6359,a6378898-50b7-47c9-8c25-dc660606be9f,0.19,false,false,near_mint,fr,EUR
Le commencement,binder,Negate,AER,Aether Revolt,40,normal,common,1,6374,cb142515-0856-441d-84d4-9c9d450a86e9,0.1,false,false,near_mint,fr,EUR
Le commencement,binder,Unbridled Growth,AER,Aether Revolt,126,normal,common,1,6288,393fc419-a6ce-447d-9994-744cf41f9a27,0.11,false,false,near_mint,fr,EUR
Le commencement,binder,Hidden Stockpile,AER,Aether Revolt,129,normal,uncommon,1,6285,8d2176a5-66f8-4a21-bbe2-969c82ca36bd,0.19,false,false,near_mint,fr,EUR
Le commencement,binder,Felidar Guardian,AER,Aether Revolt,19,normal,uncommon,1,6395,44bdbed8-5d21-4bf5-8a32-9623b1139c85,1.27,false,false,near_mint,fr,EUR
Le commencement,binder,Disallow,AER,Aether Revolt,31,normal,rare,1,6383,25f05814-a5a5-460f-9d29-0ab03efecf4c,1.15,false,false,near_mint,fr,EUR
Le commencement,binder,Mountain,KLD,Kaladesh,260,normal,common,1,7383,d72d883e-d194-4154-a96c-35e601c5f797,0.03,false,false,near_mint,fr,EUR
Le commencement,binder,Frontline Rebel,AER,Aether Revolt,82,normal,common,1,6332,b742738a-2663-474d-b75a-28f1f67dc335,0.02,false,false,near_mint,fr,EUR
Le commencement,binder,Watchful Automaton,AER,Aether Revolt,182,normal,common,1,6232,138b5fde-417d-4860-aca9-eae7f78b5768,0.02,false,false,near_mint,fr,EUR
Le commencement,binder,Ice Over,AER,Aether Revolt,35,normal,common,1,6379,c01d2835-060c-4ac3-b586-84811878a64d,0.05,false,false,near_mint,fr,EUR
Le commencement,binder,Aetherstream Leopard,AER,Aether Revolt,103,normal,common,1,6311,6f3a727a-5eca-44de-aa8f-0d2573db83eb,0.1,false,false,near_mint,fr,EUR
Le commencement,binder,Lifecraft Cavalry,AER,Aether Revolt,113,normal,common,1,6301,b2a92a03-4e1d-4b79-ad75-a29db2ea5495,0.03,false,false,near_mint,fr,EUR
Le commencement,binder,Ravenous Intruder,AER,Aether Revolt,94,normal,uncommon,1,6320,cd793778-f099-4b8e-af19-fc0ec4292824,0.1,false,false,near_mint,fr,EUR
Le commencement,binder,Maverick Thopterist,AER,Aether Revolt,130,normal,uncommon,1,6284,cad17d67-538e-4c60-a582-a394032a5112,0.1,false,false,near_mint,fr,EUR
Le commencement,binder,Battle at the Bridge,AER,Aether Revolt,53,foil,rare,1,6361,74d8b644-4cca-451e-a46c-5237c13bf373,0.37,false,false,near_mint,fr,EUR
Le commencement,binder,Servo,TKLD,Kaladesh Tokens,5,normal,common,1,7651,d79e2bf1-d26d-4be3-a5ad-a43346ed445a,0.09,false,false,near_mint,fr,EUR
Le commencement,binder,Conviction,PLST,The List,AER-12,normal,common,1,49293,71a505f9-3717-470d-bac5-e935d7f59b2b,0.13,false,false,near_mint,fr,EUR
Le commencement,binder,Winding Constrictor,AER,Aether Revolt,140,normal,uncommon,1,6274,107c8aa8-c8f8-4cbf-821b-bd2cb33354f0,0.25,false,false,near_mint,fr,EUR
Le commencement,binder,Monstrous Onslaught,AER,Aether Revolt,116,normal,uncommon,1,6298,2aebf95d-a231-402a-8888-9c50889a9556,0.13,false,false,near_mint,fr,EUR
Le commencement,binder,"Sram, Senior Edificer",AER,Aether Revolt,23,normal,rare,1,6391,1b323e2c-59dd-4d70-9a48-b10f807bb818,1.1,false,false,near_mint,fr,EUR
Le commencement,binder,Fen Hauler,AER,Aether Revolt,58,normal,common,1,6356,b5ef4616-e3c2-4448-83b1-f7d439705eaf,0.03,false,false,near_mint,fr,EUR
Le commencement,binder,Aether Chaser,AER,Aether Revolt,76,normal,common,1,6338,290cde84-d97a-4737-aff2-c443a4e43f7d,0.1,false,false,near_mint,fr,EUR
Le commencement,binder,Daredevil Dragster,AER,Aether Revolt,149,normal,uncommon,1,6265,19bbbc98-0806-4226-8fd1-16b812334cee,0.05,false,false,near_mint,fr,EUR
Le commencement,binder,Narnam Renegade,AER,Aether Revolt,117,normal,uncommon,1,6297,041cc6b1-61c8-4c34-86fc-d647ce306f59,0.32,false,false,near_mint,fr,EUR
Le commencement,binder,Aethergeode Miner,M3C,Modern Horizons 3 Commander,163,normal,rare,1,94818,d95db4ba-449f-416d-96cf-a07ec7dbc647,0.2,false,false,near_mint,fr,EUR
Le commencement,binder,Mountain,KLD,Kaladesh,261,normal,common,1,7382,56b65f77-85c1-49cd-bb2e-70e5225ace9a,0.04,false,false,near_mint,fr,EUR
Le commencement,binder,Cruel Finality,AER,Aether Revolt,54,normal,common,1,6360,5c22e911-cf40-4ed8-b075-186f2b1393db,0.02,false,false,near_mint,fr,EUR
Le commencement,binder,Consulate Turret,AER,Aether Revolt,147,normal,common,1,6267,e0c55b5b-58fd-4340-b089-8e271633e8dd,0.11,false,false,near_mint,fr,EUR
Le commencement,binder,Implement of Ferocity,AER,Aether Revolt,157,normal,common,1,6257,bcdee084-0d1a-486a-8361-680d394a5e23,0.18,false,false,near_mint,fr,EUR
Le commencement,binder,Rogue Refiner,DRC,Aetherdrift Commander,118,normal,uncommon,1,103032,4d2f716f-97b3-49dd-b52c-0030d20b1c7f,0.1,false,false,near_mint,fr,EUR
Le commencement,binder,Trophy Mage,DDU,Duel Decks: Elves vs. Inventors,42,normal,uncommon,1,2425,5252794a-5cbe-45e3-b5c1-b27c667e9c17,0.59,false,false,near_mint,fr,EUR
Le commencement,binder,Sram's Expertise,AER,Aether Revolt,24,normal,rare,1,6390,7c6d47b0-4c19-4c19-9e21-54cd87a5e34d,0.39,false,false,near_mint,fr,EUR
Le commencement,binder,Servo,TKLD,Kaladesh Tokens,6,normal,common,1,7650,e1980809-4c81-4080-92cd-31776962a4e1,0.08,false,false,near_mint,fr,EUR
Le commencement,binder,Servo,TC18,Commander 2018 Tokens,24,normal,common,1,512,6ec42fab-86b8-4479-90f2-a1690318d6d4,0.25,false,false,near_mint,fr,EUR
Le commencement,binder,Swamp,KLD,Kaladesh,256,normal,common,3,7387,4760cdcc-e973-439c-a74a-5cb73b4fa22f,0.05,false,false,near_mint,fr,EUR
Le commencement,binder,Shipwreck Moray,AER,Aether Revolt,45,normal,common,2,6369,284c6de3-4e09-40d9-afdb-89ff08e1844b,0.05,false,false,near_mint,fr,EUR
Le commencement,binder,Prizefighter Construct,AER,Aether Revolt,172,normal,common,3,6242,8e389c92-b54b-46b3-a7ab-b8a5a2a7d380,0.05,false,false,near_mint,fr,EUR
Le commencement,binder,Lathnu Sailback,AER,Aether Revolt,89,normal,common,3,6325,33998799-f31b-4522-93b2-0c34c570ebf7,0.02,false,false,near_mint,fr,EUR
Le commencement,binder,Defiant Salvager,AER,Aether Revolt,56,normal,common,2,6358,0afbfb2c-3f1a-4ef9-9f61-6ca51af853d8,0.02,false,false,near_mint,fr,EUR
Le commencement,binder,Hinterland Drake,AER,Aether Revolt,34,normal,common,3,6380,418448d0-3e8d-4581-b598-696165775d23,0.02,false,false,near_mint,fr,EUR
Le commencement,binder,Night Market Guard,BBD,Battlebond,242,normal,common,2,1751,2098bb0f-6ab5-407c-93f7-fee3b385926e,0.05,false,false,near_mint,fr,EUR
Le commencement,binder,Verdant Automaton,AER,Aether Revolt,180,normal,common,2,6234,52c66c5a-0b1b-4936-9e07-2d169f16c1a6,0.04,false,false,near_mint,fr,EUR
Le commencement,binder,Druid of the Cowl,AER,Aether Revolt,106,normal,common,3,6308,a683f79b-0330-4fac-8279-6c0d888414b8,0.16,false,false,near_mint,fr,EUR
Le commencement,binder,Untethered Express,AER,Aether Revolt,179,normal,uncommon,3,6235,dba729d8-fd5e-4183-806a-0997f443a58f,0.21,false,false,near_mint,fr,EUR
Le commencement,binder,Efficient Construction,AER,Aether Revolt,33,normal,uncommon,3,6381,abfbe1d5-beb7-49b8-a504-f1cc47ee4731,0.41,false,false,near_mint,fr,EUR
Le commencement,binder,Chandra's Revolution,AER,Aether Revolt,77,normal,common,3,6337,2fcee99c-72a0-4db1-b4c9-65c878284450,0.13,false,false,near_mint,fr,EUR
Le commencement,binder,Implement of Improvement,AER,Aether Revolt,158,normal,common,2,6256,2cb8eb0c-d7fa-4229-ae65-1890c77b2c7c,0.09,false,false,near_mint,fr,EUR
Le commencement,binder,Silkweaver Elite,AER,Aether Revolt,125,normal,common,3,6289,d10938c8-6fc4-495f-912a-1d3f12278f78,0.08,false,false,near_mint,fr,EUR
Le commencement,binder,Aether Inspector,AER,Aether Revolt,3,normal,common,2,6411,f5dcbe97-d582-464e-98e7-dd06d8652606,0.09,false,false,near_mint,fr,EUR
Le commencement,binder,Reservoir Walker,AER,Aether Revolt,174,normal,common,2,6240,8afe3be3-b0bc-4617-b4de-f60d14f1b91d,0.02,false,false,near_mint,fr,EUR
Le commencement,binder,Scrounging Bandar,AER,Aether Revolt,124,normal,common,2,6290,761a11a7-175d-440d-b09d-918572c8e5d3,0.09,false,false,near_mint,fr,EUR
Le commencement,binder,Implement of Combustion,AER,Aether Revolt,155,normal,common,3,6259,15b1c8da-604a-42f0-8658-82580700dd31,0.23,false,false,near_mint,fr,EUR
Le commencement,binder,Dispersal Technician,AER,Aether Revolt,32,normal,common,3,6382,5d93a915-ffea-4f50-88ac-2b3253f7dfdf,0.03,false,false,near_mint,fr,EUR
Le commencement,binder,Fourth Bridge Prowler,AER,Aether Revolt,60,normal,common,3,6354,73aaaa09-c985-42f8-b426-06fd3b8de66d,0.22,false,false,near_mint,fr,EUR
Le commencement,binder,Aether Swooper,AER,Aether Revolt,26,normal,common,2,6388,8c34dbe3-3a66-40b3-a5c2-c2d6acb47773,0.11,false,false,near_mint,fr,EUR
Le commencement,binder,Sweatworks Brawler,AER,Aether Revolt,100,normal,common,4,6314,b477d12a-9ba5-4302-a3f0-af0afb5d87f4,0.02,false,false,near_mint,fr,EUR
Le commencement,binder,Ghirapur Osprey,AER,Aether Revolt,20,normal,common,3,6394,2186f382-2d68-4191-b490-a072f49eaabf,0.05,false,false,near_mint,fr,EUR
Le commencement,binder,Etherium Cell,TAER,Aether Revolt Tokens,3,normal,common,2,6217,9616ca53-ea6a-4fc1-8e01-94e0fb47e5ed,0.04,false,false,near_mint,fr,EUR
Le commencement,binder,Alley Evasion,AER,Aether Revolt,6,normal,common,3,6408,bc10173d-25ff-4734-b8f2-84f94fe52b17,0.06,false,false,near_mint,fr,EUR
Le commencement,binder,Peacewalker Colossus,AER,Aether Revolt,170,normal,rare,2,6244,1599b545-6b8e-4350-980a-59349374400d,0.16,false,false,near_mint,fr,EUR
Le commencement,binder,Servo,TKLD,Kaladesh Tokens,4,normal,common,3,7652,60842b1a-6ae7-4b3b-a23f-0d94a3d89884,0.16,false,false,near_mint,fr,EUR
Le commencement,binder,Natural Obsolescence,AER,Aether Revolt,118,normal,common,2,6296,ff693e03-4cc6-4903-8fc4-388d23c2f92f,0.1,false,false,near_mint,fr,EUR
Le commencement,binder,Audacious Infiltrator,AER,Aether Revolt,7,normal,common,2,6407,36a348bb-cdc5-4e2a-933f-21f91faab891,0.03,false,false,near_mint,fr,EUR
Le commencement,binder,Salvage Scuttler,AER,Aether Revolt,43,normal,uncommon,2,6371,480be626-cf37-410d-a9c7-e5464345085f,0.02,false,false,near_mint,fr,EUR
Le commencement,binder,Swamp,KLD,Kaladesh,258,normal,common,2,7385,364ee0ec-4970-4a30-bf5b-b045a6122860,0.04,false,false,near_mint,fr,EUR
Innistrad Chasse de Minuit,binder,Plains,MID,Innistrad: Midnight Hunt,269,normal,common,4,63258,5acefadb-8b2f-4319-a5e9-1e8fd9ef3086,0.2,false,false,near_mint,fr,EUR
Innistrad Chasse de Minuit,binder,Plains,MID,Innistrad: Midnight Hunt,268,normal,common,5,63296,6ed1902d-0b09-4bbe-9059-a0779450ee05,0.2,false,false,near_mint,fr,EUR
Innistrad Chasse de Minuit,binder,Vanquish the Horde,MID,Innistrad: Midnight Hunt,41,normal,rare,1,63474,e264615c-eb99-4cb3-844a-2b4a94ba5203,1.01,false,false,near_mint,fr,EUR
Innistrad Chasse de Minuit,binder,Unruly Mob,MID,Innistrad: Midnight Hunt,40,normal,common,5,63266,5f48622a-abf3-407f-921f-77c29d59ba8e,0.03,false,false,near_mint,fr,EUR
Innistrad Chasse de Minuit,binder,Thraben Exorcism,MID,Innistrad: Midnight Hunt,39,normal,common,4,63372,a0700298-30d2-45a6-bd64-4fd7fa4d7d30,0.02,false,false,near_mint,fr,EUR
Innistrad Chasse de Minuit,binder,Sunset Revelry,MID,Innistrad: Midnight Hunt,38,normal,uncommon,2,63272,61b39ef1-29d4-4c8d-aece-a3f1ce008e2d,0.11,false,false,near_mint,fr,EUR
Innistrad Chasse de Minuit,binder,Sungold Sentinel,MID,Innistrad: Midnight Hunt,37,foil,rare,1,63484,e7e1afd0-49d4-4657-ab75-98b0bfbfb245,0.28,false,false,near_mint,fr,EUR
Innistrad Chasse de Minuit,binder,Sungold Sentinel,MID,Innistrad: Midnight Hunt,37,normal,rare,1,63484,e7e1afd0-49d4-4657-ab75-98b0bfbfb245,0.1,false,false,near_mint,fr,EUR
Innistrad Chasse de Minuit,binder,Candlegrove Witch,MID,Innistrad: Midnight Hunt,8,normal,common,3,63467,dedfe6ea-cd43-4ec4-83a1-1f0f74e27f56,0.03,false,false,near_mint,fr,EUR
Innistrad Chasse de Minuit,binder,Sungold Barrage,MID,Innistrad: Midnight Hunt,36,foil,common,1,63496,ee507688-9890-47c4-bb04-43c51eb48e22,0.07,false,false,near_mint,fr,EUR
Innistrad Chasse de Minuit,binder,Sungold Barrage,MID,Innistrad: Midnight Hunt,36,normal,common,3,63496,ee507688-9890-47c4-bb04-43c51eb48e22,0.04,false,false,near_mint,fr,EUR
Innistrad Chasse de Minuit,binder,Soul-Guide Gryff,MID,Innistrad: Midnight Hunt,35,normal,common,4,63419,be1031bb-af9f-4446-8b36-b0bb9aa5997a,0.03,false,false,near_mint,fr,EUR
Innistrad Chasse de Minuit,binder,Sigardian Savior,MID,Innistrad: Midnight Hunt,34,normal,mythic,2,63396,b1a2b41a-34b0-428e-80ec-3ffd601093a2,0.38,false,false,near_mint,fr,EUR
Innistrad Chasse de Minuit,binder,Sigarda's Splendor,MID,Innistrad: Midnight Hunt,33,normal,rare,2,63414,bb22626d-84ef-40d1-a4f2-771b45198eaa,0.39,false,false,near_mint,fr,EUR
Innistrad Chasse de Minuit,binder,Search Party Captain,MID,Innistrad: Midnight Hunt,32,normal,common,5,63439,cb9006c1-2e6f-4bca-a1c4-3cf2a8b6e964,0.09,false,false,near_mint,fr,EUR
Innistrad Chasse de Minuit,binder,Ritual of Hope,MID,Innistrad: Midnight Hunt,31,normal,uncommon,2,63456,d8293903-4604-4516-866e-27a306b6fd7c,0.02,false,false,near_mint,fr,EUR
Innistrad Chasse de Minuit,binder,Ritual Guardian,MID,Innistrad: Midnight Hunt,30,normal,common,5,63499,f077f07e-4660-4483-b6ea-16cca0956892,0.02,false,false,near_mint,fr,EUR
Innistrad Chasse de Minuit,binder,Odric's Outrider,MID,Innistrad: Midnight Hunt,29,normal,uncommon,2,63344,9016f837-cc19-43f1-adb9-96bdd3195407,0.08,false,false,near_mint,fr,EUR
Innistrad Chasse de Minuit,binder,Mourning Patrol // Morning Apparition,MID,Innistrad: Midnight Hunt,28,normal,common,5,63185,2d3687e2-09e0-4753-aa02-88a19bde3330,0.03,false,false,near_mint,fr,EUR
Innistrad Chasse de Minuit,binder,Lunarch Veteran // Luminous Phantom,MID,Innistrad: Midnight Hunt,27,normal,common,4,63444,d2704743-2e23-40b9-a367-c73d2db45afc,0.21,false,false,near_mint,fr,EUR
Innistrad Chasse de Minuit,binder,Loyal Gryff,MID,Innistrad: Midnight Hunt,26,normal,uncommon,2,63403,b4d41ac4-3273-4722-aaa6-ceeba66cf591,0.1,false,false,near_mint,fr,EUR
Innistrad Chasse de Minuit,binder,Intrepid Adversary,MID,Innistrad: Midnight Hunt,25,normal,mythic,2,63309,773199f9-c83b-4a77-8342-9f1552ecf595,0.85,false,false,near_mint,fr,EUR
Innistrad Chasse de Minuit,binder,Homestead Courage,MID,Innistrad: Midnight Hunt,24,normal,common,4,63303,73a9c49f-fcd3-4572-bac7-6eb06fdc0815,0.23,false,false,near_mint,fr,EUR
Innistrad Chasse de Minuit,binder,Hedgewitch's Mask,MID,Innistrad: Midnight Hunt,23,normal,common,4,63354,97321072-1f7f-413b-9246-e6b3ec7a8c30,0.02,false,false,near_mint,fr,EUR
Innistrad Chasse de Minuit,binder,Gavony Trapper,MID,Innistrad: Midnight Hunt,22,normal,common,5,63256,5a1309ea-4411-4116-841f-5aef8611400c,0.05,false,false,near_mint,fr,EUR
Innistrad Chasse de Minuit,binder,Gavony Silversmith,MID,Innistrad: Midnight Hunt,21,normal,common,4,63184,2c53b007-96aa-4db6-8c3e-529d1e845b19,0.03,false,false,near_mint,fr,EUR
Innistrad Chasse de Minuit,binder,Gavony Dawnguard,MID,Innistrad: Midnight Hunt,20,normal,uncommon,2,63255,58891dae-1c59-4f53-82ec-5b4c47133182,0.04,false,false,near_mint,fr,EUR
Innistrad Chasse de Minuit,binder,Flare of Faith,MID,Innistrad: Midnight Hunt,19,normal,common,5,63162,1b4354c6-ea21-46c0-93c4-744dbacbfcf4,0.07,false,false,near_mint,fr,EUR
Innistrad Chasse de Minuit,binder,Fateful Absence,MID,Innistrad: Midnight Hunt,18,normal,rare,2,63491,eca8d6f8-c6f1-437c-99e2-4281eae14a6f,0.47,false,false,near_mint,fr,EUR
Innistrad Chasse de Minuit,binder,Enduring Angel // Angelic Enforcer,MID,Innistrad: Midnight Hunt,17,normal,mythic,1,63373,a204c2a3-a899-4b70-8825-7e085b655ed0,1.41,false,false,near_mint,fr,EUR
Innistrad Chasse de Minuit,binder,Duelcraft Trainer,MID,Innistrad: Midnight Hunt,16,normal,uncommon,3,63291,6b75855c-88dc-4491-8045-080debfeb7b5,0.05,false,false,near_mint,fr,EUR
Innistrad Chasse de Minuit,binder,Curse of Silence,MID,Innistrad: Midnight Hunt,15,normal,rare,3,63371,9e7819d5-12a9-4719-91b2-8dd1ba6f3800,0.3,false,false,near_mint,fr,EUR
Innistrad Chasse de Minuit,binder,Clarion Cathars,MID,Innistrad: Midnight Hunt,14,normal,common,5,63336,89f8ea28-7de1-4908-8e2d-b1aeff651015,0.05,false,false,near_mint,fr,EUR
Innistrad Chasse de Minuit,binder,Chaplain of Alms // Chapel Shieldgeist,MID,Innistrad: Midnight Hunt,13,normal,uncommon,2,63170,20e94e17-2e4c-41cd-8cc5-39ab41037287,0.21,false,false,near_mint,fr,EUR
Innistrad Chasse de Minuit,binder,Celestus Sanctifier,MID,Innistrad: Midnight Hunt,12,normal,common,4,63283,67547253-ab98-4d3a-bf95-3e109cf60a85,0.02,false,false,near_mint,fr,EUR
Innistrad Chasse de Minuit,binder,Cathar's Call,MID,Innistrad: Midnight Hunt,11,normal,uncommon,1,63145,10d044a9-0149-4302-86e5-90623e54e36b,0.04,false,false,near_mint,fr,EUR
Innistrad Chasse de Minuit,binder,Cathar Commando,MID,Innistrad: Midnight Hunt,10,normal,common,5,63360,98cbc1c2-b76e-4da3-aa43-00e10b2ce532,0.14,false,false,near_mint,fr,EUR
Innistrad Chasse de Minuit,binder,Candletrap,MID,Innistrad: Midnight Hunt,9,normal,common,4,63191,32869a36-f21e-4348-a787-871daa6151df,0.06,false,false,near_mint,fr,EUR
Innistrad Chasse de Minuit,binder,Candlegrove Witch,MID,Innistrad: Midnight Hunt,287,normal,common,1,63228,482c0eab-326b-41db-9be6-f98d15bbd0af,0.05,false,false,near_mint,fr,EUR
Innistrad Chasse de Minuit,binder,Candlegrove Witch,MID,Innistrad: Midnight Hunt,287,foil,common,1,63228,482c0eab-326b-41db-9be6-f98d15bbd0af,0.14,false,false,near_mint,fr,EUR
Innistrad Chasse de Minuit,binder,Brutal Cathar // Moonrage Brute,MID,Innistrad: Midnight Hunt,7,normal,rare,2,63139,0dbac7ce-a6fa-466e-b6ba-173cf2dec98e,0.52,false,false,near_mint,fr,EUR
Innistrad Chasse de Minuit,binder,Borrowed Time,MID,Innistrad: Midnight Hunt,6,normal,uncommon,1,63215,3eeef24b-b937-408e-a32e-1a546d3e7b0f,0.1,false,false,near_mint,fr,EUR
Innistrad Chasse de Minuit,binder,Blessed Defiance,MID,Innistrad: Midnight Hunt,5,normal,common,4,63152,1555cdcb-3471-4ee7-99c3-d05311bf433c,0.1,false,false,near_mint,fr,EUR
Innistrad Chasse de Minuit,binder,Blessed Defiance,MID,Innistrad: Midnight Hunt,5,foil,common,1,63152,1555cdcb-3471-4ee7-99c3-d05311bf433c,0.13,false,false,near_mint,fr,EUR
Innistrad Chasse de Minuit,binder,Bereaved Survivor // Dauntless Avenger,MID,Innistrad: Midnight Hunt,4,normal,uncommon,2,63230,4adee830-62fd-4ab4-b1c6-a8bbe15331d1,0.05,false,false,near_mint,fr,EUR
Innistrad Chasse de Minuit,binder,Beloved Beggar // Generous Soul,MID,Innistrad: Midnight Hunt,3,normal,uncommon,3,63271,6109b54e-56c5-4014-9f6d-d5f7a0fd725d,0.04,false,false,near_mint,fr,EUR
Innistrad Chasse de Minuit,binder,Ambitious Farmhand // Seasoned Cathar,MID,Innistrad: Midnight Hunt,2,normal,uncommon,2,63245,54d4e7c3-294d-4900-8b70-faafda17cc33,0.08,false,false,near_mint,fr,EUR
Innistrad Chasse de Minuit,binder,"Adeline, Resplendent Cathar",MID,Innistrad: Midnight Hunt,1,normal,rare,2,63154,18092f68-b96e-4084-9eba-b240d2195d81,2.44,false,false,near_mint,fr,EUR
Innistrad Chasse de Minuit,binder,Island,MID,Innistrad: Midnight Hunt,271,normal,common,5,63493,ed2cfa62-c972-4373-b405-a075697d009c,0.25,false,false,near_mint,fr,EUR
Innistrad Chasse de Minuit,binder,Island,MID,Innistrad: Midnight Hunt,270,normal,common,3,63341,8dc3bd34-4d12-4728-a53a-b5ae434d74b0,0.26,false,false,near_mint,fr,EUR
Innistrad Chasse de Minuit,binder,Triskaidekaphile,MID,Innistrad: Midnight Hunt,81,normal,rare,1,63282,6750e203-1215-4203-b5b8-3f1b18940839,0.59,false,false,near_mint,fr,EUR
Innistrad Chasse de Minuit,binder,Unblinking Observer,MID,Innistrad: Midnight Hunt,82,normal,common,4,63324,8148063c-a509-43ac-a291-c9410c30c2f2,0.05,false,false,near_mint,fr,EUR
Innistrad Chasse de Minuit,binder,Vivisection,MID,Innistrad: Midnight Hunt,83,normal,uncommon,2,63345,91be6a06-9c36-45a3-a591-183cb5c0f800,0.07,false,false,near_mint,fr,EUR
Innistrad Chasse de Minuit,binder,Suspicious Stowaway // Seafaring Werewolf,MID,Innistrad: Midnight Hunt,288,normal,rare,1,63311,783da534-738e-4507-821f-f30956045646,0.15,false,false,near_mint,fr,EUR
Innistrad Chasse de Minuit,binder,Suspicious Stowaway // Seafaring Werewolf,MID,Innistrad: Midnight Hunt,80,normal,rare,1,63387,ab17c8fa-4c06-4542-848a-e3f2f9f47c27,0.18,false,false,near_mint,fr,EUR
Innistrad Chasse de Minuit,binder,Stormrider Spirit,MID,Innistrad: Midnight Hunt,79,normal,common,5,63325,81a95edb-9f5b-4e42-8b27-0b3d978dcefe,0.02,false,false,near_mint,fr,EUR
Innistrad Chasse de Minuit,binder,Startle,MID,Innistrad: Midnight Hunt,78,normal,common,4,63195,35f68eb3-9b40-4967-a52e-f95aec6e3fbf,0.09,false,false,near_mint,fr,EUR
Innistrad Chasse de Minuit,binder,Spectral Adversary,MID,Innistrad: Midnight Hunt,77,normal,mythic,1,63317,7c67fe04-814f-4051-bd13-7c8ee40a6c08,0.7,false,false,near_mint,fr,EUR
Innistrad Chasse de Minuit,binder,Sludge Monster,MID,Innistrad: Midnight Hunt,76,normal,rare,1,63253,57fa9aa8-86d2-4f1e-ac65-ace7e73a853c,0.27,false,false,near_mint,fr,EUR
Innistrad Chasse de Minuit,binder,Skaab Wrangler,MID,Innistrad: Midnight Hunt,75,normal,uncommon,3,63356,9771d9e8-97d5-44af-8612-dc5c44d65ceb,0.02,false,false,near_mint,fr,EUR
Innistrad Chasse de Minuit,binder,Shipwreck Sifters,MID,Innistrad: Midnight Hunt,74,normal,common,4,63343,8f295833-a83e-4b18-8007-c7f5d78e5624,0.11,false,false,near_mint,fr,EUR
Innistrad Chasse de Minuit,binder,Secrets of the Key,MID,Innistrad: Midnight Hunt,73,normal,common,5,63364,9b022ba8-07b6-4993-99c8-89c6dcb19e60,0.12,false,false,near_mint,fr,EUR
Innistrad Chasse de Minuit,binder,Revenge of the Drowned,MID,Innistrad: Midnight Hunt,72,normal,common,4,63349,93be7d72-927a-40ce-8de4-04a3f21c134b,0.04,false,false,near_mint,fr,EUR
Innistrad Chasse de Minuit,binder,Poppet Stitcher // Poppet Factory,MID,Innistrad: Midnight Hunt,71,normal,mythic,1,63361,999038b3-7d64-4554-b341-0675d4af8d8b,3.07,false,false,near_mint,fr,EUR
Innistrad Chasse de Minuit,binder,Phantom Carriage,MID,Innistrad: Midnight Hunt,70,normal,uncommon,2,63156,1990ed41-3739-40f6-8797-359f88af05f9,0.03,false,false,near_mint,fr,EUR
Innistrad Chasse de Minuit,binder,Patrician Geist,MID,Innistrad: Midnight Hunt,69,normal,rare,2,63466,de2b0c63-c929-42ec-aada-dddb2a26550c,0.39,false,false,near_mint,fr,EUR
Innistrad Chasse de Minuit,binder,Overwhelmed Archivist // Archive Haunt,MID,Innistrad: Midnight Hunt,68,normal,uncommon,2,63329,832288fd-8031-4c2b-ad3e-b1ec9f94d379,0.02,false,false,near_mint,fr,EUR
Innistrad Chasse de Minuit,binder,Otherworldly Gaze,MID,Innistrad: Midnight Hunt,67,normal,common,2,63368,9cebee20-869e-45ed-9ddc-843faf4032ad,0.26,false,false,near_mint,fr,EUR
Innistrad Chasse de Minuit,binder,Otherworldly Gaze,MID,Innistrad: Midnight Hunt,67,foil,common,1,63368,9cebee20-869e-45ed-9ddc-843faf4032ad,0.86,false,false,near_mint,fr,EUR
Innistrad Chasse de Minuit,binder,Organ Hoarder,MID,Innistrad: Midnight Hunt,66,normal,common,5,63353,9716d384-88d1-415e-882f-7fed9be1adc6,0.06,false,false,near_mint,fr,EUR
Innistrad Chasse de Minuit,binder,Ominous Roost,MID,Innistrad: Midnight Hunt,65,normal,uncommon,1,63462,daf2b49a-56f9-4093-960f-9ec7af8983b5,0.07,false,false,near_mint,fr,EUR
Innistrad Chasse de Minuit,binder,Ominous Roost,MID,Innistrad: Midnight Hunt,65,foil,uncommon,1,63462,daf2b49a-56f9-4093-960f-9ec7af8983b5,0.19,false,false,near_mint,fr,EUR
Innistrad Chasse de Minuit,binder,Nebelgast Intruder,MID,Innistrad: Midnight Hunt,64,normal,uncommon,2,63293,6c801346-0052-4f4b-a497-1567a34679fb,0.05,false,false,near_mint,fr,EUR
Innistrad Chasse de Minuit,binder,Mysterious Tome // Chilling Chronicle,MID,Innistrad: Midnight Hunt,63,normal,uncommon,2,63435,caa57b63-bb11-45e8-8795-de92ca61f4f1,0.07,false,false,near_mint,fr,EUR
Innistrad Chasse de Minuit,binder,Memory Deluge,INR,Innistrad Remastered,75,normal,rare,1,102833,edcd3802-ddb3-4eb6-9b6e-a26d76557662,0.32,false,false,near_mint,fr,EUR
Innistrad Chasse de Minuit,binder,Malevolent Hermit // Benevolent Geist,MID,Innistrad: Midnight Hunt,61,normal,rare,2,63482,e79269af-63eb-43d2-afee-c38fa14a0c5b,0.95,false,false,near_mint,fr,EUR
Innistrad Chasse de Minuit,binder,Locked in the Cemetery,MID,Innistrad: Midnight Hunt,60,normal,common,4,63285,68593c6d-8d1b-4c36-84a1-f1144669825e,0.05,false,false,near_mint,fr,EUR
Innistrad Chasse de Minuit,binder,"Lier, Disciple of the Drowned",MID,Innistrad: Midnight Hunt,59,normal,mythic,1,63313,78fb8900-d28d-4e33-96a7-66fcbc117adf,2.38,false,false,near_mint,fr,EUR
Innistrad Chasse de Minuit,binder,"Lier, Disciple of the Drowned",MID,Innistrad: Midnight Hunt,313,normal,mythic,1,63369,9d67b9ec-7f53-4df6-b2cc-afd7efda6bb4,2.4,false,false,near_mint,fr,EUR
Innistrad Chasse de Minuit,binder,Larder Zombie,MID,Innistrad: Midnight Hunt,58,normal,common,5,63386,a7c0dcac-f3d4-4d6e-9c6e-9295bb1cd47f,0.07,false,false,near_mint,fr,EUR
Innistrad Chasse de Minuit,binder,Grafted Identity,MID,Innistrad: Midnight Hunt,57,normal,rare,1,63175,2559846b-03d6-4a2c-97e1-c71f107e9f24,0.13,false,false,near_mint,fr,EUR
Innistrad Chasse de Minuit,binder,Geistwave,MID,Innistrad: Midnight Hunt,56,normal,common,4,63502,f0e3d1ac-bec2-4bba-a6cf-a823996dde2d,0.1,false,false,near_mint,fr,EUR
Innistrad Chasse de Minuit,binder,Galedrifter // Waildrifter,MID,Innistrad: Midnight Hunt,55,normal,common,5,63488,eb34c472-c6ff-4d83-ac8b-a8f279593f98,0.03,false,false,near_mint,fr,EUR
Innistrad Chasse de Minuit,binder,Flip the Switch,MID,Innistrad: Midnight Hunt,54,normal,common,4,63263,5cdbe4e3-f030-46fa-ae84-edf261b61706,0.1,false,false,near_mint,fr,EUR
Innistrad Chasse de Minuit,binder,Firmament Sage,MID,Innistrad: Midnight Hunt,53,normal,uncommon,2,63370,9db186a1-3dc5-4ed2-8cd4-1e4f13094885,0.07,false,false,near_mint,fr,EUR
Innistrad Chasse de Minuit,binder,Falcon Abomination,MID,Innistrad: Midnight Hunt,52,normal,common,5,63498,f0668413-859d-4ec4-a4d8-17ec7f5b1b8b,0.11,false,false,near_mint,fr,EUR
Innistrad Chasse de Minuit,binder,Fading Hope,MID,Innistrad: Midnight Hunt,51,normal,uncommon,2,63427,c2fb1fff-12be-4bd5-8dba-c36e84d49651,0.23,false,false,near_mint,fr,EUR
Innistrad Chasse de Minuit,binder,Drownyard Amalgam,MID,Innistrad: Midnight Hunt,50,foil,common,1,63299,71b05d44-d987-45e1-bbd9-842dbe58c2b5,0.11,false,false,near_mint,fr,EUR
Innistrad Chasse de Minuit,binder,Drownyard Amalgam,MID,Innistrad: Midnight Hunt,50,normal,common,4,63299,71b05d44-d987-45e1-bbd9-842dbe58c2b5,0.02,false,false,near_mint,fr,EUR
Innistrad Chasse de Minuit,binder,Dissipate,MID,Innistrad: Midnight Hunt,49,normal,uncommon,2,63225,4689b3f2-e4b7-448e-b3d4-ab33194aafb2,0.08,false,false,near_mint,fr,EUR
Innistrad Chasse de Minuit,binder,Devious Cover-Up,MID,Innistrad: Midnight Hunt,48,normal,common,4,63277,648281fe-89fb-4d8d-b944-3af28fb044f6,0.03,false,false,near_mint,fr,EUR
Innistrad Chasse de Minuit,binder,Delver of Secrets // Insectile Aberration,MID,Innistrad: Midnight Hunt,47,normal,uncommon,2,63388,abff6c81-65a4-48fa-ba8f-580f87b0344a,0.25,false,false,near_mint,fr,EUR
Innistrad Chasse de Minuit,binder,Curse of Surveillance,MID,Innistrad: Midnight Hunt,46,normal,rare,1,63455,d6a5b3b2-4f27-4c97-9d87-d7bdcc06d36a,0.19,false,false,near_mint,fr,EUR
Innistrad Chasse de Minuit,binder,Covetous Castaway // Ghostly Castigator,MID,Innistrad: Midnight Hunt,45,normal,uncommon,3,63132,03a3ea4b-d292-4602-985f-7a7971ca73ec,0.06,false,false,near_mint,fr,EUR
Innistrad Chasse de Minuit,binder,Consider,MID,Innistrad: Midnight Hunt,44,normal,common,5,63374,a211d505-4d40-4914-a9da-220770d6ddbc,0.54,false,false,near_mint,fr,EUR
Innistrad Chasse de Minuit,binder,Component Collector,MID,Innistrad: Midnight Hunt,43,normal,common,4,63351,956b74fc-1355-4668-838b-e8927794608c,0.03,false,false,near_mint,fr,EUR
Innistrad Chasse de Minuit,binder,Baithook Angler // Hook-Haunt Drifter,MID,Innistrad: Midnight Hunt,42,normal,common,5,63199,36e71d16-0964-489d-bea2-9cec7991fc99,0.06,false,false,near_mint,fr,EUR
Innistrad Chasse de Minuit,binder,Swamp,MID,Innistrad: Midnight Hunt,272,normal,common,3,63310,77ba59d8-c13c-4966-845f-c090e9f061cb,0.43,false,false,near_mint,fr,EUR
Innistrad Chasse de Minuit,binder,Swamp,MID,Innistrad: Midnight Hunt,273,normal,common,6,63205,38fef662-993c-4522-8b3f-7c1d3bb1d946,0.43,false,false,near_mint,fr,EUR
Innistrad Chasse de Minuit,binder,Vampire Interloper,MID,Innistrad: Midnight Hunt,125,foil,common,1,63428,c3e2ea59-36f1-4e95-bfe8-7008b085194f,0.11,false,false,near_mint,fr,EUR
Innistrad Chasse de Minuit,binder,Shady Traveler // Stalking Predator,MID,Innistrad: Midnight Hunt,291,normal,common,2,63395,b1463082-62bb-4aa6-8763-b865ef1fdb68,0.05,false,false,near_mint,fr,EUR
Innistrad Chasse de Minuit,binder,Shady Traveler // Stalking Predator,MID,Innistrad: Midnight Hunt,291,foil,common,1,63395,b1463082-62bb-4aa6-8763-b865ef1fdb68,0.13,false,false,near_mint,fr,EUR
Innistrad Chasse de Minuit,binder,Vengeful Strangler // Strangling Grasp,MID,Innistrad: Midnight Hunt,126,normal,uncommon,3,63450,d4054ae6-0227-4d99-8cb5-72e8b5d0b726,0.16,false,false,near_mint,fr,EUR
Innistrad Chasse de Minuit,binder,Vampire Interloper,MID,Innistrad: Midnight Hunt,125,normal,common,3,63428,c3e2ea59-36f1-4e95-bfe8-7008b085194f,0.02,false,false,near_mint,fr,EUR
Innistrad Chasse de Minuit,binder,Tainted Adversary,MID,Innistrad: Midnight Hunt,124,normal,mythic,1,63479,e6b9b8fc-c30d-49e7-bb6c-219380d73a82,1.86,false,false,near_mint,fr,EUR
Innistrad Chasse de Minuit,binder,Stromkirk Bloodthief,MID,Innistrad: Midnight Hunt,123,normal,uncommon,2,63517,fa819123-bf13-44ea-9a6e-06c8ab023e44,0.06,false,false,near_mint,fr,EUR
Innistrad Chasse de Minuit,binder,Slaughter Specialist,MID,Innistrad: Midnight Hunt,122,normal,rare,2,63438,cb83e33c-810e-4de3-800d-2038f38a1eda,0.7,false,false,near_mint,fr,EUR
Innistrad Chasse de Minuit,binder,Siege Zombie,MID,Innistrad: Midnight Hunt,121,normal,common,4,63457,d94b5270-840b-4905-815a-057029d7352f,0.03,false,false,near_mint,fr,EUR
Innistrad Chasse de Minuit,binder,Shady Traveler // Stalking Predator,MID,Innistrad: Midnight Hunt,120,normal,common,2,63248,55f0666a-5c3e-492b-b4ea-42fa7f24661b,0.04,false,false,near_mint,fr,EUR
Innistrad Chasse de Minuit,binder,Rotten Reunion,MID,Innistrad: Midnight Hunt,119,normal,common,5,63355,97398ad2-675b-4a34-aab7-935dd6714f1c,0.28,false,false,near_mint,fr,EUR
Innistrad Chasse de Minuit,binder,Olivia's Midnight Ambush,MID,Innistrad: Midnight Hunt,118,normal,common,4,63367,9c1adede-22ad-4c1c-9501-ad731fbe1742,0.06,false,false,near_mint,fr,EUR
Innistrad Chasse de Minuit,binder,Novice Occultist,MID,Innistrad: Midnight Hunt,117,normal,common,4,63381,a541ac79-a969-42b4-b989-f6e37572ec90,0.1,false,false,near_mint,fr,EUR
Innistrad Chasse de Minuit,binder,No Way Out,MID,Innistrad: Midnight Hunt,116,normal,common,6,63460,d9ef6a68-60a4-4a20-8b57-8b7a7c5ed0c6,0.06,false,false,near_mint,fr,EUR
Innistrad Chasse de Minuit,binder,Necrosynthesis,MID,Innistrad: Midnight Hunt,115,normal,uncommon,2,63409,b75b89f1-e032-4d8c-b2b6-1b76e8644801,0.13,false,false,near_mint,fr,EUR
Innistrad Chasse de Minuit,binder,Morkrut Behemoth,MID,Innistrad: Midnight Hunt,114,normal,common,4,63190,318fe8a2-a68a-4c7e-9581-ae6800826164,0.04,false,false,near_mint,fr,EUR
Innistrad Chasse de Minuit,binder,Morbid Opportunist,MID,Innistrad: Midnight Hunt,113,normal,uncommon,2,63257,5a53982e-3d66-4808-bcb5-46ff40567872,0.26,false,false,near_mint,fr,EUR
Innistrad Chasse de Minuit,binder,The Meathook Massacre,MID,Innistrad: Midnight Hunt,112,normal,mythic,1,63135,08950015-eee5-4327-888c-82dfd13bb9ad,23.2,false,false,near_mint,fr,EUR
Innistrad Chasse de Minuit,binder,Mask of Griselbrand,MID,Innistrad: Midnight Hunt,111,normal,rare,1,63326,829786e2-260b-4bc6-935b-1868b37e2d33,0.41,false,false,near_mint,fr,EUR
Innistrad Chasse de Minuit,binder,Mask of Griselbrand,MID,Innistrad: Midnight Hunt,111,foil,rare,1,63326,829786e2-260b-4bc6-935b-1868b37e2d33,0.7,false,false,near_mint,fr,EUR
Innistrad Chasse de Minuit,binder,Lord of the Forsaken,MID,Innistrad: Midnight Hunt,110,normal,mythic,1,63453,d5a8846c-3950-4588-97e8-3aa70bcd2403,0.39,false,false,near_mint,fr,EUR
Innistrad Chasse de Minuit,binder,"Jerren, Corrupted Bishop // Ormendahl, the Corrupter",MID,Innistrad: Midnight Hunt,109,normal,mythic,1,63143,0f6e668d-2502-4e82-b4c2-ef34c9afa27e,0.78,false,false,near_mint,fr,EUR
Innistrad Chasse de Minuit,binder,"Jadar, Ghoulcaller of Nephalia",MID,Innistrad: Midnight Hunt,108,foil,rare,1,63522,ff971ba7-68b8-482a-9cb1-741f6893550c,9.13,false,false,near_mint,fr,EUR
Innistrad Chasse de Minuit,binder,Infernal Grasp,MID,Innistrad: Midnight Hunt,107,normal,uncommon,1,63153,17824929-f131-4b8d-addb-66c25323155e,0.32,false,false,near_mint,fr,EUR
Innistrad Chasse de Minuit,binder,Hobbling Zombie,MID,Innistrad: Midnight Hunt,106,normal,common,5,63284,68284193-a38e-40d2-8d15-92d223756751,0.1,false,false,near_mint,fr,EUR
Innistrad Chasse de Minuit,binder,Heirloom Mirror // Inherited Fiend,MID,Innistrad: Midnight Hunt,105,normal,uncommon,2,63481,e6dd05f0-a3c0-4bd6-a1d1-a74540623093,0.08,false,false,near_mint,fr,EUR
Innistrad Chasse de Minuit,binder,Graveyard Trespasser // Graveyard Glutton,MID,Innistrad: Midnight Hunt,104,normal,rare,1,63461,daa2a273-488f-4285-a069-ad159ad2d393,0.7,false,false,near_mint,fr,EUR
Innistrad Chasse de Minuit,binder,"Gisa, Glorious Resurrector",MID,Innistrad: Midnight Hunt,103,normal,rare,1,63276,63461076-a13d-488d-bd82-ceac441341c8,1.99,false,false,near_mint,fr,EUR
Innistrad Chasse de Minuit,binder,Ghoulish Procession,MID,Innistrad: Midnight Hunt,102,normal,uncommon,2,63198,363bd6a6-e8e4-4626-a43c-0b77339dd28b,0.21,false,false,near_mint,fr,EUR
Innistrad Chasse de Minuit,binder,Foul Play,MID,Innistrad: Midnight Hunt,101,normal,uncommon,2,63334,87e4b75c-e993-4983-8933-977be314bba6,0.03,false,false,near_mint,fr,EUR
Innistrad Chasse de Minuit,binder,Ecstatic Awakener // Awoken Demon,MID,Innistrad: Midnight Hunt,100,normal,common,5,63415,bbdad18e-e262-41f9-b252-1cbdcdd1b5f9,0.1,false,false,near_mint,fr,EUR
Innistrad Chasse de Minuit,binder,Eaten Alive,MID,Innistrad: Midnight Hunt,99,normal,common,4,63483,e7975a3c-570a-4bff-a60d-d274f758b93f,0.06,false,false,near_mint,fr,EUR
Innistrad Chasse de Minuit,binder,Duress,MID,Innistrad: Midnight Hunt,98,normal,common,3,63424,c0a72721-2a4a-4d48-a7b0-2370b90b8619,0.13,false,false,near_mint,fr,EUR
Innistrad Chasse de Minuit,binder,Duress,MID,Innistrad: Midnight Hunt,98,foil,common,1,63424,c0a72721-2a4a-4d48-a7b0-2370b90b8619,0.19,false,false,near_mint,fr,EUR
Innistrad Chasse de Minuit,binder,Dreadhound,MID,Innistrad: Midnight Hunt,97,normal,uncommon,3,63178,27fd571b-8316-4c60-a042-8bcf4816b126,0.14,false,false,near_mint,fr,EUR
Innistrad Chasse de Minuit,binder,Diregraf Horde,MID,Innistrad: Midnight Hunt,96,normal,common,3,63150,153be768-ddad-44f2-bcdd-c40353c807d7,0.1,false,false,near_mint,fr,EUR
Innistrad Chasse de Minuit,binder,Diregraf Horde,MID,Innistrad: Midnight Hunt,96,foil,common,2,63150,153be768-ddad-44f2-bcdd-c40353c807d7,0.15,false,false,near_mint,fr,EUR
Innistrad Chasse de Minuit,binder,Defenestrate,MID,Innistrad: Midnight Hunt,95,normal,common,4,63469,df3abdcc-83a8-45c3-9bfd-23f929705018,0.04,false,false,near_mint,fr,EUR
Innistrad Chasse de Minuit,binder,Curse of Leeches // Leeching Lurker,MID,Innistrad: Midnight Hunt,94,normal,rare,1,63136,0a3c8532-92f5-41db-92b4-a871aa05e0c7,0.17,false,false,near_mint,fr,EUR
Innistrad Chasse de Minuit,binder,Crawl from the Cellar,MID,Innistrad: Midnight Hunt,93,normal,common,4,63495,ed6c8942-d43e-4456-ac98-3220cb954c65,0.1,false,false,near_mint,fr,EUR
Innistrad Chasse de Minuit,binder,Covert Cutpurse // Covetous Geist,MID,Innistrad: Midnight Hunt,92,normal,uncommon,2,63264,5db99746-8aee-42b8-acb0-ed69933d0ff8,0.11,false,false,near_mint,fr,EUR
Innistrad Chasse de Minuit,binder,Champion of the Perished,MID,Innistrad: Midnight Hunt,91,normal,rare,1,63340,8d8e6941-ad6e-4d2f-93c0-be79e75bdf06,1.51,false,false,near_mint,fr,EUR
Innistrad Chasse de Minuit,binder,Bloodtithe Collector,MID,Innistrad: Midnight Hunt,90,normal,uncommon,2,63252,57d5e536-7774-4949-8127-727ae4d8fc80,0.1,false,false,near_mint,fr,EUR
Innistrad Chasse de Minuit,binder,Bloodline Culling,MID,Innistrad: Midnight Hunt,89,normal,rare,1,63518,fac827f7-a587-4adf-8408-2d9ccd9c1343,0.23,false,false,near_mint,fr,EUR
Innistrad Chasse de Minuit,binder,Blood Pact,MID,Innistrad: Midnight Hunt,88,normal,common,4,63268,607b1066-1ca0-45e1-a55c-30aed77cc8dc,0.06,false,false,near_mint,fr,EUR
Innistrad Chasse de Minuit,binder,Bladebrand,MID,Innistrad: Midnight Hunt,87,normal,common,5,63278,64d4713d-321a-447f-a318-88b552ec5d0c,0.03,false,false,near_mint,fr,EUR
Innistrad Chasse de Minuit,binder,Bat Whisperer,MID,Innistrad: Midnight Hunt,86,normal,common,5,63222,4412c901-0ec8-437a-9d1e-ce318bbe2b03,0.09,false,false,near_mint,fr,EUR
Innistrad Chasse de Minuit,binder,Baneblade Scoundrel // Baneclaw Marauder,MID,Innistrad: Midnight Hunt,85,normal,uncommon,1,63316,7b63f2ae-5bfd-452f-b1f5-8459bcecd3bb,0.03,false,false,near_mint,fr,EUR
Innistrad Chasse de Minuit,binder,Baneblade Scoundrel // Baneclaw Marauder,MID,Innistrad: Midnight Hunt,289,normal,uncommon,1,63259,5b13fbff-8b72-459a-ac72-3429be6e192d,0.03,false,false,near_mint,fr,EUR
Innistrad Chasse de Minuit,binder,Arrogant Outlaw,MID,Innistrad: Midnight Hunt,84,normal,common,4,63229,496a9d45-6197-44b6-b0fc-17aeae281b2f,0.03,false,false,near_mint,fr,EUR
Innistrad Chasse de Minuit,binder,Mountain,MID,Innistrad: Midnight Hunt,274,foil,common,1,63209,3ba24a61-e529-4490-8536-6276ea77c511,0.57,false,false,near_mint,fr,EUR
Innistrad Chasse de Minuit,binder,Mountain,MID,Innistrad: Midnight Hunt,274,normal,common,4,63209,3ba24a61-e529-4490-8536-6276ea77c511,0.22,false,false,near_mint,fr,EUR
Innistrad Chasse de Minuit,binder,Mountain,MID,Innistrad: Midnight Hunt,275,normal,common,4,63315,7a4c0731-555a-4bef-9d9e-b877f0339417,0.25,false,false,near_mint,fr,EUR
Innistrad Chasse de Minuit,binder,Voldaren Stinger,MID,Innistrad: Midnight Hunt,167,normal,common,5,63504,f27a7c78-3a64-42fc-8808-15b1f41976a1,0.02,false,false,near_mint,fr,EUR
Innistrad Chasse de Minuit,binder,Voldaren Ambusher,MID,Innistrad: Midnight Hunt,166,normal,uncommon,2,63440,cceb4303-5d02-45f2-86f8-7e8deb774d58,0.04,false,false,near_mint,fr,EUR
Innistrad Chasse de Minuit,binder,Village Watch // Village Reavers,MID,Innistrad: Midnight Hunt,165,normal,uncommon,2,63164,1bf48d2b-eb68-4f47-a80a-4751a4fa20a7,0.1,false,false,near_mint,fr,EUR
Innistrad Chasse de Minuit,binder,Thermo-Alchemist,MID,Innistrad: Midnight Hunt,164,normal,uncommon,2,63402,b4c68bad-c7ee-4dbc-ad06-8c4d9446884e,0.17,false,false,near_mint,fr,EUR
Innistrad Chasse de Minuit,binder,Tavern Ruffian // Tavern Smasher,MID,Innistrad: Midnight Hunt,296,normal,common,1,63339,8ca358b8-dee7-462d-aee1-f2e271d38370,0.03,false,false,near_mint,fr,EUR
Innistrad Chasse de Minuit,binder,Tavern Ruffian // Tavern Smasher,MID,Innistrad: Midnight Hunt,163,normal,common,3,63167,1d7b2d05-ce5c-4b73-8fa6-d9b69619d58c,0.02,false,false,near_mint,fr,EUR
Innistrad Chasse de Minuit,binder,Sunstreak Phoenix,MID,Innistrad: Midnight Hunt,162,normal,mythic,1,63357,97de6e92-e0e8-444e-baba-09c97510b1ab,0.24,false,false,near_mint,fr,EUR
Innistrad Chasse de Minuit,binder,Stolen Vitality,MID,Innistrad: Midnight Hunt,161,normal,common,4,63451,d50df2dd-8d14-4d92-ab4e-bf9f9f147e91,0.08,false,false,near_mint,fr,EUR
Innistrad Chasse de Minuit,binder,Spellrune Painter // Spellrune Howler,MID,Innistrad: Midnight Hunt,160,normal,uncommon,3,63446,d2a5b43d-e21b-4294-9ea2-5bd0264e71d3,0.07,false,false,near_mint,fr,EUR
Innistrad Chasse de Minuit,binder,Smoldering Egg // Ashmouth Dragon,MID,Innistrad: Midnight Hunt,159,normal,rare,2,63220,41b6381f-4ff8-49e9-bf00-cfe32851318b,0.56,false,false,near_mint,fr,EUR
Innistrad Chasse de Minuit,binder,Seize the Storm,MID,Innistrad: Midnight Hunt,158,foil,uncommon,1,63241,532e079f-55b7-4b92-b489-aed4d3becae7,0.32,false,false,near_mint,fr,EUR
Innistrad Chasse de Minuit,binder,Seize the Storm,MID,Innistrad: Midnight Hunt,158,normal,uncommon,2,63241,532e079f-55b7-4b92-b489-aed4d3becae7,0.11,false,false,near_mint,fr,EUR
Innistrad Chasse de Minuit,binder,Reckless Stormseeker // Storm-Charged Slasher,MID,Innistrad: Midnight Hunt,294,normal,rare,1,63433,c882efbc-8443-4521-9e6a-807997a6439b,0.94,false,false,near_mint,fr,EUR
Innistrad Chasse de Minuit,binder,Raze the Effigy,MID,Innistrad: Midnight Hunt,156,normal,common,4,63471,e0dd378c-5050-48c9-9a16-6d91afa62d21,0.08,false,false,near_mint,fr,EUR
Innistrad Chasse de Minuit,binder,Purifying Dragon,MID,Innistrad: Midnight Hunt,155,normal,uncommon,1,63515,f9db384e-9555-4ccc-a305-ee448252e685,0.06,false,false,near_mint,fr,EUR
Innistrad Chasse de Minuit,binder,Play with Fire,MID,Innistrad: Midnight Hunt,154,normal,uncommon,1,63297,6f1a6c60-a8c4-44c2-b1ea-d3befbabdf43,0.48,false,false,near_mint,fr,EUR
Innistrad Chasse de Minuit,binder,Play with Fire,MID,Innistrad: Midnight Hunt,390,normal,uncommon,1,63221,42901bec-a8d0-46a3-a710-bfb7bd87f155,0.26,false,false,near_mint,fr,EUR
Innistrad Chasse de Minuit,binder,Pack's Betrayal,MID,Innistrad: Midnight Hunt,153,normal,common,4,63321,7ebadb1e-32cd-41d6-b26e-49134973d05c,0.08,false,false,near_mint,fr,EUR
Innistrad Chasse de Minuit,binder,Obsessive Astronomer,MID,Innistrad: Midnight Hunt,152,normal,uncommon,3,63235,4f6e0cb6-283b-448e-89c6-8b6e8e21e38b,0.05,false,false,near_mint,fr,EUR
Innistrad Chasse de Minuit,binder,Neonate's Rush,INR,Innistrad Remastered,166,normal,common,6,102451,1d623e71-05bd-46d6-b831-2c8dcff7ab45,0.06,false,false,near_mint,fr,EUR
Innistrad Chasse de Minuit,binder,Mounted Dreadknight,MID,Innistrad: Midnight Hunt,150,normal,common,3,63443,d1814fc8-011f-4cd4-825b-f00ae6ec0fe0,0.03,false,false,near_mint,fr,EUR
Innistrad Chasse de Minuit,binder,Moonveil Regent,MID,Innistrad: Midnight Hunt,149,normal,mythic,1,63516,f9fc55fd-161a-4d77-82f0-27075210e7e7,0.58,false,false,near_mint,fr,EUR
Innistrad Chasse de Minuit,binder,Moonrager's Slash,MID,Innistrad: Midnight Hunt,148,normal,common,5,63489,eb4f266b-c41c-4047-ae6f-b2226c7459e8,0.06,false,false,near_mint,fr,EUR
Innistrad Chasse de Minuit,binder,Lunar Frenzy,MID,Innistrad: Midnight Hunt,147,normal,uncommon,3,63407,b5fb18c4-1386-4ea0-97c1-4bdd1e7eb5a6,0.16,false,false,near_mint,fr,EUR
Innistrad Chasse de Minuit,binder,Light Up the Night,MID,Innistrad: Midnight Hunt,146,normal,rare,1,63319,7de68154-3b82-4a94-98a6-cfc49d359e4e,0.12,false,false,near_mint,fr,EUR
Innistrad Chasse de Minuit,binder,Lambholt Harrier,MID,Innistrad: Midnight Hunt,145,normal,common,5,63476,e2a732ca-cd68-465f-8e44-783e1fe34e44,0.06,false,false,near_mint,fr,EUR
Innistrad Chasse de Minuit,binder,Immolation,MID,Innistrad: Midnight Hunt,144,normal,common,4,63267,606b1148-4aa6-4d78-bedd-e31573282921,0.1,false,false,near_mint,fr,EUR
Innistrad Chasse de Minuit,binder,Harvesttide Infiltrator // Harvesttide Assailant,MID,Innistrad: Midnight Hunt,293,normal,common,2,63179,28bc2848-b6fb-444d-b909-01c712696547,0.06,false,false,near_mint,fr,EUR
Innistrad Chasse de Minuit,binder,Harvesttide Infiltrator // Harvesttide Assailant,MID,Innistrad: Midnight Hunt,143,normal,common,3,63196,35fdb976-291c-4824-9518-dd8c9f93fcde,0.02,false,false,near_mint,fr,EUR
Innistrad Chasse de Minuit,binder,Geistflame Reservoir,MID,Innistrad: Midnight Hunt,142,normal,rare,1,63231,4b247ce7-9c58-404f-bed1-84abb37575ab,0.09,false,false,near_mint,fr,EUR
Innistrad Chasse de Minuit,binder,Flame Channeler // Embodiment of Flame,MID,Innistrad: Midnight Hunt,141,normal,uncommon,2,63420,be91fcba-4599-4ecb-824d-55112096c34a,0.05,false,false,near_mint,fr,EUR
Innistrad Chasse de Minuit,binder,Festival Crasher,MID,Innistrad: Midnight Hunt,140,normal,common,5,63275,626b0477-6165-443a-8a75-dfeac26ac9f9,0.17,false,false,near_mint,fr,EUR
Innistrad Chasse de Minuit,binder,Fangblade Brigand // Fangblade Eviscerator,MID,Innistrad: Midnight Hunt,139,normal,uncommon,2,63447,d2feb859-bfae-4bc4-8181-5737dd5c3b08,0.05,false,false,near_mint,fr,EUR
Innistrad Chasse de Minuit,binder,Famished Foragers,MID,Innistrad: Midnight Hunt,138,normal,common,5,63519,fdbe6937-ceda-4367-a101-562fd5e0e09d,0.06,false,false,near_mint,fr,EUR
Innistrad Chasse de Minuit,binder,Falkenrath Pit Fighter,MID,Innistrad: Midnight Hunt,137,normal,rare,2,63384,a743a3b6-3278-4644-a2d5-acf495c273ed,0.62,false,false,near_mint,fr,EUR
Innistrad Chasse de Minuit,binder,Falkenrath Perforator,MID,Innistrad: Midnight Hunt,136,normal,common,4,63429,c40998e0-d7d0-4d79-a40a-9a381debd2cb,0.08,false,false,near_mint,fr,EUR
Innistrad Chasse de Minuit,binder,Electric Revelation,OTC,Outlaws of Thunder Junction Commander,163,normal,common,4,93864,d06023c5-8cb8-4d67-bba6-8dd5201a25dd,0.16,false,false,near_mint,fr,EUR
Innistrad Chasse de Minuit,binder,Electric Revelation,MID,Innistrad: Midnight Hunt,135,foil,common,1,63171,20ff3289-00fb-4e91-b34f-6255e9de8e9e,0.26,false,false,near_mint,fr,EUR
Innistrad Chasse de Minuit,binder,Curse of Shaken Faith,MID,Innistrad: Midnight Hunt,134,normal,rare,2,63200,371b7795-5cfc-4e2b-b26c-2def52c61dbf,0.18,false,false,near_mint,fr,EUR
Innistrad Chasse de Minuit,binder,Cathartic Pyre,MID,Innistrad: Midnight Hunt,133,normal,uncommon,1,63394,b045c28a-39f9-4cd9-8f3a-a626b697f409,0.22,false,false,near_mint,fr,EUR
Innistrad Chasse de Minuit,binder,Burn the Accursed,MID,Innistrad: Midnight Hunt,132,normal,common,5,63521,ff4d4e6b-564d-46da-8e32-09ed08c8ddc5,0.04,false,false,near_mint,fr,EUR
Innistrad Chasse de Minuit,binder,Burn Down the House,MID,Innistrad: Midnight Hunt,131,normal,rare,1,63169,20ded7af-8086-465e-a980-3099217d324c,0.46,false,false,near_mint,fr,EUR
Innistrad Chasse de Minuit,binder,Bloodthirsty Adversary,MID,Innistrad: Midnight Hunt,129,normal,mythic,1,63494,ed557e51-32bd-476f-99f8-d7b1738495c5,0.55,false,false,near_mint,fr,EUR
Innistrad Chasse de Minuit,binder,Brimstone Vandal,MID,Innistrad: Midnight Hunt,130,normal,common,5,63144,10addf9a-daca-4b84-a9d3-f98f7b955af9,0.05,false,false,near_mint,fr,EUR
Innistrad Chasse de Minuit,binder,Ardent Elementalist,MID,Innistrad: Midnight Hunt,128,normal,common,4,63507,f58592f7-1df5-428d-9dde-e6acd9a5d1d5,0.14,false,false,near_mint,fr,EUR
Innistrad Chasse de Minuit,binder,Ardent Elementalist,MID,Innistrad: Midnight Hunt,128,foil,common,1,63507,f58592f7-1df5-428d-9dde-e6acd9a5d1d5,0.27,false,false,near_mint,fr,EUR
Innistrad Chasse de Minuit,binder,Abandon the Post,MID,Innistrad: Midnight Hunt,127,normal,common,3,63358,983da138-f0f5-46c4-90c2-d3c34cc37d1f,0.04,false,false,near_mint,fr,EUR
Innistrad Chasse de Minuit,binder,Abandon the Post,MID,Innistrad: Midnight Hunt,127,foil,common,1,63358,983da138-f0f5-46c4-90c2-d3c34cc37d1f,0.13,false,false,near_mint,fr,EUR
Innistrad Chasse de Minuit,binder,Angelfire Ignition,MID,Innistrad: Midnight Hunt,209,normal,rare,1,63338,8ba4c7a2-6243-43ed-8c1c-e3edee43a583,0.4,false,false,near_mint,fr,EUR
Innistrad Chasse de Minuit,binder,Forest,MID,Innistrad: Midnight Hunt,276,normal,common,5,63393,ad8ff40e-2d40-4557-8209-d2c84eb4ccf2,0.2,false,false,near_mint,fr,EUR
Innistrad Chasse de Minuit,binder,Forest,MID,Innistrad: Midnight Hunt,277,normal,common,5,63147,122b5548-5ff5-43e4-b799-75c709b1c32d,0.18,false,false,near_mint,fr,EUR
Innistrad Chasse de Minuit,binder,Wrenn and Seven,MID,Innistrad: Midnight Hunt,208,normal,mythic,1,63385,a7757e99-8d51-4b92-b346-6961845def24,1.93,false,false,near_mint,fr,EUR
Innistrad Chasse de Minuit,binder,Ghoulcaller's Harvest,MID,Innistrad: Midnight Hunt,225,normal,rare,3,63287,6a507ea6-d818-4443-b468-cf65c3e7031c,0.14,false,false,near_mint,fr,EUR
Innistrad Chasse de Minuit,binder,Willow Geist,MID,Innistrad: Midnight Hunt,207,foil,rare,1,63165,1c40c71c-4cdc-4a28-8ea3-4636c936f8aa,0.51,false,false,near_mint,fr,EUR
Innistrad Chasse de Minuit,binder,Unnatural Growth,MID,Innistrad: Midnight Hunt,206,normal,rare,1,63281,6748a844-e185-4e3b-ac1d-8a735666d8ae,1.82,false,false,near_mint,fr,EUR
Innistrad Chasse de Minuit,binder,Turn the Earth,MID,Innistrad: Midnight Hunt,205,normal,uncommon,2,63192,34076a93-9e8f-45d4-a1d7-31f40210a5b6,0.21,false,false,near_mint,fr,EUR
Innistrad Chasse de Minuit,binder,Tovolar's Huntmaster // Tovolar's Packleader,MID,Innistrad: Midnight Hunt,204,normal,rare,1,63207,3983a304-5040-4b8d-945a-bf4ede3104a8,0.26,false,false,near_mint,fr,EUR
Innistrad Chasse de Minuit,binder,Tireless Hauler // Dire-Strain Brawler,MID,Innistrad: Midnight Hunt,305,normal,common,1,63246,552bb3a5-0c2c-4dc5-aee8-1048b04e69f9,0.04,false,false,near_mint,fr,EUR
Innistrad Chasse de Minuit,binder,Tireless Hauler // Dire-Strain Brawler,MID,Innistrad: Midnight Hunt,203,normal,common,4,63213,3e96f9a6-c215-42b1-aa02-8e6143fe5bd7,0.04,false,false,near_mint,fr,EUR
Innistrad Chasse de Minuit,binder,Timberland Guide,MID,Innistrad: Midnight Hunt,202,normal,common,4,63290,6b215b6a-82e3-4ce8-b288-d7341761cad0,0.02,false,false,near_mint,fr,EUR
Innistrad Chasse de Minuit,binder,Tapping at the Window,MID,Innistrad: Midnight Hunt,201,normal,common,5,63413,ba75dc52-7ab2-43ec-afac-0a9bcf24cde9,0.05,false,false,near_mint,fr,EUR
Innistrad Chasse de Minuit,binder,Storm the Festival,MID,Innistrad: Midnight Hunt,200,normal,rare,1,63404,b4f1f69c-122d-472a-b82d-fed7c253a4cd,0.26,false,false,near_mint,fr,EUR
Innistrad Chasse de Minuit,binder,Snarling Wolf,MID,Innistrad: Midnight Hunt,199,normal,common,4,63232,4b614b21-69ed-4788-97d7-ad502b634abb,0.09,false,false,near_mint,fr,EUR
Innistrad Chasse de Minuit,binder,Shadowbeast Sighting,MID,Innistrad: Midnight Hunt,198,normal,common,5,63160,1b12e978-4deb-4ccc-8ae6-462bc4598c90,0.06,false,false,near_mint,fr,EUR
Innistrad Chasse de Minuit,binder,"Saryth, the Viper's Fang",MID,Innistrad: Midnight Hunt,197,normal,rare,2,63416,bc8b3a09-75e8-428c-91f7-8fac62fadc98,1.75,false,false,near_mint,fr,EUR
Innistrad Chasse de Minuit,binder,Rise of the Ants,MID,Innistrad: Midnight Hunt,196,normal,uncommon,3,63189,3143fadd-0162-4e0c-89fc-89dc3501d13c,0.02,false,false,near_mint,fr,EUR
Innistrad Chasse de Minuit,binder,Return to Nature,MID,Innistrad: Midnight Hunt,195,normal,common,6,63294,6e25c252-4177-4193-914c-b6933d9c0d7d,0.07,false,false,near_mint,fr,EUR
Innistrad Chasse de Minuit,binder,Primal Adversary,MID,Innistrad: Midnight Hunt,194,normal,mythic,1,63421,bf3ce5c5-ea31-4f6d-84dd-430f52c49c4e,0.99,false,false,near_mint,fr,EUR
Innistrad Chasse de Minuit,binder,Plummet,MID,Innistrad: Midnight Hunt,193,normal,common,4,63243,5469e696-bbf1-43e3-9c25-fe089b36caed,0.02,false,false,near_mint,fr,EUR
Innistrad Chasse de Minuit,binder,Pestilent Wolf,MID,Innistrad: Midnight Hunt,192,normal,common,4,63475,e2686431-8d9c-4b9c-998f-38b5ae113d4a,0.05,false,false,near_mint,fr,EUR
Innistrad Chasse de Minuit,binder,Path to the Festival,MID,Innistrad: Midnight Hunt,191,normal,common,4,63151,153f545d-bdbf-42c7-837a-a7076bbe5027,0.04,false,false,near_mint,fr,EUR
Innistrad Chasse de Minuit,binder,Outland Liberator // Frenzied Trapbreaker,MID,Innistrad: Midnight Hunt,190,normal,uncommon,1,63269,60e53d61-fcc3-4def-8206-052b46f62deb,0.36,false,false,near_mint,fr,EUR
Innistrad Chasse de Minuit,binder,Outland Liberator // Frenzied Trapbreaker,MID,Innistrad: Midnight Hunt,303,normal,uncommon,1,63509,f86b7c7e-825a-4634-8a85-3b56f112188c,0.26,false,false,near_mint,fr,EUR
Innistrad Chasse de Minuit,binder,Might of the Old Ways,MID,Innistrad: Midnight Hunt,189,normal,common,5,63288,6a853679-e9dd-4c05-8688-248de8f12760,0.07,false,false,near_mint,fr,EUR
Innistrad Chasse de Minuit,binder,Howl of the Hunt,MID,Innistrad: Midnight Hunt,188,normal,common,5,63314,7a48a42e-5cc5-4f9a-8745-99936f4cae5f,0.07,false,false,near_mint,fr,EUR
Innistrad Chasse de Minuit,binder,Hound Tamer // Untamed Pup,MID,Innistrad: Midnight Hunt,302,normal,uncommon,2,63328,83218607-240e-4473-8b0b-6b4670b010e6,0.13,false,false,near_mint,fr,EUR
Innistrad Chasse de Minuit,binder,Hound Tamer // Untamed Pup,MID,Innistrad: Midnight Hunt,187,normal,uncommon,1,63181,28e2119b-ed78-4b98-a956-f2b453d0b164,0.12,false,false,near_mint,fr,EUR
Innistrad Chasse de Minuit,binder,Harvesttide Sentry,MID,Innistrad: Midnight Hunt,186,normal,common,4,63350,9543cf53-8cf5-49d0-9c60-8b11e21da953,0.14,false,false,near_mint,fr,EUR
Innistrad Chasse de Minuit,binder,Eccentric Farmer,MID,Innistrad: Midnight Hunt,185,normal,common,4,63406,b5339f6e-9ed7-4734-91c9-c2ed59ca1052,0.03,false,false,near_mint,fr,EUR
Innistrad Chasse de Minuit,binder,Duel for Dominance,MID,Innistrad: Midnight Hunt,184,normal,common,5,63365,9bb0a0c8-158e-4a6f-976e-3de9f57c3463,0.09,false,false,near_mint,fr,EUR
Innistrad Chasse de Minuit,binder,Dryad's Revival,MID,Innistrad: Midnight Hunt,183,normal,uncommon,2,63260,5c0aa3eb-0aa8-42da-b437-a3f336df585d,0.19,false,false,near_mint,fr,EUR
Innistrad Chasse de Minuit,binder,Dryad's Revival,MID,Innistrad: Midnight Hunt,183,foil,uncommon,1,63260,5c0aa3eb-0aa8-42da-b437-a3f336df585d,0.2,false,false,near_mint,fr,EUR
Innistrad Chasse de Minuit,binder,Defend the Celestus,MID,Innistrad: Midnight Hunt,182,normal,uncommon,2,63426,c11e4420-06f3-48e2-91d1-a9199483add2,0.04,false,false,near_mint,fr,EUR
Innistrad Chasse de Minuit,binder,Deathbonnet Sprout // Deathbonnet Hulk,MID,Innistrad: Midnight Hunt,181,normal,uncommon,1,63375,a2cda10b-7cd5-4cf5-87bd-c3b8c6aa2b47,0.11,false,false,near_mint,fr,EUR
Innistrad Chasse de Minuit,binder,Deathbonnet Sprout // Deathbonnet Hulk,MID,Innistrad: Midnight Hunt,181,foil,uncommon,1,63375,a2cda10b-7cd5-4cf5-87bd-c3b8c6aa2b47,0.26,false,false,near_mint,fr,EUR
Innistrad Chasse de Minuit,binder,Dawnhart Rejuvenator,MID,Innistrad: Midnight Hunt,301,normal,common,2,63157,19b0e267-c361-4224-9b7a-2a3d1c5ac8b4,0.03,false,false,near_mint,fr,EUR
Innistrad Chasse de Minuit,binder,Dawnhart Rejuvenator,MID,Innistrad: Midnight Hunt,180,normal,common,4,63442,cf4b5ad9-3de6-4d53-93a0-3b8d2e484687,0.03,false,false,near_mint,fr,EUR
Innistrad Chasse de Minuit,binder,Dawnhart Mentor,MID,Innistrad: Midnight Hunt,179,normal,uncommon,1,63173,234a09dd-a202-4487-899f-348744143ba5,0.03,false,false,near_mint,fr,EUR
Innistrad Chasse de Minuit,binder,Dawnhart Mentor,MID,Innistrad: Midnight Hunt,300,normal,uncommon,1,63389,ac558d9d-5c7d-4671-ae0b-94c099e1b111,0.04,false,false,near_mint,fr,EUR
Innistrad Chasse de Minuit,binder,Dawnhart Mentor,MID,Innistrad: Midnight Hunt,179,foil,uncommon,1,63173,234a09dd-a202-4487-899f-348744143ba5,0.11,false,false,near_mint,fr,EUR
Innistrad Chasse de Minuit,binder,Contortionist Troupe,MID,Innistrad: Midnight Hunt,178,normal,uncommon,3,63432,c81da535-04e4-4dc8-9e12-7b417aba2f39,0.08,false,false,near_mint,fr,EUR
Innistrad Chasse de Minuit,binder,Consuming Blob,MID,Innistrad: Midnight Hunt,177,normal,mythic,2,63223,4540fa4b-93e8-4749-a839-9a6e816c1145,0.47,false,false,near_mint,fr,EUR
Innistrad Chasse de Minuit,binder,Clear Shot,MID,Innistrad: Midnight Hunt,176,normal,uncommon,1,63177,27476d9c-006d-4227-a5f2-49c7234b84a1,0.08,false,false,near_mint,fr,EUR
Innistrad Chasse de Minuit,binder,Candlelit Cavalry,MID,Innistrad: Midnight Hunt,175,normal,common,4,63380,a4c3bd60-1ff6-4136-9188-d0620fd299a7,0.02,false,false,near_mint,fr,EUR
Innistrad Chasse de Minuit,binder,Burly Breaker // Dire-Strain Demolisher,MID,Innistrad: Midnight Hunt,174,normal,uncommon,1,63203,3849ad37-f80d-4ffc-9240-25a63326b3dd,0.03,false,false,near_mint,fr,EUR
Innistrad Chasse de Minuit,binder,Burly Breaker // Dire-Strain Demolisher,MID,Innistrad: Midnight Hunt,299,normal,uncommon,1,63163,1b50c98e-6c3b-4129-ae93-10c0bf9270fc,0.05,false,false,near_mint,fr,EUR
Innistrad Chasse de Minuit,binder,Brood Weaver,MID,Innistrad: Midnight Hunt,173,normal,uncommon,2,63473,e24e2f49-70f9-445f-af03-2ef43798004a,0.04,false,false,near_mint,fr,EUR
Innistrad Chasse de Minuit,binder,Briarbridge Tracker,MID,Innistrad: Midnight Hunt,172,normal,rare,1,63472,e215a7bd-112f-4228-a99e-5a8cb4be5cee,0.07,false,false,near_mint,fr,EUR
Innistrad Chasse de Minuit,binder,Bramble Armor,MID,Innistrad: Midnight Hunt,171,normal,common,5,63274,621b58aa-c809-4baf-b2c8-3a46969598d7,0.02,false,false,near_mint,fr,EUR
Innistrad Chasse de Minuit,binder,Bounding Wolf,MID,Innistrad: Midnight Hunt,170,normal,common,5,63307,74e22ed6-9d39-4feb-8c64-64cdd8313816,0.04,false,false,near_mint,fr,EUR
Innistrad Chasse de Minuit,binder,Bird Admirer // Wing Shredder,MID,Innistrad: Midnight Hunt,169,normal,common,4,63301,71ccc444-54c8-4f7c-a425-82bc3eea1eb0,0.04,false,false,near_mint,fr,EUR
Innistrad Chasse de Minuit,binder,Augur of Autumn,MID,Innistrad: Midnight Hunt,168,normal,rare,1,63289,6aa98767-ae27-4cf0-98ea-93e659f160f4,0.97,false,false,near_mint,fr,EUR
Innistrad Chasse de Minuit,binder,Winterthorn Blessing,MID,Innistrad: Midnight Hunt,251,normal,uncommon,3,63503,f1e9edd3-151d-4bf6-b491-03db9db32234,0.06,false,false,near_mint,fr,EUR
Innistrad Chasse de Minuit,binder,Wake to Slaughter,MID,Innistrad: Midnight Hunt,250,normal,rare,2,63322,7f02a544-716c-4f09-8ae9-dbfe7ef136d7,0.1,false,false,near_mint,fr,EUR
Innistrad Chasse de Minuit,binder,Vampire Socialite,MID,Innistrad: Midnight Hunt,249,normal,uncommon,1,63500,f07cbf04-2864-4407-800e-4d55c10d3426,0.29,false,false,near_mint,fr,EUR
Innistrad Chasse de Minuit,binder,"Vadrik, Astral Archmage",MID,Innistrad: Midnight Hunt,325,normal,rare,1,63508,f7e4a483-727d-45f4-bf20-47d94d37e0d0,0.19,false,false,near_mint,fr,EUR
Innistrad Chasse de Minuit,binder,"Vadrik, Astral Archmage",MID,Innistrad: Midnight Hunt,248,normal,rare,2,63224,454666bb-f81d-4845-84aa-d6f8f80ce86a,0.31,false,false,near_mint,fr,EUR
Innistrad Chasse de Minuit,binder,Unnatural Moonrise,MID,Innistrad: Midnight Hunt,247,normal,uncommon,2,63422,bfdd9df1-6a3b-4f03-8eca-00ed22c02566,0.17,false,false,near_mint,fr,EUR
Innistrad Chasse de Minuit,binder,"Tovolar, Dire Overlord // Tovolar, the Midnight Scourge",MID,Innistrad: Midnight Hunt,246,normal,rare,1,63514,f953fad3-0cd1-48aa-8ed9-d7d2e293e6e2,0.56,false,false,near_mint,fr,EUR
Innistrad Chasse de Minuit,binder,"Teferi, Who Slows the Sunset",MID,Innistrad: Midnight Hunt,245,normal,mythic,1,63392,ad2e18d4-986c-4a44-8f26-1b8689339cfb,3.51,false,false,near_mint,fr,EUR
Innistrad Chasse de Minuit,binder,Sunrise Cavalier,MID,Innistrad: Midnight Hunt,244,normal,uncommon,1,63212,3d0081b1-40fd-44ad-b154-efe2f27fed6b,0.06,false,false,near_mint,fr,EUR
Innistrad Chasse de Minuit,binder,Storm Skreelix,MID,Innistrad: Midnight Hunt,243,normal,uncommon,2,63292,6c49618f-2e9e-4674-9953-153ccc76cce2,0.05,false,false,near_mint,fr,EUR
Innistrad Chasse de Minuit,binder,"Slogurk, the Overslime",MID,Innistrad: Midnight Hunt,242,normal,rare,2,63513,f94e888b-6eeb-4ef3-ab21-5ed2bf0036a3,0.31,false,false,near_mint,fr,EUR
Innistrad Chasse de Minuit,binder,Siphon Insight,OTC,Outlaws of Thunder Junction Commander,242,normal,rare,2,93545,28a6b23f-a854-469a-9b06-119507dd9d42,0.23,false,false,near_mint,fr,EUR
Innistrad Chasse de Minuit,binder,"Sigarda, Champion of Light",MID,Innistrad: Midnight Hunt,240,normal,mythic,1,63261,5c6cf357-c231-4512-aa9a-ab4a60007136,1.26,false,false,near_mint,fr,EUR
Innistrad Chasse de Minuit,binder,Sacred Fire,MID,Innistrad: Midnight Hunt,239,normal,uncommon,1,63425,c0b1dcd7-6dd9-4134-bc6c-9dc7754006a2,0.13,false,false,near_mint,fr,EUR
Innistrad Chasse de Minuit,binder,Sacred Fire,MID,Innistrad: Midnight Hunt,239,foil,uncommon,1,63425,c0b1dcd7-6dd9-4134-bc6c-9dc7754006a2,0.26,false,false,near_mint,fr,EUR
Innistrad Chasse de Minuit,binder,Rootcoil Creeper,MID,Innistrad: Midnight Hunt,238,normal,uncommon,2,63201,3743cf9c-226f-43a3-b385-375a25414792,0.16,false,false,near_mint,fr,EUR
Innistrad Chasse de Minuit,binder,Rite of Oblivion,MID,Innistrad: Midnight Hunt,237,normal,uncommon,2,63520,fe1f8d52-565e-4900-8357-fd29f2022dc1,0.4,false,false,near_mint,fr,EUR
Innistrad Chasse de Minuit,binder,Rite of Harmony,MID,Innistrad: Midnight Hunt,236,normal,rare,2,63486,eb1a16f9-13d4-4188-8e1e-0f2394349c7a,1.02,false,false,near_mint,fr,EUR
Innistrad Chasse de Minuit,binder,"Rem Karolus, Stalwart Slayer",MID,Innistrad: Midnight Hunt,235,normal,rare,1,63400,b31e307a-9689-4e11-8c5f-96b7a4b50bed,0.27,false,false,near_mint,fr,EUR
Innistrad Chasse de Minuit,binder,Old Stickfingers,MID,Innistrad: Midnight Hunt,234,foil,rare,1,63398,b203be6f-c565-4d8f-b200-b537569a0292,0.59,false,false,near_mint,fr,EUR
Innistrad Chasse de Minuit,binder,"Ludevic, Necrogenius // Olag, Ludevic's Hubris",MID,Innistrad: Midnight Hunt,233,normal,rare,2,63312,788288f6-7944-48f4-91b0-f452e209c9ce,0.24,false,false,near_mint,fr,EUR
Innistrad Chasse de Minuit,binder,"Liesa, Forgotten Archangel",MID,Innistrad: Midnight Hunt,232,normal,rare,1,63242,532fca6b-f788-43f8-b29f-7273e7a48449,1.19,false,false,near_mint,fr,EUR
Innistrad Chasse de Minuit,binder,Kessig Naturalist // Lord of the Ulvenwald,MID,Innistrad: Midnight Hunt,310,normal,uncommon,2,63214,3ee3f0ed-e4ea-483e-bacc-d58bcf9e07b5,0.09,false,false,near_mint,fr,EUR
Innistrad Chasse de Minuit,binder,"Katilda, Dawnhart Prime",MID,Innistrad: Midnight Hunt,230,normal,rare,1,63280,673cd775-d417-4652-a91d-825ad5c89e8a,0.6,false,false,near_mint,fr,EUR
Innistrad Chasse de Minuit,binder,Join the Dance,INR,Innistrad Remastered,242,normal,uncommon,2,102528,4a2d360c-1fad-4425-a1ab-5f713c45c7b3,0.08,false,false,near_mint,fr,EUR
Innistrad Chasse de Minuit,binder,Hungry for More,MID,Innistrad: Midnight Hunt,228,normal,uncommon,1,63441,ce09c0df-d022-4ebf-8f7f-8a913249e75f,0.05,false,false,near_mint,fr,EUR
Innistrad Chasse de Minuit,binder,Hallowed Respite,MID,Innistrad: Midnight Hunt,227,normal,rare,2,63505,f2877523-6321-47e6-8be4-755ec21676c6,0.23,false,false,near_mint,fr,EUR
Innistrad Chasse de Minuit,binder,Grizzly Ghoul,MID,Innistrad: Midnight Hunt,226,normal,uncommon,3,63497,eec421f1-4ee8-4816-ab5c-372e87aae231,0.09,false,false,near_mint,fr,EUR
Innistrad Chasse de Minuit,binder,Galvanic Iteration,MID,Innistrad: Midnight Hunt,224,normal,rare,1,63382,a5f8ee5b-e1f5-4bc8-8ca3-d8308d71f2b9,0.7,false,false,near_mint,fr,EUR
Innistrad Chasse de Minuit,binder,"Florian, Voldaren Scion",MID,Innistrad: Midnight Hunt,223,foil,rare,1,63240,53289e69-74da-46d2-91c2-a11378ba76ef,0.93,false,false,near_mint,fr,EUR
Innistrad Chasse de Minuit,binder,Fleshtaker,MID,Innistrad: Midnight Hunt,222,normal,uncommon,1,63186,2ed8c0ef-2b53-49b5-bc2f-428628cb3975,0.07,false,false,near_mint,fr,EUR
Innistrad Chasse de Minuit,binder,Faithful Mending,MID,Innistrad: Midnight Hunt,221,foil,uncommon,1,63236,50752ca9-ea85-4c4b-9bf5-4f8759a7dcec,2.83,false,false,near_mint,fr,EUR
Innistrad Chasse de Minuit,binder,Faithful Mending,MID,Innistrad: Midnight Hunt,221,normal,uncommon,2,63236,50752ca9-ea85-4c4b-9bf5-4f8759a7dcec,0.91,false,false,near_mint,fr,EUR
Innistrad Chasse de Minuit,binder,Diregraf Rebirth,MID,Innistrad: Midnight Hunt,220,normal,uncommon,1,63405,b51ed1ea-661e-49c6-9751-1eb7bb651bb1,0.17,false,false,near_mint,fr,EUR
Innistrad Chasse de Minuit,binder,Dire-Strain Rampage,MID,Innistrad: Midnight Hunt,219,normal,rare,2,63141,0f4a7c01-95ca-43bf-bc53-875cfb4bffa1,0.18,false,false,near_mint,fr,EUR
Innistrad Chasse de Minuit,binder,Devoted Grafkeeper // Departed Soulkeeper,MID,Innistrad: Midnight Hunt,218,normal,uncommon,2,63352,965e6bd5-dc32-406c-bc99-ceb15be4d3f2,0.06,false,false,near_mint,fr,EUR
Innistrad Chasse de Minuit,binder,"Dennick, Pious Apprentice // Dennick, Pious Apparition",MID,Innistrad: Midnight Hunt,217,normal,rare,2,63193,35cf2d72-931f-47b1-a1b4-916f0383551a,0.57,false,false,near_mint,fr,EUR
Innistrad Chasse de Minuit,binder,Dawnhart Wardens,MID,Innistrad: Midnight Hunt,216,normal,uncommon,1,63320,7eb2f0a7-f3a6-4487-b847-4ef26ad5ecad,0.09,false,false,near_mint,fr,EUR
Innistrad Chasse de Minuit,binder,Dawnhart Wardens,MID,Innistrad: Midnight Hunt,308,normal,uncommon,2,63244,54c410dc-123c-4431-9ccb-3f17e6555d68,0.05,false,false,near_mint,fr,EUR
Innistrad Chasse de Minuit,binder,Croaking Counterpart,MID,Innistrad: Midnight Hunt,215,normal,rare,1,63359,9847b22f-6660-4654-91a9-e0adb8606bab,0.46,false,false,near_mint,fr,EUR
Innistrad Chasse de Minuit,binder,Corpse Cobble,MID,Innistrad: Midnight Hunt,214,normal,uncommon,3,63470,dfe4f48d-179a-47d7-aed6-9751dd2f7d8c,0.09,false,false,near_mint,fr,EUR
Innistrad Chasse de Minuit,binder,Can't Stay Away,MID,Innistrad: Midnight Hunt,213,normal,rare,1,63211,3ccfebf1-add1-4f62-bffa-9023dea5b7c4,0.27,false,false,near_mint,fr,EUR
Innistrad Chasse de Minuit,binder,Bladestitched Skaab,MID,Innistrad: Midnight Hunt,212,normal,uncommon,2,63410,b8a73f77-aab5-47e3-bfc1-97f6374f40fc,0.13,false,false,near_mint,fr,EUR
Innistrad Chasse de Minuit,binder,"Arlinn, the Pack's Hope // Arlinn, the Moon's Fury",MID,Innistrad: Midnight Hunt,211,normal,mythic,1,63238,50d4b0df-a1d8-494f-a019-70ce34161320,3.38,false,false,near_mint,fr,EUR
Innistrad Chasse de Minuit,binder,Arcane Infusion,MID,Innistrad: Midnight Hunt,210,normal,uncommon,2,63363,9ab520b7-ad87-4c8e-a454-5c022e378564,0.07,false,false,near_mint,fr,EUR
Innistrad Chasse de Minuit,binder,Mountain,MID,Innistrad: Midnight Hunt,275,foil,common,1,63315,7a4c0731-555a-4bef-9d9e-b877f0339417,0.58,false,false,near_mint,fr,EUR
Innistrad Chasse de Minuit,binder,Shipwreck Marsh,MID,Innistrad: Midnight Hunt,267,normal,rare,1,63308,7579824a-6e46-442b-95ff-03fea4adbba6,4.21,false,false,near_mint,fr,EUR
Innistrad Chasse de Minuit,binder,Rockfall Vale,MID,Innistrad: Midnight Hunt,266,normal,rare,2,63485,eaff0a1e-b65a-422f-8f9f-65fac037047d,1.51,false,false,near_mint,fr,EUR
Innistrad Chasse de Minuit,binder,Overgrown Farmland,MID,Innistrad: Midnight Hunt,283,normal,rare,1,63379,a46aa097-ad92-4f9a-be52-e4e485a8fe99,3.49,false,false,near_mint,fr,EUR
Innistrad Chasse de Minuit,binder,Overgrown Farmland,MID,Innistrad: Midnight Hunt,265,normal,rare,1,63330,84a76e0f-49fc-4087-8859-98f4a4deacdf,2.35,false,false,near_mint,fr,EUR
Innistrad Chasse de Minuit,binder,Hostile Hostel // Creeping Inn,MID,Innistrad: Midnight Hunt,264,normal,mythic,1,63390,ac83c27f-55d6-4e5a-93a4-febb0c183289,0.76,false,false,near_mint,fr,EUR
Innistrad Chasse de Minuit,binder,Hostile Hostel // Creeping Inn,MID,Innistrad: Midnight Hunt,264,foil,mythic,1,63390,ac83c27f-55d6-4e5a-93a4-febb0c183289,1.38,false,false,near_mint,fr,EUR
Innistrad Chasse de Minuit,binder,Haunted Ridge,MID,Innistrad: Midnight Hunt,282,normal,rare,1,63346,91f67a64-b97d-473a-be9d-c8044ff86605,5.24,false,false,near_mint,fr,EUR
Innistrad Chasse de Minuit,binder,Haunted Ridge,MID,Innistrad: Midnight Hunt,263,normal,rare,1,63397,b200e822-be36-4e59-bd0e-9d0188a68df8,5.27,false,false,near_mint,fr,EUR
Innistrad Chasse de Minuit,binder,Field of Ruin,MID,Innistrad: Midnight Hunt,262,foil,uncommon,1,63452,d510eece-4f55-4198-83fe-5291a76ffdcc,0.5,false,false,near_mint,fr,EUR
Innistrad Chasse de Minuit,binder,Field of Ruin,MID,Innistrad: Midnight Hunt,262,normal,uncommon,1,63452,d510eece-4f55-4198-83fe-5291a76ffdcc,0.27,false,false,near_mint,fr,EUR
Innistrad Chasse de Minuit,binder,Evolving Wilds,VOW,Innistrad: Crimson Vow,263,normal,common,4,64453,e80fe230-745d-42ae-a1f5-a8cc950783d0,0.06,false,false,near_mint,fr,EUR
Innistrad Chasse de Minuit,binder,Deserted Beach,MID,Innistrad: Midnight Hunt,281,normal,rare,1,63423,c092d9c5-538f-4667-9070-bdce7f8b522a,4.38,false,false,near_mint,fr,EUR
Innistrad Chasse de Minuit,binder,Deserted Beach,MID,Innistrad: Midnight Hunt,260,normal,rare,1,63202,38367ee5-154b-44cb-8974-422038d039df,3.67,false,false,near_mint,fr,EUR
Innistrad Chasse de Minuit,binder,Stuffed Bear,MID,Innistrad: Midnight Hunt,259,normal,common,5,63233,4cd40276-016b-475f-906f-74d31dceaf70,0.06,false,false,near_mint,fr,EUR
Innistrad Chasse de Minuit,binder,Silver Bolt,MID,Innistrad: Midnight Hunt,258,normal,common,5,63487,eb2c05a8-db56-4397-9b6c-5accb2d3f81f,0.04,false,false,near_mint,fr,EUR
Innistrad Chasse de Minuit,binder,Pithing Needle,MID,Innistrad: Midnight Hunt,257,normal,rare,2,63247,556ec6ab-a19f-4caa-8bfa-145555402caf,0.52,false,false,near_mint,fr,EUR
Innistrad Chasse de Minuit,binder,Mystic Skull // Mystic Monstrosity,MID,Innistrad: Midnight Hunt,256,normal,uncommon,3,63146,115a9a44-131d-45f3-852a-40fd18e4afb6,0.08,false,false,near_mint,fr,EUR
Innistrad Chasse de Minuit,binder,Moonsilver Key,MID,Innistrad: Midnight Hunt,255,normal,uncommon,1,63333,87778e37-af92-402e-b037-5fbd6112b682,0.68,false,false,near_mint,fr,EUR
Innistrad Chasse de Minuit,binder,Jack-o'-Lantern,MID,Innistrad: Midnight Hunt,254,normal,common,4,63172,21b589ab-45a0-480a-a891-581c34f8a9bf,0.12,false,false,near_mint,fr,EUR
Innistrad Chasse de Minuit,binder,Crossroads Candleguide,MID,Innistrad: Midnight Hunt,253,normal,common,6,63262,5cad1524-9e75-47e0-b817-47110634802a,0.02,false,false,near_mint,fr,EUR
Innistrad Chasse de Minuit,binder,The Celestus,MID,Innistrad: Midnight Hunt,252,foil,rare,1,63206,39226a07-d44e-41a6-b9f1-685ef505d015,1.22,false,false,near_mint,fr,EUR
Innistrad Chasse de Minuit,binder,The Celestus,PMID,Innistrad: Midnight Hunt Promos,252p,normal,rare,1,63827,6f963731-cfa7-4782-a796-754caf9a9523,0.73,false,false,near_mint,fr,EUR
Innistrad Chasse de Minuit,binder,Forest,MID,Innistrad: Midnight Hunt,276,foil,common,1,63393,ad8ff40e-2d40-4557-8209-d2c84eb4ccf2,0.68,false,false,near_mint,fr,EUR
Innistrad Chasse de Minuit,binder,Wrenn and Seven Emblem,TMID,Innistrad: Midnight Hunt Tokens,18,normal,common,1,63906,c62eda69-f0c2-4977-8603-150d5d4bec49,0.45,false,false,near_mint,fr,EUR
Innistrad Chasse de Minuit,binder,Devil,TMID,Innistrad: Midnight Hunt Tokens,6,normal,common,1,63739,14f9c505-a833-4240-83a0-fbd160bdbf0f,0.29,false,false,near_mint,fr,EUR
Innistrad Chasse de Minuit,binder,Ooze,TMID,Innistrad: Midnight Hunt Tokens,10,normal,common,1,63965,faa10292-f358-48c1-a516-9a1eecf62b1d,0.14,false,false,near_mint,fr,EUR
Innistrad Chasse de Minuit,binder,Spider,TMID,Innistrad: Midnight Hunt Tokens,11,normal,common,1,63783,41bee18a-46d6-4f60-9e19-5fc670a20a4d,0.21,false,false,near_mint,fr,EUR
Innistrad Chasse de Minuit,binder,Wolf,TMID,Innistrad: Midnight Hunt Tokens,13,normal,common,1,63769,364e04d9-9a8a-49df-921c-7a9bf62dc731,0.09,false,false,near_mint,fr,EUR
Innistrad Chasse de Minuit,binder,Elemental,TINR,Innistrad Remastered Tokens,13,normal,common,2,102417,0e99650f-a153-4a80-86d8-8fd2c3f19d85,0.23,false,false,near_mint,fr,EUR
Innistrad Chasse de Minuit,binder,Clue,TMID,Innistrad: Midnight Hunt Tokens,16,normal,common,5,63930,d45eca06-2ef2-47ef-a0ab-6766bbd3ab8b,0.07,false,false,near_mint,fr,EUR
Innistrad Chasse de Minuit,binder,"Teferi, Who Slows the Sunset Emblem",TMID,Innistrad: Midnight Hunt Tokens,17,normal,common,2,63874,a970bebc-08e1-4125-a4c5-8883dfd5a5ca,0.88,false,false,near_mint,fr,EUR
Innistrad Chasse de Minuit,binder,Human,TMID,Innistrad: Midnight Hunt Tokens,1,normal,common,2,63891,b7667345-e11b-4cad-ac4c-84eb1c5656c5,0.11,false,false,near_mint,fr,EUR
Innistrad Chasse de Minuit,binder,Bat,TMID,Innistrad: Midnight Hunt Tokens,4,normal,common,4,63948,e5c0f400-41be-488b-be84-b07289b1ef62,0.13,false,false,near_mint,fr,EUR
Innistrad Chasse de Minuit,binder,Vampire,TMID,Innistrad: Midnight Hunt Tokens,14,normal,common,4,63734,0f8fe08d-b469-4471-8a7d-cf75850ba312,0.13,false,false,near_mint,fr,EUR
Innistrad Chasse de Minuit,binder,Beast,TMID,Innistrad: Midnight Hunt Tokens,8,normal,common,2,63959,f55c70b8-0fa5-4d08-9061-f53d6f949908,0.11,false,false,near_mint,fr,EUR
Innistrad Chasse de Minuit,binder,Bird,TMID,Innistrad: Midnight Hunt Tokens,3,normal,common,2,63866,a0f7b2f0-16d3-4db0-a737-c7b8dcb9d5de,0.11,false,false,near_mint,fr,EUR
Innistrad Chasse de Minuit,binder,Zombie,TMID,Innistrad: Midnight Hunt Tokens,15,normal,common,2,63954,eb5fb489-6e46-4359-9c3c-ef1702526e5a,0.21,false,false,near_mint,fr,EUR
Innistrad Chasse de Minuit,binder,Zombie,TMID,Innistrad: Midnight Hunt Tokens,5,normal,common,5,63820,6adb8607-1066-451d-a719-74ad32358278,0.21,false,false,near_mint,fr,EUR
Innistrad Chasse de Minuit,binder,Spirit,TMID,Innistrad: Midnight Hunt Tokens,2,normal,common,2,63912,c865bc02-0562-408c-b18e-0e66da906fc6,0.08,false,false,near_mint,fr,EUR
Innistrad Chasse de Minuit,binder,Treefolk,TMID,Innistrad: Midnight Hunt Tokens,12,normal,common,2,63859,94e4345b-61b1-4026-a01c-c9f2036c5c8a,0.27,false,false,near_mint,fr,EUR
Innistrad Chasse de Minuit,binder,Insect,TMID,Innistrad: Midnight Hunt Tokens,9,normal,common,2,63932,d53e20ee-b43c-45aa-9921-2c6f7ddc27fb,0.16,false,false,near_mint,fr,EUR
Innistrad Chasse de Minuit,binder,Day // Night,TVOW,Innistrad: Crimson Vow Tokens,21,normal,common,9,64435,dc26e13b-7a0f-4e7f-8593-4f22234f4517,0.1,false,false,near_mint,fr,EUR
Innistrad Chasse de Minuit,binder,Sever the Bloodline,INR,Innistrad Remastered,130,normal,uncommon,1,102703,a2d4152d-c128-453c-86f5-f2ebcfd48b98,0.07,false,false,near_mint,fr,EUR
Innistrad Chasse de Minuit,binder,Demonic Taskmaster,INR,Innistrad Remastered,104,normal,uncommon,2,102726,af33e187-b535-49ac-90fa-17a5ed72d920,0.1,false,false,near_mint,fr,EUR
Innistrad Chasse de Minuit,binder,Swamp,INR,Innistrad Remastered,293,normal,common,2,102530,4bc918af-527c-46d7-861d-32e9150ed3df,0.36,false,false,near_mint,fr,EUR
Innistrad Chasse de Minuit,binder,Tower Geist,INR,Innistrad Remastered,93,normal,common,1,102652,88523d44-4469-4685-8f59-dbcf255e7fe0,0.04,false,false,near_mint,fr,EUR
Innistrad Chasse de Minuit,binder,Falkenrath Torturer,INR,Innistrad Remastered,109,normal,common,1,102811,e0e896a7-fd51-4c24-b374-c4eace9ed1a2,0.06,false,false,near_mint,fr,EUR
Innistrad Chasse de Minuit,binder,Epitaph Golem,INR,Innistrad Remastered,262,normal,common,1,102455,202125f5-9182-436f-86df-701cdc7e60ce,0.02,false,false,near_mint,fr,EUR
Innistrad Chasse de Minuit,binder,Eccentric Farmer,INR,Innistrad Remastered,194,normal,common,1,102859,fe2a1718-eae1-4330-b494-c3088b992aae,0.1,false,false,near_mint,fr,EUR
Innistrad Chasse de Minuit,binder,Avacynian Priest,INR,Innistrad Remastered,12,normal,common,1,102759,c119b314-c563-4b6b-8bac-a680e69c6b37,0.05,false,false,near_mint,fr,EUR
Innistrad Chasse de Minuit,binder,Soul-Guide Gryff,INR,Innistrad Remastered,40,normal,common,1,102494,39388258-cf07-4f29-a379-c743ecac680b,0.02,false,false,near_mint,fr,EUR
Innistrad Chasse de Minuit,binder,Conduit of Storms // Conduit of Emrakul,INR,Innistrad Remastered,150,normal,common,1,102710,a60c3aa0-9c6b-4fb2-8ece-b9a02c64c1cf,0.04,false,false,near_mint,fr,EUR
Innistrad Chasse de Minuit,binder,Bloodtithe Harvester,INR,Innistrad Remastered,233,normal,uncommon,1,102723,ae4aec0d-c853-44e6-9f51-cbecf413ea14,0.16,false,false,near_mint,fr,EUR
Innistrad Chasse de Minuit,binder,Pack Guardian,INR,Innistrad Remastered,211,normal,uncommon,2,102569,6265e9fa-3fc3-41c5-9950-cbeaae2e6187,0.05,false,false,near_mint,fr,EUR
Innistrad Chasse de Minuit,binder,Sundown Pass,INR,Innistrad Remastered,286,normal,rare,1,102426,12ca1b4f-3e98-4ad4-93fe-c4c2de09aa58,6.0,false,false,near_mint,fr,EUR
Innistrad Chasse de Minuit,binder,Cryptolith Rite,INR,Innistrad Remastered,189,normal,rare,1,102414,0a4e707f-b760-434d-ba97-a0fe651f3f6a,2.71,false,false,near_mint,fr,EUR
Secret’s Lair,binder,Island,SLD,Secret Lair Drop,2510,foil,rare,1,111146,ec2bacc7-22b2-4f71-b7d7-bb4bb46d6eda,4.67,false,false,near_mint,fr,EUR
Secret’s Lair,binder,Swamp,SLD,Secret Lair Drop,2511,foil,rare,1,111133,89b84af6-8fa6-4224-9f51-0edf48358dcd,4.65,false,false,near_mint,fr,EUR
Secret’s Lair,binder,Forest,SLD,Secret Lair Drop,2513,foil,rare,1,111147,f6e1cd0b-1f50-4a56-b015-269e3a95051d,5.08,false,false,near_mint,fr,EUR
Secret’s Lair,binder,Mountain,SLD,Secret Lair Drop,2512,foil,rare,1,111125,63a9637b-61de-4d77-8c35-b12a075d7faa,4.11,false,false,near_mint,fr,EUR
Secret’s Lair,binder,Plains,SLD,Secret Lair Drop,2509,foil,rare,1,111140,c260e1fd-8de2-41f1-a228-5476dbc56b17,4.74,false,false,near_mint,fr,EUR
Secret’s Lair,binder,Reliquary Tower,SLD,Secret Lair Drop,7104,foil,rare,1,111773,c9e9c8f1-6dbd-4c53-9be2-06f5205c0e3e,8.95,false,false,near_mint,fr,EUR
Land Station,binder,Swamp,M20,Core Set 2020,269,normal,common,2,45191,184a196e-8604-49d2-a66a-6f7c0eafd5de,0.03,false,false,near_mint,fr,EUR
Land Station,binder,Plains,RTR,Return to Ravnica,250,normal,common,1,17172,ac754820-343e-4c01-bcfa-89fa5c8c7e1d,0.07,false,false,near_mint,fr,EUR
Land Station,binder,Plains,KLD,Kaladesh,251,normal,common,1,7392,21e41416-bc0f-4e49-9137-df8572e91ae5,0.04,false,false,near_mint,fr,EUR
Land Station,binder,Plains,XLN,Ixalan,263,normal,common,1,3749,f0f9fda9-50b0-4ce4-b351-cd2b5e6409c8,0.05,false,false,near_mint,fr,EUR
Land Station,binder,Forest,M21,Core Set 2021,273,normal,common,2,50932,a4df3e89-610c-4f42-a93a-e694342307cc,0.04,false,false,near_mint,fr,EUR
Spiderman,binder,Thwip!,SPM,Marvel's Spider-Man,20,foil,common,1,107666,b2dac88e-1204-4640-94ce-e1aff434ea06,0.06,false,false,near_mint,fr,EUR
Spiderman,binder,Strength of Will,SPM,Marvel's Spider-Man,118,foil,rare,1,108529,68f985c7-7765-46c3-ad31-edae3abb9fbf,0.7,false,false,near_mint,fr,EUR
Le commencement,binder,Hulking Metamorph,BRO,The Brothers' War,79,normal,uncommon,1,75415,420f0b81-8b87-4854-9dc4-6da84cc38623,0.17,false,false,near_mint,fr,EUR
Le commencement,binder,Sunbeam Spellbomb,MRD,Mirrodin,250,normal,common,1,29795,d23ffdb7-9f8e-4376-9431-cf1c1814f2c4,0.2,false,false,near_mint,fr,EUR
Le commencement,binder,Neurok Hoversail,MRD,Mirrodin,218,normal,common,1,29827,0fa5790b-5388-4bf9-9caa-44d8cbb64708,0.07,false,false,near_mint,fr,EUR
Le commencement,binder,Nim Shrieker,MRD,Mirrodin,73,normal,common,2,29972,c3a2c39b-b302-4cc3-b507-e4fe00614036,0.05,false,false,near_mint,fr,EUR
Le commencement,binder,Nim Lasher,MRD,Mirrodin,71,normal,common,2,29974,7b66c698-02bd-48ef-a866-5251bdc02c16,0.02,false,false,near_mint,fr,EUR
Le commencement,binder,"Windurst, Federation Center",FIN,Final Fantasy,292,normal,common,1,106649,c74024bd-b383-468d-9cf5-d112a29f6457,0.07,false,false,near_mint,fr,EUR
Le commencement,binder,Thornwood Falls,MOM,March of the Machine,274,normal,common,1,80479,f1b753e2-6e53-4ed1-9be4-66f8eb005a11,0.08,false,false,near_mint,fr,EUR
Le commencement,binder,Dismal Backwater,MOM,March of the Machine,269,normal,common,1,80439,33cd4f63-3484-4cee-8603-1f89cabee6c3,0.06,false,false,near_mint,fr,EUR
Le commencement,binder,Hidden Nursery,LCI,The Lost Caverns of Ixalan,276,normal,common,1,88788,a942939a-c06e-4b90-a404-ae5acfffcff9,0.07,false,false,near_mint,fr,EUR
Le commencement,binder,Hidden Cataract,LCI,The Lost Caverns of Ixalan,273,normal,common,1,88567,69f317fc-f603-45b5-9208-545be4dcbf36,0.07,false,false,near_mint,fr,EUR
Le commencement,binder,Python,POR,Portal,105,normal,common,1,37450,82c552a1-6245-4caf-8249-765ce7ea80d2,0.13,false,false,near_mint,fr,EUR
Le commencement,binder,Barbed-Back Wurm,MIR,Mirage,105,normal,uncommon,1,38485,1b96810d-72d3-4dee-a29f-cdf85ea5ce6f,0.26,false,false,near_mint,fr,EUR
Le commencement,binder,Breathstealer,MIR,Mirage,109,normal,common,1,38481,0cd9da69-5e57-4719-a712-630c9464fada,0.03,false,false,near_mint,fr,EUR
Le commencement,binder,Black Cat,DKA,Dark Ascension,54,normal,common,2,18483,bb1c6379-69d5-48aa-8d06-257c0592794e,0.09,false,false,near_mint,fr,EUR
Le commencement,binder,Psychotic Episode,TSP,Time Spiral,126,normal,common,1,26774,5e61fbcd-b673-4d1d-bc38-a791a56a9aac,0.09,false,false,near_mint,fr,EUR
Le commencement,binder,Assassinate,TSP,Time Spiral,95,normal,common,1,26805,40b67839-622d-41c1-b9c7-1a26b021ec78,0.05,false,false,near_mint,fr,EUR
Le commencement,binder,Macabre Waltz,SOI,Shadows over Innistrad,121,normal,common,1,8875,a6ec8571-690e-405f-89d5-b7cc99e8ee63,0.14,false,false,near_mint,fr,EUR
Le commencement,binder,Rancid Rats,SOI,Shadows over Innistrad,130,normal,common,1,8866,336e0a75-8104-4e88-aad0-af7ac3efc115,0.2,false,false,near_mint,fr,EUR
Le commencement,binder,Evolving Wilds,INR,Innistrad Remastered,278,normal,common,1,102813,e3056678-4ef0-4847-af08-df218ef5fb2b,0.13,false,false,near_mint,fr,EUR
Innistrad Chasse de Minuit,binder,Avacynian Priest,INR,Innistrad Remastered,12,foil,common,1,102759,c119b314-c563-4b6b-8bac-a680e69c6b37,0.07,false,false,near_mint,fr,EUR
Innistrad Chasse de Minuit,binder,Blood Mist,INR,Innistrad Remastered,143,normal,uncommon,1,102473,2c01ef93-f41a-406f-91fc-f015b6014575,0.14,false,false,near_mint,fr,EUR
Innistrad Chasse de Minuit,binder,Galvanic Iteration,INR,Innistrad Remastered,236,normal,rare,1,102604,72531705-82f4-4254-82b2-c0b6098f4dbe,0.38,false,false,near_mint,fr,EUR
Innistrad Chasse de Minuit,binder,Mist Raven,INR,Innistrad Remastered,76,normal,uncommon,1,102548,557b7e56-36f7-489c-a0fe-039c463f8bc5,0.03,false,false,near_mint,fr,EUR
Innistrad Chasse de Minuit,binder,Cryptolith Fragment // Aurora of Emrakul,INR,Innistrad Remastered,260,normal,uncommon,1,102465,262b7b55-0b32-4c4f-a2ca-02f0b83fa7a2,0.25,false,false,near_mint,fr,EUR
Innistrad Chasse de Minuit,binder,Midnight Scavengers,INR,Innistrad Remastered,123,normal,common,1,101886,bc079c81-85e8-4a0d-83fe-533c4feaa343,0.06,false,false,near_mint,fr,EUR
Innistrad Chasse de Minuit,binder,It of the Horrid Swarm,INR,Innistrad Remastered,6,normal,common,1,101885,ba983caf-72b4-419e-84dc-1ad0215a865c,0.04,false,false,near_mint,fr,EUR
Innistrad Chasse de Minuit,binder,Village Rites,INR,Innistrad Remastered,137,normal,common,1,102519,42ed35e9-51cd-468a-86a9-9412553cf50d,0.28,false,false,near_mint,fr,EUR
Innistrad Chasse de Minuit,binder,Silent Departure,INR,Innistrad Remastered,84,normal,common,1,102532,4d1552e7-20b2-42b0-af47-6618ab163115,0.04,false,false,near_mint,fr,EUR
Innistrad Chasse de Minuit,binder,Drogskol Shieldmate,INR,Innistrad Remastered,20,normal,common,1,102752,ba94ea90-66e5-4fd2-80fd-4baec5f8a1e4,0.06,false,false,near_mint,fr,EUR
Innistrad Chasse de Minuit,binder,Bramble Wurm,INR,Innistrad Remastered,187,normal,common,1,102631,7ed00113-a0d7-4825-b066-f911a1ffb900,0.08,false,false,near_mint,fr,EUR
Innistrad Chasse de Minuit,binder,Blood,TINR,Innistrad Remastered Tokens,21,normal,common,1,102673,92a3afe7-bd9f-43f9-adc3-4819e60dc7a5,0.2,false,false,near_mint,fr,EUR
Innistrad Chasse de Minuit,binder,Zombie,TINR,Innistrad Remastered Tokens,10,normal,common,1,102819,e6474e0d-a3ca-439f-b9b8-82022c59ff14,0.24,false,false,near_mint,fr,EUR
Innistrad Chasse de Minuit,binder,Island,INR,Innistrad Remastered,291,foil,common,1,102537,4f8d16ec-cba6-43b7-be97-5ab184941e29,0.38,false,false,near_mint,fr,EUR
Innistrad Chasse de Minuit,binder,Grapple with the Past,INR,Innistrad Remastered,199,foil,common,1,102405,06e0c180-2275-461a-86e7-8ccdc5f47938,0.09,false,false,near_mint,fr,EUR
Innistrad Chasse de Minuit,binder,Killing Wave,INR,Innistrad Remastered,121,normal,uncommon,1,102794,d412f946-9063-49da-adb8-1248b828b286,0.2,false,false,near_mint,fr,EUR
Innistrad Chasse de Minuit,binder,Huntmaster of the Fells // Ravager of the Fells,INR,Innistrad Remastered,241,normal,rare,1,101884,b3819a11-2f3e-4304-a1b0-6abf893c89c5,0.36,false,false,near_mint,fr,EUR
Innistrad Chasse de Minuit,binder,Distended Mindbender,INR,Innistrad Remastered,3,normal,rare,1,102627,7c1980d6-1daa-44f0-a6b5-0458d84894db,0.17,false,false,near_mint,fr,EUR
Innistrad Chasse de Minuit,binder,Indulgent Aristocrat,INR,Innistrad Remastered,118,normal,uncommon,1,102407,07015524-874f-4856-a5c1-3148bd126886,0.2,false,false,near_mint,fr,EUR
Innistrad Chasse de Minuit,binder,Furyblade Vampire,INR,Innistrad Remastered,155,normal,uncommon,1,102683,95a38a53-d83a-4df7-8caa-40995b0c4235,0.15,false,false,near_mint,fr,EUR
Innistrad Chasse de Minuit,binder,Intangible Virtue,INR,Innistrad Remastered,29,normal,uncommon,1,102600,716d82a1-fb5d-4607-b1fa-e8e9edd4dd77,0.11,false,false,near_mint,fr,EUR
Innistrad Chasse de Minuit,binder,Think Twice,TDC,Tarkir: Dragonstorm Commander,168,normal,common,1,104967,ce79538b-20a4-42f8-934f-bc4e2723133e,0.06,false,false,near_mint,fr,EUR
Innistrad Chasse de Minuit,binder,Grapple with the Past,TDC,Tarkir: Dragonstorm Commander,257,normal,common,1,104743,76c25c9a-245b-41c7-a75d-8061eb231389,0.07,false,false,near_mint,fr,EUR
Innistrad Chasse de Minuit,binder,Faithless Looting,TDC,Tarkir: Dragonstorm Commander,213,normal,common,1,104933,c43aeb5a-8bdc-4aa9-89d1-156f97ac38aa,0.53,false,false,near_mint,fr,EUR
Innistrad Chasse de Minuit,binder,Crawl from the Cellar,INR,Innistrad Remastered,102,normal,common,1,102619,79563dd1-640c-4ebd-a347-0b71439b79d3,0.08,false,false,near_mint,fr,EUR
Innistrad Chasse de Minuit,binder,Battleground Geist,INR,Innistrad Remastered,53,normal,common,1,102484,3507e285-fabb-45e3-af4c-52032558cf03,0.02,false,false,near_mint,fr,EUR
Innistrad Chasse de Minuit,binder,Plains,VOW,Innistrad: Crimson Vow,268,normal,common,1,64439,deabdaa1-6227-48e4-82d5-63a1771320b2,0.28,false,false,near_mint,fr,EUR
Innistrad Chasse de Minuit,binder,Old Rutstein,VOW,Innistrad: Crimson Vow,244,normal,rare,1,64240,625b8023-2ef1-4b7b-9e48-4f774fee14e0,0.54,false,false,near_mint,fr,EUR
Innistrad Chasse de Minuit,binder,Innocent Traveler // Malicious Invader,VOW,Innistrad: Crimson Vow,121,normal,uncommon,1,64100,13a5e5fd-a67a-4c0e-97ae-923bdbc1be20,0.08,false,false,near_mint,fr,EUR
Innistrad Chasse de Minuit,binder,Arm the Cathars,VOW,Innistrad: Crimson Vow,3,normal,uncommon,1,64121,2004a20c-e434-4691-8ef2-740846ce6a51,0.07,false,false,near_mint,fr,EUR
Innistrad Chasse de Minuit,binder,Parasitic Grasp,VOW,Innistrad: Crimson Vow,123,normal,uncommon,1,64070,0713adf7-1770-4d5b-80f7-d6cbd24f7890,0.05,false,false,near_mint,fr,EUR
Innistrad Chasse de Minuit,binder,Ceremonial Knife,VOW,Innistrad: Crimson Vow,254,normal,common,1,64335,9ccb4b1e-ef8f-4c5f-8b5b-6148455442f7,0.1,false,false,near_mint,fr,EUR
Innistrad Chasse de Minuit,binder,Bloodcrazed Socialite,VOW,Innistrad: Crimson Vow,288,normal,common,1,64338,9df22639-7e98-43a1-801e-cbf882558c53,0.08,false,false,near_mint,fr,EUR
Innistrad Chasse de Minuit,binder,Wretched Throng,INR,Innistrad Remastered,94,normal,common,1,102713,a8ecbf3e-24ea-4bce-b97b-7f96668f2e14,0.03,false,false,near_mint,fr,EUR
Innistrad Chasse de Minuit,binder,Witch's Web,VOW,Innistrad: Crimson Vow,227,normal,common,1,64088,0d021207-76be-4bc9-bb71-df991a04d8d8,0.04,false,false,near_mint,fr,EUR
Innistrad Chasse de Minuit,binder,Ancestral Anger,INR,Innistrad Remastered,141,normal,common,1,102837,eeaca66d-23bd-4e8f-8d4a-c5864dd447be,0.12,false,false,near_mint,fr,EUR
Innistrad Chasse de Minuit,binder,Nebelgast Beguiler,VOW,Innistrad: Crimson Vow,25,normal,common,1,64065,04c68dbd-e61b-49a7-aa17-da6b26c9fd29,0.03,false,false,near_mint,fr,EUR
Innistrad Chasse de Minuit,binder,Aim for the Head,VOW,Innistrad: Crimson Vow,92,normal,common,1,64096,1174e8e1-2e8e-4070-9871-7d5d93e0dd56,0.04,false,false,near_mint,fr,EUR
Innistrad Chasse de Minuit,binder,Selhoff Entomber,VOW,Innistrad: Crimson Vow,76,normal,common,1,64482,f8805db2-5a26-43cf-9b74-f882c283e5e4,0.16,false,false,near_mint,fr,EUR
Innistrad Chasse de Minuit,binder,Spore Crawler,INR,Innistrad Remastered,218,normal,common,1,102702,a2a37c40-6d33-4e32-ab7b-4a7c2d10b757,0.05,false,false,near_mint,fr,EUR
Innistrad Chasse de Minuit,binder,"Tamiyo, Field Researcher Emblem",TINR,Innistrad Remastered Tokens,26,normal,common,1,102809,e01bb7a6-0aec-4c70-bb8c-05b3ad904944,0.32,false,false,near_mint,fr,EUR
Innistrad Chasse de Minuit,binder,Human Soldier,TINR,Innistrad Remastered Tokens,20,normal,common,1,102814,e35e232f-e98b-49c7-a68c-d8e3339e90b5,0.32,false,false,near_mint,fr,EUR
Innistrad Chasse de Minuit,binder,Cackling Counterpart,INR,Innistrad Remastered,55,normal,uncommon,1,101882,a865fdc5-955a-4c4a-90c0-342c15fd7bbc,0.17,false,false,near_mint,fr,EUR
Innistrad Chasse de Minuit,binder,Borrowed Hostility,INR,Innistrad Remastered,146,normal,common,1,101870,64185203-9d47-4d67-b433-1c4b09816a35,0.07,false,false,near_mint,fr,EUR
Innistrad Chasse de Minuit,binder,Metallic Mimic,INR,Innistrad Remastered,268,normal,rare,1,102689,9ad98263-9fe6-4766-a9fb-4776e570c250,1.8,false,false,near_mint,fr,EUR
Innistrad Chasse de Minuit,binder,Lightning Mauler,INR,Innistrad Remastered,163,normal,uncommon,1,102829,ea45c4fe-6e39-4c5f-b7f0-233dee1eff90,0.1,false,false,near_mint,fr,EUR
Innistrad Chasse de Minuit,binder,Galvanic Juggernaut,INR,Innistrad Remastered,263,normal,uncommon,1,102693,9cc1c735-22ad-4714-84e7-253df00941fa,0.05,false,false,near_mint,fr,EUR
Innistrad Chasse de Minuit,binder,Smoldering Werewolf // Erupting Dreadwolf,INR,Innistrad Remastered,171,normal,uncommon,1,102820,e724d16c-d44b-4b8f-9616-64923e2cdeb2,0.11,false,false,near_mint,fr,EUR
Innistrad Chasse de Minuit,binder,Village Messenger // Moonrise Intruder,INR,Innistrad Remastered,179,normal,common,1,102663,8bdc98cd-d03a-4c24-8642-b9ffb1f144c6,0.11,false,false,near_mint,fr,EUR
Innistrad Chasse de Minuit,binder,Wild-Field Scarecrow,INR,Innistrad Remastered,274,normal,common,1,102429,13629238-f907-47b7-bdba-164e38c7b6d2,0.05,false,false,near_mint,fr,EUR
Innistrad Chasse de Minuit,binder,Hungry Ridgewolf,INR,Innistrad Remastered,160,normal,common,1,102611,770fc080-ac42-4a5a-846f-6e49b4aaf4ba,0.09,false,false,near_mint,fr,EUR
Innistrad Chasse de Minuit,binder,Sanitarium Skeleton,INR,Innistrad Remastered,129,normal,common,1,102424,119020b3-9d26-4153-b7b9-28375f7fa915,0.04,false,false,near_mint,fr,EUR
Innistrad Chasse de Minuit,binder,Stitched Mangler,INR,Innistrad Remastered,87,normal,common,1,102825,e90cb0f1-d6fa-4a73-83bb-8870e59b1d7d,0.06,false,false,near_mint,fr,EUR
Innistrad Chasse de Minuit,binder,Strength of Arms,INR,Innistrad Remastered,42,normal,common,1,102698,a08fb8ec-6890-48f9-97db-0584a9a77578,0.02,false,false,near_mint,fr,EUR
Innistrad Chasse de Minuit,binder,Aim High,INR,Innistrad Remastered,185,normal,common,1,102732,b28dbf2c-9bfe-42be-be55-1e7fb523df36,0.08,false,false,near_mint,fr,EUR
Innistrad Chasse de Minuit,binder,Grizzly Ghoul,INR,Innistrad Remastered,240,foil,uncommon,1,102462,2581106f-13fc-4b47-8a91-aa74c4f46ecd,0.1,false,false,near_mint,fr,EUR
Innistrad Chasse de Minuit,binder,Young Wolf,INR,Innistrad Remastered,227,normal,common,1,101891,ed2ca825-b029-495f-83fc-54366229d417,0.22,false,false,near_mint,fr,EUR
Innistrad Chasse de Minuit,binder,Traverse the Ulvenwald,INR,Innistrad Remastered,221,normal,rare,1,102613,77b459cb-994c-430d-b0a6-59a8dd20adbd,0.65,false,false,near_mint,fr,EUR
Innistrad Chasse de Minuit,binder,Travel Preparations,INR,Innistrad Remastered,220,normal,uncommon,1,102515,41190fb8-f5d5-4a8b-bdc8-a4516e7075b5,0.09,false,false,near_mint,fr,EUR
Innistrad Chasse de Minuit,binder,Cobbled Lancer,INR,Innistrad Remastered,56,normal,uncommon,1,102719,ad933b4d-e1e7-49cc-aa18-8eee2ec8c8a5,0.09,false,false,near_mint,fr,EUR
Innistrad Chasse de Minuit,binder,Butcher's Cleaver,INR,Innistrad Remastered,256,normal,uncommon,1,102505,3c55bce1-8746-4554-9876-f443c37a125b,0.07,false,false,near_mint,fr,EUR
Innistrad Chasse de Minuit,binder,Harvest Hand // Scrounged Scythe,INR,Innistrad Remastered,265,normal,common,1,102596,6f29b655-f70f-4b30-9253-c7944bfee524,0.04,false,false,near_mint,fr,EUR
Innistrad Chasse de Minuit,binder,Evolving Wilds,INR,Innistrad Remastered,278,normal,common,1,102813,e3056678-4ef0-4847-af08-df218ef5fb2b,0.13,false,false,near_mint,fr,EUR
Innistrad Chasse de Minuit,binder,Lunarch Mantle,INR,Innistrad Remastered,31,normal,common,1,102636,8092b454-4c74-439b-9c74-5d90b29c4e9d,0.04,false,false,near_mint,fr,EUR
Innistrad Chasse de Minuit,binder,Moldgraf Millipede,INR,Innistrad Remastered,208,normal,common,1,102499,3a163ec7-4c9a-4d45-965c-e5ddeb07a3e0,0.08,false,false,near_mint,fr,EUR
Innistrad Chasse de Minuit,binder,Siege Zombie,INR,Innistrad Remastered,131,normal,common,1,102678,950e6466-dfd2-4ed6-83ba-be02fe612093,0.08,false,false,near_mint,fr,EUR
Innistrad Chasse de Minuit,binder,Imprisoned in the Moon,INR,Innistrad Remastered,69,normal,common,1,102416,0d150547-09f5-45ce-a825-89944b066bd4,0.17,false,false,near_mint,fr,EUR
Innistrad Chasse de Minuit,binder,Forest,VOW,Innistrad: Crimson Vow,276,normal,common,1,64445,e4c83b60-3d49-4fdc-a6b7-06d1a0c4a126,0.26,false,false,near_mint,fr,EUR
Innistrad Chasse de Minuit,binder,Sorin the Mirthless,VOW,Innistrad: Crimson Vow,131,normal,mythic,1,64415,cc7ff5f4-a7cc-41a1-a22b-8cf67ad18707,3.07,false,false,near_mint,fr,EUR
Innistrad Chasse de Minuit,binder,Mischievous Catgeist // Catlike Curiosity,VOW,Innistrad: Crimson Vow,69,normal,uncommon,1,64353,a3ff628a-ef8e-45c4-84e7-a33ec28f025a,0.09,false,false,near_mint,fr,EUR
Innistrad Chasse de Minuit,binder,Circle of Confinement,VOW,Innistrad: Crimson Vow,7,normal,uncommon,1,64099,13031fb6-9d5a-4add-9a86-28b2a9373fd2,0.08,false,false,near_mint,fr,EUR
Innistrad Chasse de Minuit,binder,Honeymoon Hearse,INR,Innistrad Remastered,159,normal,uncommon,1,102516,41867811-cc23-4841-bb85-2c0146e509fc,0.12,false,false,near_mint,fr,EUR
Innistrad Chasse de Minuit,binder,Weaver of Blossoms // Blossom-Clad Werewolf,VOW,Innistrad: Crimson Vow,226,normal,common,1,64271,73bf2a0a-b97d-4b90-abd6-d1755734ea15,0.07,false,false,near_mint,fr,EUR
Innistrad Chasse de Minuit,binder,Mindleech Ghoul,VOW,Innistrad: Crimson Vow,122,normal,common,1,64474,f5c4e00d-128a-4ddb-9e1b-3ee93121b262,0.05,false,false,near_mint,fr,EUR
Innistrad Chasse de Minuit,binder,Steelclad Spirit,VOW,Innistrad: Crimson Vow,80,normal,common,1,64222,55fb1426-5a6f-48dd-938b-c64b1a28ee59,0.02,false,false,near_mint,fr,EUR
Innistrad Chasse de Minuit,binder,Piercing Light,VOW,Innistrad: Crimson Vow,30,normal,common,1,64219,54cc4e2b-1497-4788-afb4-9e42b7683b5a,0.04,false,false,near_mint,fr,EUR
Innistrad Chasse de Minuit,binder,Lacerate Flesh,VOW,Innistrad: Crimson Vow,166,normal,common,1,64410,c7e0c0dc-2d35-4e5a-81da-dd5f35b8e579,0.05,false,false,near_mint,fr,EUR
Innistrad Chasse de Minuit,binder,Crushing Canopy,VOW,Innistrad: Crimson Vow,194,normal,common,1,64457,eae67d98-5167-442b-8586-0b2bcb0c56eb,0.04,false,false,near_mint,fr,EUR
Innistrad Chasse de Minuit,binder,Bleed Dry,VOW,Innistrad: Crimson Vow,94,normal,common,1,64164,3db65755-f104-4de9-bcc9-0a4a7bc66b51,0.12,false,false,near_mint,fr,EUR
Innistrad Chasse de Minuit,binder,Chill of the Grave,VOW,Innistrad: Crimson Vow,51,normal,common,1,64235,60222e91-a688-4113-a8c2-ab08f52bb6e1,0.04,false,false,near_mint,fr,EUR
Innistrad Chasse de Minuit,binder,Estwald Shieldbasher,VOW,Innistrad: Crimson Vow,11,normal,common,1,64239,61c7d889-8cc0-4e80-b6d5-d41961820224,0.1,false,false,near_mint,fr,EUR
Innistrad Chasse de Minuit,binder,Blood Servitor,VOW,Innistrad: Crimson Vow,252,normal,common,1,64298,87845cc2-bf5d-491d-bfa2-b33b034557a4,0.05,false,false,near_mint,fr,EUR
Innistrad Chasse de Minuit,binder,Persistent Specimen,VOW,Innistrad: Crimson Vow,125,normal,common,1,64478,f7baf973-3202-4fea-8861-a4a5ec228640,0.1,false,false,near_mint,fr,EUR
Innistrad Chasse de Minuit,binder,Gluttonous Guest,VOW,Innistrad: Crimson Vow,292,normal,common,1,64260,6d6abfce-ffe0-4506-89f9-41c2820b188f,0.1,false,false,near_mint,fr,EUR
Innistrad Chasse de Minuit,binder,Gluttonous Guest,VOW,Innistrad: Crimson Vow,114,normal,common,2,64110,18c07288-1c71-4e71-bdf5-910eb583a1d8,0.02,false,false,near_mint,fr,EUR
Innistrad Chasse de Minuit,binder,Desperate Farmer // Depraved Harvester,INR,Innistrad Remastered,105,normal,common,2,102418,0ec488de-fded-4df9-97ed-ba46cbacfdbf,0.08,false,false,near_mint,fr,EUR
Innistrad Chasse de Minuit,binder,Forest,INR,Innistrad Remastered,297,normal,common,2,102625,7afdc917-ec37-4e03-853f-36cfe90053d9,0.32,false,false,near_mint,fr,EUR
Innistrad Chasse de Minuit,binder,Spirit,TVOW,Innistrad: Crimson Vow Tokens,2,normal,common,1,64673,6bee4081-5d74-4cc2-ba2f-887bc8799513,0.1,false,false,near_mint,fr,EUR